MES=F_Close,MES=F_High,MES=F_Low,MES=F_Open,MES=F_Volume,MNQ=F_Close,MNQ=F_High,MNQ=F_Low,MNQ=F_Open,MNQ=F_Volume,RSI_MES=F,SMA20_MES=F,Return_MES=F,RSI_MNQ=F,SMA20_MNQ=F,Return_MNQ=F,Spread_MES=F_MNQ=F
2752.5,2791.0,2750.0,2790.0,327277,7133.5,7256.0,7129.5,7253.5,201659,27.18935735065655,2850.3125,-0.013617631248880158,25.834599041690012,7469.225,-0.016780951724613247,-4381.0
2749.5,2763.75,2728.75,2742.25,416559,6993.75,7132.5,6940.5,7114.75,269577,26.844734435457156,2840.4125,-0.0010899182561308063,21.854957737293148,7425.6625,-0.019590663769538108,-4244.25
2805.0,2807.0,2744.0,2753.0,266160,7179.25,7187.25,6981.5,7008.25,204238,41.59369333351659,2834.0375,0.020185488270594742,35.95722994047678,7394.45,0.026523681858802606,-4374.25
2827.75,2829.75,2800.75,2805.75,308867,7228.5,7245.25,7150.0,7188.25,195056,46.36701643693903,2830.8875,0.008110516934046297,39.099582688826146,7372.175,0.0068600480551590515,-4400.75
2845.75,2853.25,2812.75,2823.25,260902,7282.25,7299.5,7180.75,7220.5,153720,49.85868186035251,2828.8125,0.0063654849261780555,42.42014989446734,7353.9125,0.00743584422770982,-4436.5
2875.0,2886.25,2837.75,2840.75,230882,7419.5,7452.5,7258.0,7265.5,168532,54.98701816087414,2828.925,0.010278485460774922,49.92784844975267,7345.125,0.018847196951491618,-4544.5
2889.25,2905.75,2880.5,2891.0,166943,7515.5,7578.25,7431.5,7461.25,160173,57.27942410696297,2829.0375,0.004956521739130526,54.4058945425374,7340.3875,0.012938877282835826,-4626.25
2887.0,2911.5,2879.25,2890.0,224585,7518.25,7601.0,7492.5,7516.0,145223,56.78765637796033,2833.0375,-0.000778748810244867,54.53133875170247,7350.5625,0.0003659104517330647,-4631.25
2881.0,2890.75,2875.25,2886.0,170033,7473.25,7531.0,7461.0,7519.0,109633,55.421215501811005,2835.125,-0.0020782819535850594,52.00965624773607,7353.175,-0.005985435440428288,-4592.25
2894.5,2896.5,2867.5,2881.75,200890,7522.75,7536.0,7421.5,7477.0,114951,57.87717708505573,2837.1,0.004685872960777493,54.50203252994391,7352.85,0.0066236242598600725,-4628.25
2890.5,2898.75,2880.5,2893.25,82327,7478.25,7521.0,7451.75,7509.75,59373,56.877307671599844,2837.7,-0.0013819312489203872,51.89283681121792,7346.75,-0.005915389983716102,-4587.75
2892.0,2900.5,2887.5,2890.5,19085,7534.25,7550.75,7480.75,7483.75,17664,57.17607859346936,2839.2,0.0005189413596262682,54.823837971752326,7347.8875,0.0074883829773009225,-4642.25
2921.75,2931.75,2884.5,2894.0,18230,7645.25,7693.0,7515.5,7537.5,20376,62.696391531096054,2843.0875,0.010286998616874099,60.02302887518115,7360.5625,0.01473272057603614,-4723.5
2929.0,2932.25,2910.75,2921.25,14448,7674.25,7686.25,7600.25,7643.0,9938,63.91710669255398,2846.2375,0.002481389578163684,61.27690937070561,7371.075,0.003793204931166416,-4745.25
2955.75,2959.75,2923.25,2927.75,10647,7745.25,7792.75,7665.5,7669.5,8433,68.06900247511953,2851.15,0.009132809832707478,64.23461028900985,7386.8375,0.009251718408965104,-4789.5
2953.89990234375,2956.75,2944.0,2952.25,220993,7723.60986328125,7743.0,7702.75,7731.75,187707,67.49058179545827,2857.8699951171875,-0.0006259317114944984,62.66357568424513,7407.467993164062,-0.002793988149995208,-4769.7099609375
2952.0,2961.5,2944.75,2948.25,160580,7758.75,7794.0,7716.75,7744.0,101019,66.86223898585718,2863.8824951171873,-0.0006431844025055478,64.19497608279664,7429.6304931640625,0.004549703744852529,-4806.75
2922.0,2958.25,2919.75,2951.25,249219,7628.75,7779.75,7609.5,7754.75,184586,57.72359955332968,2869.7324951171877,-0.010162601626016232,55.1782559409234,7446.305493164063,-0.016755276300950528,-4706.75
2918.0,2939.0,2914.5,2922.5,193670,7650.0,7719.0,7616.0,7635.5,158386,56.61254163214692,2876.6324951171873,-0.001368925393566034,56.259761998435565,7468.0054931640625,0.0027855153203342198,-4732.0
2931.0,2936.0,2915.0,2916.0,181879,7690.5,7716.75,7642.0,7642.0,121969,59.350970830730276,2883.6574951171874,0.0044551062371487316,58.323761064019145,7489.767993164062,0.0052941176470588935,-4759.5
2944.25,2955.25,2929.75,2933.75,167475,7693.75,7726.0,7664.25,7686.5,128473,61.984596920840325,2893.2449951171875,0.004520641419310856,58.49302423283195,7517.780493164062,0.00042259931083798996,-4749.5
2967.75,2982.25,2955.5,2964.0,206810,7790.0,7850.25,7750.25,7750.25,170785,66.17090327940068,2904.1574951171874,0.00798165916617144,63.25293359153836,7557.592993164062,0.012510154346060176,-4822.25
2979.5,2980.25,2958.5,2967.75,191244,7838.25,7843.25,7762.75,7794.5,135661,68.06455072194038,2912.8824951171873,0.003959228371662071,65.39530089416377,7590.542993164063,0.006193838254171968,-4858.75
3000.25,3001.0,2973.75,2979.25,122088,7887.5,7893.0,7824.75,7842.5,88853,71.1371943117052,2921.5074951171873,0.006964255747608616,67.47942273003588,7623.492993164063,0.006283290275252762,-4887.25
2990.5,3005.5,2971.5,3000.0,208873,7851.5,7909.25,7797.0,7888.5,176026,67.83455362715087,2928.7449951171875,-0.003249729189234274,64.42503854163292,7651.955493164062,-0.004564183835182201,-4861.0
2978.5,2994.75,2973.25,2991.25,183018,7801.0,7864.25,7777.75,7855.0,126114,63.902292528391904,2933.9199951171877,-0.0040127069051998365,60.301642883152034,7671.030493164062,-0.006431891995160144,-4822.5
2982.0,2986.25,2963.5,2978.25,174556,7845.25,7858.75,7743.25,7802.0,176786,64.54780696919885,2938.5574951171875,0.001175088131609936,62.562699454750174,7687.517993164062,0.005672349698756518,-4863.25
2997.5,3007.5,2971.25,2982.25,242428,7928.75,7949.5,7811.5,7847.5,240034,67.33376021626913,2944.0824951171876,0.005197853789403073,66.44632117453345,7708.042993164063,0.010643382938720913,-4931.25
3004.0,3006.75,2992.5,2996.25,209744,7918.75,7963.25,7894.25,7924.75,242410,68.45332854262654,2950.2324951171877,0.00216847372810669,65.56905870052651,7730.3179931640625,-0.0012612328551159235,-4914.75
3015.5,3017.75,3002.0,3003.0,142816,7960.0,7967.75,7912.0,7915.75,167822,70.3870850330455,2956.2824951171874,0.0038282290279627595,67.476555351604,7752.180493164063,0.0052091554853985755,-4944.5
3017.25,3024.0,3011.0,3016.0,132130,7986.75,7992.0,7941.25,7956.25,156861,70.68160404782878,2962.6199951171875,0.0005803349361630517,68.6880178257581,7777.605493164063,0.003360552763819191,-4969.5
3007.0,3021.75,3004.25,3017.0,165821,7942.75,8001.5,7924.0,7983.25,190916,66.5092176692877,2968.3699951171875,-0.0033971331510481706,64.43636278279247,7798.030493164062,-0.005509124487432349,-4935.75
2985.0,3013.0,2980.5,3005.75,167007,7885.5,7966.5,7868.25,7937.5,189309,58.523856596290805,2971.5324951171874,-0.0073162620552045254,59.29364509111853,7810.042993164063,-0.007207831040886292,-4900.5
2997.5,3005.5,2974.5,2981.25,229943,7933.5,7954.75,7833.0,7868.0,260130,61.36239596500143,2974.9574951171876,0.0041876046901172526,62.02988403507798,7823.0054931640625,0.006087121932661255,-4936.0
2977.0,3009.75,2969.25,3003.5,262655,7842.75,7980.5,7815.0,7950.0,271517,54.7452389252799,2976.0199951171876,-0.006839032527105937,54.56238416474697,7827.8804931640625,-0.011438835318585694,-4865.75
2989.0,2993.5,2972.25,2973.75,186865,7924.75,7936.25,7825.5,7826.75,220798,57.62583493720073,2977.775,0.004030903594222313,59.327043931812014,7837.9375,0.010455516241114404,-4935.75
3008.0,3008.75,2987.5,2989.0,209110,7983.75,7985.75,7908.25,7928.0,234497,61.77467164269296,2980.575,0.00635664101706257,62.38349627716775,7849.1875,0.007445029811665949,-4975.75
3021.5,3022.0,2996.0,3003.25,194065,8038.0,8051.75,7925.75,7945.0,200968,64.43886449409189,2985.55,0.004488031914893664,64.98876059118345,7869.65,0.0067950524502895515,-5016.5
3006.5,3027.75,2998.0,3018.75,291736,7981.75,8034.25,7917.25,8003.75,293063,59.478468107711095,2989.975,-0.004964421644878425,60.32358520206267,7886.2375,-0.006998009455088328,-4975.25
3024.5,3029.5,3006.0,3006.75,173468,8019.75,8040.5,7987.75,7991.0,185702,63.144810969275625,2994.65,0.005987028105770786,62.29282873548423,7902.7,0.004760860713502568,-4995.25
3021.75,3027.5,3015.5,3022.25,178198,8001.25,8031.75,7951.5,8015.5,141883,62.21859494103685,2998.525,-0.0009092411968920633,60.71295920788567,7918.075,-0.0023068050749711633,-4979.5
3012.25,3027.5,3001.5,3023.0,237838,7963.25,8019.75,7928.25,8002.25,180821,58.99904475183535,3000.75,-0.0031438735831885722,57.48777009999217,7926.7375,-0.0047492579284487135,-4951.0
2982.25,3020.5,2957.75,3015.25,451065,7866.75,8001.75,7782.0,7990.75,309747,50.17021235633347,3000.8875,-0.009959332724707393,50.19543810599887,7928.1625,-0.012118167833485072,-4884.5
2952.0,3014.0,2944.5,2971.5,701486,7808.25,8014.5,7777.0,7835.0,427662,43.157258950742936,2998.475,-0.01014334814318052,46.35646952018142,7924.2,-0.007436361902945943,-4856.25
2932.5,2961.0,2913.25,2950.75,557195,7702.25,7805.5,7650.0,7796.25,335463,39.339746301399686,2995.575,-0.0066056910569105565,40.33663374599268,7916.7375,-0.013575385009445107,-4769.75
2830.0,2933.5,2820.75,2930.75,723771,7385.25,7706.0,7359.75,7706.0,380437,26.213801468933,2988.15,-0.03495311167945436,28.441586159005965,7895.95,-0.04115680482975759,-4555.25
2876.0,2884.0,2776.0,2817.5,637888,7515.5,7548.75,7225.0,7352.0,394039,36.46004293625074,2982.85,0.016254416961130724,36.701291159929035,7879.4625,0.017636505196167995,-4639.5
2880.5,2891.25,2823.0,2875.0,765873,7553.25,7577.25,7387.75,7514.5,441870,37.376196462166135,2977.0,0.0015646731571627992,38.90245073721575,7860.6875,0.005022952564699645,-4672.75
2940.0,2941.5,2870.5,2878.5,317162,7735.75,7738.5,7526.25,7550.25,306070,48.043412579266196,2973.8,0.020656136087484844,48.26824266512027,7851.5375,0.02416178466223151,-4795.75
2919.75,2936.0,2898.75,2931.0,473100,7660.25,7724.0,7596.75,7714.0,336370,45.22024101924353,2969.0125,-0.006887755102040871,45.18249977985628,7836.55,-0.009759881071647825,-4740.5
2880.25,2930.75,2872.5,2920.25,445371,7566.75,7709.75,7534.75,7654.0,290029,40.251541938631085,2962.1625,-0.013528555527014263,41.632863352757674,7815.55,-0.012205867954701244,-4686.5
2932.0,2944.25,2866.75,2882.5,461077,7748.0,7789.25,7513.75,7569.25,314303,48.27094927089666,2958.4125,0.017967190348060047,49.85675111463458,7805.8125,0.023953480688538642,-4816.0
2840.75,2936.5,2835.75,2930.0,569458,7488.75,7767.5,7477.25,7749.5,448720,38.466819458159385,2951.2,-0.03112210095497958,40.965674892682586,7785.975,-0.03346024780588541,-4648.0
2848.5,2871.75,2817.75,2836.0,719454,7496.25,7573.25,7388.5,7477.25,474072,39.58907614954056,2943.75,0.0027281527765554703,41.29185382547611,7764.1125,0.0010015022533800266,-4647.75
2891.5,2894.75,2849.5,2850.0,315805,7611.75,7632.25,7502.25,7511.25,281103,45.52553239071404,2939.475,0.015095664384763952,46.219936860091245,7752.5625,0.015407703851926025,-4720.25
2923.75,2932.25,2892.25,2893.0,211871,7727.5,7750.25,7613.0,7615.0,171823,49.531249649847865,2936.2125,0.011153380598305285,50.68740256592145,7742.7,0.015206752717837446,-4803.75
2898.25,2932.75,2894.25,2921.0,244063,7668.0,7752.5,7655.5,7720.0,201907,46.61257594176012,2930.725,-0.008721675929884598,48.45899329448071,7726.9125,-0.0076997735360724295,-4769.75
2929.25,2932.5,2893.0,2894.0,187679,7750.25,7765.75,7651.5,7657.5,146409,50.436215267260906,2926.1125,0.010696109721383573,51.62505262997551,7712.525,0.01072639540949405,-4821.0
2922.25,2939.75,2904.0,2931.75,264640,7711.25,7782.25,7653.75,7757.0,214428,49.5728337880489,2921.9,-0.002389690193735583,50.05495516200174,7699.0,-0.005032095738847109,-4789.0
2855.5,2936.75,2834.0,2920.25,501966,7504.5,7762.0,7448.0,7704.25,357710,42.16124118099893,2913.45,-0.022841988194028606,42.64958880438443,7673.2375,-0.026811476738531348,-4649.0
2883.25,2888.25,2810.0,2833.75,354113,7590.5,7626.0,7311.75,7454.0,237456,45.78988642831476,2906.525,0.009718087900542738,46.21414268609006,7652.7,0.011459790792191393,-4707.25
2865.5,2899.5,2860.0,2883.25,301020,7562.75,7648.75,7536.75,7590.5,252969,43.893001942591525,2899.1875,-0.006156247290384109,45.23710201432437,7632.675,-0.0036558856465318534,-4697.25
2889.75,2891.0,2851.75,2865.5,275588,7599.25,7605.75,7503.75,7568.5,219514,47.116235316598164,2894.5625,0.00846274646658518,46.82939828265069,7619.3,0.004826286734322727,-4709.5
2926.75,2930.75,2875.25,2884.25,256909,7712.0,7730.25,7548.5,7583.25,178115,51.67762958866199,2893.3,0.012803875767799955,51.518817201037905,7614.4875,0.014836990492482771,-4785.25
2924.75,2946.5,2913.25,2923.75,259821,7690.75,7770.25,7646.0,7705.75,186863,51.41945371100394,2892.9125,-0.0006833518407790562,50.61280318847848,7613.9125,-0.0027554460580913043,-4766.0
2906.0,2926.5,2889.0,2913.5,394439,7617.5,7695.75,7581.5,7644.0,288620,48.950428443215294,2896.7125,-0.006410804342251497,47.511118383228755,7625.525,-0.009524428696811138,-4711.5
2938.5,2939.5,2902.0,2903.25,217291,7722.75,7729.75,7608.25,7617.5,183844,53.149728967012045,2899.8375,0.011183757742601497,52.05741604839357,7635.8875,0.013816869051526126,-4784.25
2972.0,2986.75,2936.5,2937.75,291346,7855.5,7886.5,7717.75,7720.25,194788,57.06979966174718,2904.4125,0.011400374340649888,57.1040722705115,7651.0,0.017189472661940375,-4883.5
2980.75,2988.25,2970.25,2971.0,220131,7857.75,7895.5,7838.5,7853.25,151663,58.05696428019036,2906.45,0.002944145356662098,57.186333912409005,7657.1,0.00028642352491892176,-4877.0
2978.25,2991.75,2969.25,2980.0,181052,7830.75,7887.25,7798.5,7858.25,138383,57.649081195600736,2909.375,-0.0008387150884844319,55.803379889379556,7665.625,-0.0034360981196907003,-4852.5
2978.5,2984.75,2957.25,2979.25,259700,7815.0,7857.75,7744.25,7833.0,193189,57.68109965480853,2914.2875,8.394191219673885e-05,54.96829764313966,7678.0375,-0.0020113015994636108,-4836.5
3002.0,3004.5,2972.25,2979.5,204351,7889.75,7899.75,7786.5,7818.25,152493,60.68964843201028,2917.7875,0.00788987745509484,58.16788445036759,7685.125,0.009564939219449675,-4887.75
3011.75,3021.75,3001.0,3002.5,319497,7921.5,7982.0,7886.75,7892.0,183512,61.899885364826794,2926.3375,0.0032478347768154503,59.484661416229045,7706.7625,0.004024208625114767,-4909.75
3006.5,3024.0,3003.5,3010.5,49788,7886.0,7958.25,7881.25,7915.75,43357,60.814190519980976,2934.2375,-0.0017431725740848503,57.312360452717456,7726.25,-0.0044814744682194485,-4879.5
2999.0,3003.25,2981.0,2997.75,30303,7856.5,7873.25,7776.5,7864.25,24778,59.21630421985907,2939.6125,-0.002494595044071124,55.49861841426616,7738.4875,-0.0037408064925184004,-4857.5
3005.5,3006.5,2991.25,3001.75,18363,7890.25,7896.5,7828.0,7863.5,16453,60.19251249981193,2943.7,0.002167389129709818,57.168652761200036,7746.625,0.00429580602049251,-4884.75
3006.25,3011.25,2978.25,3005.75,20187,7894.25,7905.75,7789.5,7892.75,13146,60.310561808981106,2949.1,0.0002495425054067635,57.372830926963786,7757.9375,0.0005069547859699597,-4888.0
3006.0,3022.25,2989.0,3007.5,13729,7896.25,7950.75,7831.25,7900.0,7155,60.246427058839565,2952.9375,-8.316008316011647e-05,57.48196877774453,7765.2375,0.00025334895651907274,-4890.25
3013.610107421875,3016.25,3003.25,3004.75,303170,7899.47998046875,7937.5,7890.0,7900.5,171441,61.58557879578648,2957.505505371094,0.0025316391955672035,57.67045823183014,7774.648999023438,0.0004090524576538801,-4885.869873046875
2997.0,3008.0,2982.0,2995.0,243011,7850.5,7897.0,7807.75,7834.5,150436,57.06696971974231,2964.5805053710938,-0.005511697542083471,53.77718093617381,7791.948999023438,-0.006200405670987452,-4853.5
2970.25,3012.5,2958.5,3002.25,478998,7735.25,7904.25,7701.75,7866.5,249773,50.624893036771034,2968.9305053710937,-0.008925592258925641,45.921481860585644,7799.186499023437,-0.014680593592764746,-4765.0
2986.25,2991.75,2953.5,2972.0,301205,7820.25,7844.25,7663.75,7735.25,229505,53.97181659022056,2974.9680053710936,0.005386751956905966,51.54360765489512,7812.061499023437,0.010988655828835459,-4834.0
2980.5,2995.5,2964.25,2987.0,277246,7787.25,7842.5,7735.0,7822.0,212869,52.5920971679401,2979.505505371094,-0.001925491837588944,49.39651027499811,7821.461499023438,-0.004219813944566941,-4806.75
2963.75,2993.0,2946.0,2981.25,361744,7701.25,7822.0,7640.75,7787.0,259467,48.687528030956315,2981.355505371094,-0.005619862439188106,44.22610253948997,7820.923999023437,-0.011043693216475692,-4737.5
2978.5,2986.25,2964.5,2975.25,199855,7770.5,7788.75,7705.5,7727.75,205146,52.06264325401028,2984.043005371094,0.004976803036693456,48.86733148907595,7824.9114990234375,0.008992046745658122,-4792.0
2937.75,2994.25,2936.75,2984.25,331879,7695.5,7841.5,7691.0,7781.0,271074,43.54164009327722,2985.630505371094,-0.01368138324660062,44.54401047965265,7828.811499023437,-0.009651888552860144,-4757.75
2880.5,2949.0,2874.0,2942.25,404895,7546.25,7730.5,7525.5,7710.75,340691,34.89958011902853,2982.730505371094,-0.0194877031741979,37.444551527212134,7819.986499023437,-0.019394451302709337,-4665.75
2911.75,2913.0,2855.0,2884.5,424733,7658.5,7660.0,7474.75,7559.5,321156,41.70146598517482,2979.7180053710936,0.010848810970317757,44.596579553621616,7810.136499023438,0.014874937883054606,-4746.75
2951.0,2953.25,2890.25,2912.25,322583,7767.25,7773.75,7616.25,7659.5,230569,48.920316825331994,2978.230505371094,0.013479866059929568,50.50113136280071,7805.611499023437,0.014199908598289568,-4816.25
2937.5,2959.25,2926.5,2937.25,271879,7740.0,7799.75,7698.75,7733.25,202812,46.77494529433196,2976.193005371094,-0.004574720433751289,49.08937489465917,7801.073999023438,-0.00350832019054359,-4802.5
2892.5,2950.0,2890.75,2935.25,437173,7622.0,7784.5,7613.25,7740.0,256301,40.412900754652114,2971.8930053710938,-0.015319148936170257,43.427921843173024,7791.423999023437,-0.015245478036175708,-4729.5
2919.0,2932.0,2888.25,2894.0,286742,7699.75,7731.75,7605.0,7622.5,185053,45.14463725528876,2967.7430053710937,0.009161624891961928,47.70733536445266,7781.923999023437,0.010200734715297921,-4780.75
2941.0,2953.75,2881.75,2920.0,403091,7760.25,7798.25,7583.0,7702.0,210453,48.78095069479854,2964.2055053710938,0.007536827680712621,50.82457307322772,7773.861499023437,0.00785739796746654,-4819.25
2970.75,2993.75,2941.75,2948.5,349487,7859.0,7918.25,7767.0,7783.25,234411,53.29015221210502,2962.418005371094,0.01011560693641611,55.488656059422446,7772.511499023438,0.01272510550562167,-4888.25
2965.5,2982.25,2954.0,2967.75,210619,7857.5,7894.5,7807.0,7853.5,146651,52.413220067068565,2960.7430053710937,-0.0017672304973491704,55.40269774698626,7772.561499023437,-0.00019086397760526008,-4892.0
2997.75,3003.25,2966.25,2967.0,229519,7959.75,7971.75,7858.75,7858.75,164287,57.085008422297086,2960.355505371094,0.010875063227111736,59.95648378494232,7776.0364990234375,0.013013044861597267,-4962.0
2991.5,2998.25,2984.75,2998.25,233214,7948.5,7961.25,7907.75,7961.25,169205,55.9388481714588,2959.6180053710937,-0.002084897006087938,59.23976098620457,7778.748999023437,-0.001413360972392308,-4957.0
2998.0,3008.0,2985.25,2992.5,250867,7952.75,7994.75,7922.75,7954.0,164252,56.907882432515855,2959.2180053710936,0.002172822998495638,59.437033176937184,7781.573999023438,0.0005346920802666855,-4954.75
2988.25,3001.0,2975.0,2998.5,263667,7880.75,7958.25,7835.5,7951.25,191999,54.95547611918281,2957.95,-0.003252168112074738,54.614600673455946,7780.6375,-0.009053472069409985,-4892.5
3006.5,3007.5,2983.75,2985.0,183087,7948.25,7951.25,7865.0,7875.75,158512,57.86914996592771,2958.425,0.006107253409185942,58.050875536637754,7785.525,0.00856517463439399,-4941.75
2994.5,3014.0,2988.0,3006.75,258327,7858.75,7988.5,7837.5,7948.25,192669,55.3346116454124,2959.6375,-0.003991352070513932,52.387170559336916,7791.7,-0.011260340326486928,-4864.25
3005.75,3007.0,2982.0,2991.75,202708,7901.5,7918.0,7810.5,7850.0,202974,57.22602866471092,2960.6125,0.0037568876273168517,54.662514457886886,7795.7625,0.005439796405280806,-4895.75
3004.25,3015.5,2998.5,3005.5,225499,7928.25,7985.0,7912.75,7920.0,190437,56.88016855665506,2961.8,-0.0004990434999584403,56.076964939443705,7802.8125,0.0033854331456053544,-4924.0
3020.25,3026.5,3000.0,3004.0,197825,8035.75,8041.5,7918.25,7929.5,186376,59.67945092879109,2964.625,0.005325788466339354,61.301989297890394,7819.5375,0.013559108252136243,-5015.5
3036.25,3042.75,3022.0,3023.0,177810,8094.75,8126.75,8048.0,8048.0,147786,62.314159270676406,2967.5125,0.005297574704080876,63.84414881439031,7835.75,0.007342189590268555,-5058.5
3035.75,3046.0,3029.5,3039.0,204832,8055.25,8119.0,8050.5,8106.0,175581,62.1774262038854,2972.4125,-0.00016467682173737508,60.9570105315619,7853.7375,-0.0048797059822724975,-5019.5
3047.75,3055.5,3023.25,3036.25,251594,8111.25,8142.0,8020.75,8056.75,189949,64.20733610584224,2980.775,0.003952894671827467,63.47857357350094,7881.9875,0.0069519878340214,-5063.5
3035.75,3052.75,3020.0,3052.5,339183,8090.25,8139.0,8046.0,8127.25,241429,60.69907094718821,2986.975,-0.003937330817816442,61.86500375603599,7903.575,-0.0025889967637540146,-5054.5
3063.25,3065.25,3033.0,3036.75,193991,8160.25,8167.75,8084.75,8093.0,166620,65.36898710786366,2992.5875,0.009058716956271029,65.05378129060215,7923.225,0.008652390222799067,-5097.0
3075.75,3083.5,3064.25,3064.25,174837,8215.75,8233.75,8164.0,8164.0,170919,67.27260470744424,2999.5,0.004080633314290427,67.38256896093026,7947.0125,0.00680126221623123,-5140.0
3072.0,3085.75,3069.75,3077.25,197388,8210.75,8248.25,8193.25,8218.25,172075,66.09875171014971,3008.475,-0.0012192148256522373,66.94971624410876,7976.45,-0.0006085871648966457,-5138.75
3075.5,3078.0,3063.25,3071.75,217605,8207.25,8228.0,8161.25,8209.25,161727,66.68308643026913,3016.3,0.0011393229166667407,66.62707043777522,8001.825,-0.00042627043814513765,-5131.75
3086.0,3097.5,3070.25,3077.25,205063,8230.5,8282.25,8190.25,8213.25,152067,68.4405309679673,3023.55,0.003414079011542892,67.73929067345975,8025.3375,0.0028328611898016387,-5144.5
3090.5,3092.5,3072.5,3086.5,155419,8257.25,8264.25,8190.25,8230.0,144141,69.19061141400248,3029.5375,0.0014581983149708488,69.01862106400978,8045.25,0.003250106311888601,-5166.75
3087.5,3092.0,3074.5,3091.0,114085,8249.75,8262.0,8206.5,8258.5,96307,68.02977607218227,3035.6375,-0.0009707167125060367,68.2019860690659,8064.8625,-0.0009082927124648421,-5162.25
3092.0,3102.0,3081.25,3087.75,164987,8275.0,8300.0,8228.75,8250.25,151083,68.87336632001966,3040.35,0.0014574898785424395,69.50997564291642,8080.625,0.003060698809054907,-5183.0
3095.5,3097.0,3075.75,3091.5,203289,8265.75,8281.75,8220.0,8271.25,172522,69.54644234539256,3045.55,0.0011319534282017152,68.39996988631978,8096.4875,-0.0011178247734139335,-5170.25
3097.0,3099.75,3081.75,3096.25,176971,8265.5,8285.25,8216.5,8265.0,162036,69.8473720329384,3050.5,0.0004845743821677573,68.36819272097284,8112.125,-3.024528929618242e-05,-5168.5
3118.25,3119.5,3095.75,3097.5,156320,8318.75,8323.75,8261.5,8266.5,140190,73.79758632963508,3057.0,0.006861478850500591,71.41447220336298,8134.025,0.006442441473595073,-5200.5
3121.75,3128.0,3111.0,3119.25,159079,8333.5,8366.0,8279.25,8319.5,171339,74.39263725395236,3062.7625,0.0011224244367833425,72.21273990381704,8153.2875,0.001773102930127779,-5211.75
3118.5,3132.5,3112.75,3122.0,185564,8341.5,8379.75,8312.75,8335.75,166198,72.74071203528264,3068.9625,-0.0010410827260350919,72.65870823630806,8177.425,0.0009599808003839527,-5223.0
3109.0,3118.5,3090.75,3116.25,288461,8291.75,8348.0,8230.75,8334.5,236489,67.9882442468144,3074.125,-0.0030463363796696674,65.60697184012804,8196.9375,-0.005964155127974546,-5182.75
3104.0,3114.5,3091.25,3099.75,246821,8274.5,8307.75,8239.5,8277.5,210203,65.56043509821214,3079.1125,-0.0016082341588935511,63.31252128434747,8214.25,-0.002080381101697504,-5170.5
3111.5,3114.5,3097.75,3103.75,167387,8280.5,8313.25,8233.25,8279.0,159008,67.43870634863237,3083.675,0.0024162371134019978,63.786917309033626,8226.4875,0.0007251193425583669,-5169.0
3132.75,3133.5,3116.5,3117.5,106466,8376.5,8379.75,8287.5,8287.5,108031,72.08421115747998,3088.5,0.006829503454925279,70.38527114959135,8240.575,0.011593502807801359,-5243.75
3143.75,3144.75,3128.0,3131.25,147559,8400.75,8421.0,8366.5,8372.5,129610,74.14087591987911,3093.9,0.0035112919958502076,71.78386870737407,8257.85,0.0028950038799020472,-5257.0
3153.75,3155.0,3141.75,3143.75,109230,8454.75,8458.75,8397.25,8400.75,116333,75.88056908578847,3099.2,0.0031809145129224614,74.65435247984807,8275.025,0.00642799750022327,-5301.0
3143.75,3155.5,3139.5,3154.25,117741,8417.5,8458.0,8406.25,8455.25,124151,70.7543553590552,3104.6,-0.0031708283789140257,69.40882101231557,8291.3875,-0.0044058073863804115,-5273.75
3114.25,3157.75,3110.25,3145.0,337301,8316.0,8456.75,8276.0,8424.0,256760,58.25219360623639,3107.15,-0.009383697813121317,57.544052806507516,8299.175,-0.012058212058212003,-5201.75
3091.0,3122.0,3069.5,3114.0,398053,8251.25,8337.25,8168.5,8308.0,300847,50.65520253797806,3107.9125,-0.0074656819458939205,51.49648693868561,8300.95,-0.0077861952861952854,-5160.25
3111.0,3119.5,3081.75,3091.75,251916,8295.25,8319.5,8220.75,8257.75,201705,55.974183899894435,3109.8625,0.006470397929472682,54.960439179622675,8305.175,0.00533252537494322,-5184.25
3117.75,3124.75,3103.5,3110.75,263471,8309.25,8340.0,8273.25,8295.0,197413,57.634011207375586,3111.975,0.002169720347155346,56.03629247116466,8310.275,0.0016877128477139625,-5191.5
3146.0,3151.25,3117.0,3117.5,192303,8400.25,8409.25,8307.5,8310.0,130553,63.78740247250969,3114.975,0.009061021570042405,62.334297681599665,8318.7625,0.010951650269278135,-5254.25
3134.5,3149.5,3131.25,3146.5,159703,8356.0,8427.25,8346.25,8401.5,129508,59.96894743176029,3117.175,-0.003655435473617241,57.9844242459962,8323.7,-0.0052677003660605015,-5221.5
3136.0,3143.0,3116.25,3133.25,260448,8363.75,8398.25,8297.0,8353.75,196892,60.30275123082159,3119.6,0.00047854522252355203,58.53025006809708,8329.4,0.0009274772618477201,-5227.75
3143.0,3144.5,3129.75,3136.0,189582,8405.5,8410.75,8345.0,8365.25,132490,61.89942877319324,3122.15,0.0022321428571427937,61.43666617048934,8335.925,0.004991780002989055,-5262.5
3168.0,3177.25,3137.0,3143.75,382964,8465.25,8497.0,8381.0,8406.0,236552,67.00385227230865,3125.775,0.00795418390073177,65.19608402071219,8345.9,0.007108440901790525,-5297.25
3172.0,3185.0,3156.75,3173.75,78098,8494.0,8523.0,8436.0,8480.0,60846,67.74836414212254,3129.525,0.0012626262626262985,66.86970075117043,8357.325,0.003396237559434079,-5322.0
3194.25,3198.75,3173.75,3175.0,19693,8576.0,8588.25,8503.0,8507.25,13476,71.58858309838047,3133.325,0.0070145018915510615,71.13337994211486,8370.1875,0.009653873322345241,-5381.75
3192.0,3199.25,3187.75,3192.5,13568,8576.25,8598.5,8563.0,8576.25,9078,70.67217299096907,3136.8375,-0.0007043907020427564,71.14557215305985,8382.325,2.9151119403048042e-05,-5384.25
3194.75,3198.75,3188.0,3189.75,8339,8590.25,8611.5,8565.25,8566.0,5705,71.15813718291382,3140.65,0.0008615288220550354,71.86228963421675,8394.7625,0.0016324150998396902,-5395.5
3207.0,3209.25,3190.25,3195.5,7317,8642.5,8652.75,8580.25,8596.75,4711,73.28195445222656,3145.55,0.0038344158384850946,74.4164025091666,8412.3,0.006082477227088878,-5435.5
3231.02001953125,3231.02001953125,3204.0,3207.75,152944,8707.4599609375,8742.75,8616.25,8650.0,123794,76.87739815414447,3151.9010009765625,0.007489872008497045,77.18873232499192,8433.947998046875,0.007516339130749117,-5476.43994140625
3227.25,3234.25,3224.25,3226.25,88119,8726.5,8743.5,8705.0,8710.25,77526,75.16764398086667,3157.6885009765624,-0.0011668202327625998,77.94318641649107,8456.247998046874,0.0021866352699770886,-5499.25
3225.75,3231.0,3222.5,3227.5,40939,8729.5,8736.0,8707.5,8728.0,35284,74.45810005224668,3162.3385009765625,-0.0004647920055774746,78.06627954353092,8473.897998046876,0.00034378043889304877,-5503.75
3244.5,3244.75,3226.75,3226.75,59828,8804.25,8805.75,8726.0,8730.0,55201,77.33778750403765,3167.3760009765624,0.005812601720530219,80.92304572654481,8494.072998046875,0.00856291883842153,-5559.75
3237.5,3254.0,3235.5,3241.75,151910,8783.25,8843.25,8769.75,8800.0,131074,73.98417824280088,3171.5635009765624,-0.0021574973031284195,77.85513692021952,8510.497998046874,-0.0023852116875372475,-5545.75
3223.5,3244.5,3217.25,3237.5,191801,8733.75,8809.75,8691.0,8780.5,169106,67.664482626521,3175.5510009765626,-0.00432432432432428,71.02036949359982,8526.310498046874,-0.005635727094184917,-5510.25
3231.0,3236.0,3213.0,3223.0,144320,8752.25,8772.0,8692.25,8732.0,114101,69.18315266493504,3181.3885009765627,0.00232666356444855,72.00937844741327,8548.122998046874,0.0021182195505939916,-5521.25
3259.0,3261.75,3234.25,3237.0,178832,8891.75,8901.5,8769.25,8773.0,170427,74.07794707213192,3189.7885009765623,0.008666047663262066,78.08330576658119,8580.147998046876,0.015938758604930214,-5632.75
3235.5,3263.25,3207.0,3260.75,310875,8810.0,8907.75,8735.25,8898.0,315021,64.77822805964163,3196.0135009765627,-0.007210800859159261,68.67799988777864,8605.885498046875,-0.00919391570838135,-5574.5
3243.5,3249.5,3208.75,3222.75,246527,8847.5,8872.5,8723.0,8784.5,222836,66.32796184624041,3202.3010009765626,0.002472569927368218,70.43709770805941,8632.797998046875,0.004256526674233818,-5604.0
3235.25,3254.5,3226.0,3243.0,221754,8853.0,8894.5,8825.0,8851.75,225651,63.23786734737076,3206.7635009765627,-0.0025435486357330284,70.69703475385069,8655.435498046874,0.0006216445323536934,-5617.75
3260.25,3267.5,3181.0,3232.0,488406,8944.5,8972.5,8678.25,8843.0,418958,68.0894180697824,3213.0510009765626,0.007727378100610416,74.68492674459617,8684.860498046875,0.01033547949847513,-5684.25
3276.0,3276.75,3257.75,3259.75,198451,9009.0,9022.25,8932.5,8948.5,241968,70.7118102477715,3220.0510009765626,0.004830917874396157,77.0554027321819,8717.122998046874,0.00721113533456319,-5733.0
3264.75,3287.0,3260.75,3275.5,218016,8978.25,9055.25,8966.5,9008.5,234117,66.50754160033193,3226.1385009765627,-0.003434065934065922,73.52083047118448,8745.760498046875,-0.003413253413253381,-5713.5
3289.75,3291.0,3265.5,3265.75,156703,9088.25,9096.5,8978.75,8978.75,171086,70.67951745853843,3232.2260009765623,0.007657554177195713,77.49732326626376,8776.910498046875,0.01225183081335457,-5798.5
3288.0,3296.5,3275.25,3289.0,267615,9062.5,9114.75,9035.0,9088.5,269889,70.02199294178259,3238.0260009765625,-0.0005319553157534518,74.67040295423764,8805.335498046876,-0.0028333287486589365,-5774.5
3293.75,3299.0,3278.0,3287.5,235400,9060.0,9096.0,9023.0,9062.5,219772,70.97735894947445,3243.0010009765624,0.0017487834549878567,74.38669625344463,8829.535498046875,-0.0002758620689655711,-5766.25
3316.5,3318.0,3293.75,3293.75,176499,9133.5,9140.25,9060.5,9060.5,174720,74.44715907461412,3249.2260009765623,0.0069070208728652105,77.13703204092529,8857.397998046876,0.00811258278145699,-5817.0
3325.0,3330.25,3316.0,3316.75,172211,9174.5,9189.25,9130.0,9136.5,173151,75.61995961285886,3255.7385009765626,0.0025629428614504235,78.52246572339507,8886.610498046875,0.004488969179394564,-5849.5
3319.5,3330.0,3307.25,3324.5,262273,9169.75,9199.75,9114.5,9173.75,231339,73.27639198898393,3261.3635009765626,-0.0016541353383459079,77.9332553449026,8912.972998046875,-0.0005177393863425861,-5850.25
3319.75,3337.5,3315.25,3320.5,221789,9195.75,9254.0,9174.5,9179.0,194469,73.31687192262777,3265.8,7.531254707027202e-05,78.86797628167814,8937.3875,0.0028354099075764694,-5876.0
3326.0,3327.0,3301.5,3317.0,349429,9248.25,9253.75,9151.75,9189.25,240100,74.36242557926838,3270.7375,0.0018826718879434434,80.65030747534067,8963.475,0.005709159122420759,-5922.25
3293.5,3337.0,3280.5,3326.25,521297,9144.5,9287.5,9109.75,9251.0,328265,60.981258477195965,3274.125,-0.009771497294046916,68.37677880451906,8984.225,-0.011218338604600864,-5851.0
3239.5,3273.0,3233.0,3273.0,521503,8954.5,9098.25,8926.0,9098.25,397684,46.1285583991576,3273.875,-0.016395931379990847,52.59214594710083,8991.7375,-0.02077751653999671,-5715.0
3278.25,3285.0,3238.5,3239.5,349143,9105.25,9136.0,8952.5,8954.0,308357,54.662162001063464,3275.9125,0.011961722488038173,60.40266968987089,9007.8375,0.016835110838126166,-5827.0
3272.5,3292.75,3265.25,3282.25,379821,9098.5,9158.75,9072.25,9120.75,304702,53.3126251224446,3278.3625,-0.0017539845954396283,59.926589014026256,9026.075,-0.0007413305510557411,-5826.0
3289.75,3295.25,3239.5,3272.0,541849,9216.25,9240.0,9003.75,9110.5,395487,56.76147845540994,3281.3,0.005271199388846348,65.09496732112959,9049.275,0.01294169368577247,-5926.5
3224.0,3297.5,3212.5,3292.75,642183,8997.75,9249.0,8965.0,9226.5,572538,43.554589259526736,3279.55,-0.019986321149023434,51.75571454889781,9054.575,-0.02370812423708124,-5773.75
3245.5,3267.25,3221.5,3222.0,386183,9114.25,9155.75,8975.0,8983.75,299110,47.82924680660303,3280.05,0.00666873449131522,56.83471099982127,9069.7875,0.012947681364785746,-5868.75
3299.5,3305.25,3236.0,3244.75,356578,9355.0,9369.0,9073.25,9100.25,275081,56.69898414032628,3282.85,0.016638422431058286,65.02829470331532,9095.1625,0.026414680308308514,-6055.5
3335.0,3338.25,3288.25,3299.25,416320,9381.5,9464.25,9318.25,9355.5,329456,61.35100003513354,3287.8375,0.010759205940293892,65.79787959790173,9121.5875,0.0028327097808658053,-6046.5
3345.25,3357.5,3332.5,3336.0,291379,9455.5,9463.5,9363.0,9392.0,256235,62.60036873318148,3292.0875,0.0030734632683657725,67.92080033175783,9147.1375,0.007887864414006351,-6110.25
3325.5,3350.0,3320.75,3348.75,382351,9409.5,9477.0,9385.0,9464.5,277711,58.66522144620197,3294.5625,-0.005903893580449848,65.21114909651769,9167.1625,-0.004864893448257579,-6084.0
3353.0,3353.5,3303.25,3322.0,277254,9527.5,9531.75,9330.75,9401.25,267050,62.225868043474094,3298.975,0.008269433167944706,68.66461014612935,9194.625,0.012540517562038334,-6174.5
3357.5,3374.5,3349.5,3350.75,281600,9527.25,9609.5,9501.5,9523.0,259695,62.79071281033533,3302.3625,0.0013420817178646516,68.64906152907675,9216.575,-2.623983206506697e-05,-6169.75
3380.5,3381.5,3355.5,3359.75,215754,9625.75,9628.0,9524.25,9536.0,213060,65.62038201644347,3306.9875,0.006850335070737179,71.39725572050429,9244.7375,0.010338765121099991,-6245.25
3377.5,3384.75,3348.5,3380.25,325469,9613.0,9644.75,9511.25,9621.25,293357,64.92681802153143,3311.175,-0.0008874426859931672,70.5353449575262,9272.3875,-0.0013245721112640219,-6235.5
3381.0,3388.25,3365.25,3379.0,236867,9632.25,9659.25,9588.25,9625.25,228903,65.3864658393349,3314.4,0.0010362694300518616,71.10255698737316,9297.325,0.002002496619161631,-6251.25
3369.25,3392.5,3355.25,3381.25,333634,9636.0,9687.25,9534.0,9632.0,309382,62.42853715990638,3316.6125,-0.0034753031647442034,71.21879235730236,9320.4,0.0003893171377404858,-6266.75
3387.25,3394.0,3370.75,3371.5,213909,9733.5,9748.75,9640.5,9642.5,191918,65.03780044398746,3320.0,0.005342435260072609,74.13217079922534,9348.5875,0.01011830635118316,-6346.25
3369.25,3397.5,3339.5,3391.25,554873,9624.25,9763.0,9516.25,9740.0,483963,60.51209125249231,3322.475,-0.005314045316997529,66.06268894023867,9370.0125,-0.011224122874608278,-6255.0
3339.25,3369.5,3327.75,3366.75,477927,9458.0,9623.5,9411.5,9618.25,460827,53.793420046630104,3323.1375,-0.008904058766787903,56.0619513138224,9380.5,-0.01727407330441333,-6118.75
3226.25,3315.0,3213.75,3315.0,824521,9091.0,9365.75,9041.0,9365.75,719389,37.089084325212085,3319.775,-0.033839934116942416,41.225480497938996,9377.825,-0.03880312962571364,-5864.75
3132.5,3259.5,3117.25,3224.25,1152006,8854.25,9224.5,8810.0,9092.75,887827,29.033791632929052,3314.425,-0.0290585044556374,34.82313794888097,9372.8125,-0.02604223957760421,-5721.75
3110.25,3182.0,3090.5,3139.0,1070134,8850.25,9037.75,8709.25,8867.5,919640,27.506859796969735,3306.025,-0.007102952913008775,34.725015063517574,9360.0625,-0.0004517604540192899,-5740.0
2957.0,3117.0,2944.5,3101.25,1282240,8382.75,8878.25,8334.0,8817.5,1136729,19.787746905320503,3290.25,-0.04927256651394585,25.633803487671486,9324.275,-0.05282336657156572,-5425.75
2951.0,2995.75,2853.0,2950.5,1735325,8454.0,8575.0,8124.25,8353.75,1564102,19.556354168364578,3273.3125,-0.00202908353060538,28.697677718264345,9286.1625,0.008499597387492175,-5503.0
3065.0,3093.0,2888.0,2904.0,946817,8791.25,8883.0,8248.5,8376.25,1051883,35.08797610714353,3265.3625,0.038630972551677356,41.0731165896913,9275.8375,0.039892358646794523,-5726.25
2997.0,3136.5,2973.0,3077.0,1096486,8582.5,9003.0,8510.75,8830.25,1080653,31.216329999108282,3252.9375,-0.022185970636215302,36.81391541318168,9249.25,-0.023745201194369403,-5585.5
3114.75,3129.25,2976.75,2988.75,647060,8896.5,8950.0,8507.25,8559.0,703433,42.954388307678514,3243.7,0.03928928928928932,45.901412220132656,9226.325,0.03658607631808919,-5781.75
3015.5,3114.0,2996.75,3110.0,718122,8648.75,8899.75,8610.75,8889.75,721573,37.19300844798063,3227.725,-0.031864515611204736,40.9028500788801,9189.6875,-0.027848030124206113,-5633.25
2964.0,3037.0,2898.0,3024.0,913066,8503.25,8726.0,8312.0,8675.5,857805,34.59970818437726,3208.6625,-0.017078428121372946,38.26724543835434,9142.075,-0.016823240352652147,-5539.25
2747.75,2917.0,2713.5,2916.5,806067,7951.5,8418.25,7801.0,8418.25,579631,26.305547988460276,3179.775,-0.07295883940620784,30.29527580565737,9069.175,-0.06488695498779873,-5203.75
2865.75,2884.75,2694.75,2733.5,1061592,8331.5,8380.0,7815.5,7894.5,1008309,35.404893875562166,3155.4125,0.04294422709489587,39.62412011191786,9009.375,0.04778972520907998,-5465.75
2740.25,2869.5,2703.0,2861.75,1109823,8003.5,8334.5,7892.75,8324.25,881797,31.018190747779556,3124.55,-0.043793073366483415,35.24005370521169,8933.1875,-0.03936866110544324,-5263.25
2469.0,2773.5,2442.0,2738.25,1447148,7215.25,8108.25,7131.75,7999.0,1087706,24.075088709833935,3078.975,-0.0989873186753033,27.395453631223347,8812.6625,-0.09848816142937467,-4746.25
2696.0,2708.5,2393.25,2433.0,503889,7915.75,7980.0,6942.5,7167.75,263618,36.82050510877664,3044.9,0.09194005670311878,40.14666497440506,8727.8,0.09708603305498764,-5219.75
2416.25,2698.5,2351.0,2673.75,190088,7057.5,7902.25,6926.75,7900.5,117171,30.111842044004206,2996.6625,-0.10376483679525228,32.593782222100714,8599.0625,-0.1084230805672236,-4641.25
2495.5,2554.25,2365.0,2420.75,167283,7405.25,7550.25,6946.25,7059.75,126129,33.792032971084126,2952.975,0.03279875840662183,37.70750308995436,8487.525,0.0492738221749911,-4909.75
2414.0,2498.75,2273.5,2478.75,95464,7225.25,7394.5,6828.75,7368.0,85420,31.929913587749127,2904.3125,-0.03265878581446602,36.17759006367533,8362.1125,-0.024307079436886037,-4811.25
2403.25,2474.25,2287.25,2414.25,101131,7293.5,7522.5,6896.25,7249.5,77830,31.681920124187954,2856.0125,-0.004453189726594808,37.21772774740667,8245.575,0.009446039929414285,-4890.25
2437.97998046875,2513.0,2343.0,2365.0,1626055,7417.97998046875,7649.0,7150.25,7197.5,949629,33.47946194191978,2810.9489990234374,0.014451255786435135,39.16511299944131,8143.573999023438,0.017067248984540928,-4980.0
2220.5,2385.5,2174.0,2220.5,1317779,6984.5,7319.25,6628.75,6852.75,918254,28.434199257775404,2760.6614990234375,-0.0892049902833637,35.084003819470766,8038.248999023437,-0.05843639125612177,-4764.0
2438.0,2448.0,2230.25,2233.25,1057349,7554.75,7572.75,7005.25,7005.25,737637,38.4276544699912,2725.9364990234376,0.09795091195676653,43.434485093788325,7973.273999023438,0.08164507122915032,-5116.75
2467.0,2561.5,2378.25,2442.5,1397589,7467.75,7762.25,7372.5,7550.75,914507,39.63796668441583,2693.7739990234377,0.01189499589827725,42.53550512045592,7904.148999023438,-0.011515933684105972,-5000.75
2608.0,2626.0,2401.75,2471.5,1146174,7844.0,7893.5,7310.0,7486.0,817178,45.270914263453925,2676.3239990234374,0.05715443858937985,47.58781037833141,7877.211499023438,0.05038331492082615,-5236.0
2524.0,2635.0,2505.5,2627.0,1022402,7568.5,7900.25,7551.0,7875.5,714587,42.71360677194651,2654.9739990234375,-0.03220858895705525,44.502464684001815,7832.936499023437,-0.0351223865374809,-5044.5
2611.25,2621.5,2447.0,2465.0,944238,7854.75,7884.75,7391.25,7446.25,638604,46.118283933497466,2632.2864990234375,0.03456814580031686,48.25629152810852,7786.111499023437,0.03782123274096594,-5243.5
2569.75,2639.25,2555.75,2612.25,864900,7786.25,7995.0,7747.25,7855.25,638489,44.755770355223405,2610.9239990234373,-0.015892771661081828,47.4295321316541,7746.298999023437,-0.00872083770966614,-5216.5
2448.0,2562.5,2434.25,2562.5,884677,7438.75,7778.75,7403.75,7771.75,628469,40.93486227238558,2577.5864990234377,-0.04737814962544995,43.37010636459375,7673.4114990234375,-0.04462995665435865,-4990.75
2516.5,2525.0,2424.75,2458.25,1060722,7627.25,7656.5,7375.5,7473.0,752413,43.83989958000512,2552.6364990234374,0.02798202614379086,46.06669102019729,7622.336499023438,0.025340278944715244,-5110.75
2482.75,2529.5,2448.75,2514.0,823086,7522.75,7660.5,7423.5,7624.5,514780,42.724913177625105,2528.5739990234374,-0.013411484204251978,44.793273746818414,7573.311499023437,-0.013700875151594571,-5040.0
2644.5,2668.5,2483.25,2483.25,758938,8029.75,8099.0,7531.0,7531.0,519762,49.37084517942727,2523.4114990234375,0.06514953176920746,51.760541418333005,7577.2239990234375,0.06739556678076508,-5385.25
2642.0,2749.0,2623.75,2645.5,1179264,8012.0,8303.75,7947.75,8034.25,728192,49.27567451138745,2512.2239990234375,-0.0009453582907922309,51.515419119806346,7561.248999023437,-0.002210529593075772,-5370.0
2735.0,2752.5,2620.75,2640.75,989636,8189.75,8242.0,7953.0,8012.75,611343,52.9120596460441,2511.9614990234377,0.035200605601816815,53.871288817434305,7570.561499023437,0.022185471792311562,-5454.75
2779.75,2809.75,2700.25,2737.5,1114248,8227.5,8327.0,8102.0,8193.75,640194,54.598678166013705,2527.4989990234376,0.016361974405850077,54.378292583390454,7621.173999023437,0.00460942031197531,-5447.75
2759.25,2820.5,2710.25,2807.0,800021,8327.25,8337.75,8075.0,8276.0,442775,53.65063622362606,2530.6614990234375,-0.007374763917618488,55.76191260704354,7641.748999023437,0.012123974475843236,-5568.0
2843.0,2848.75,2752.5,2760.5,735110,8692.5,8708.5,8319.0,8335.75,452894,56.940163116251135,2551.9989990234376,0.030352450847150436,60.48736410232881,7723.498999023437,0.04386201927406996,-5849.5
2775.0,2845.75,2751.25,2843.5,861143,8594.0,8706.0,8486.5,8705.75,496023,53.61303995441581,2565.9739990234375,-0.023918396060499503,58.667352539618854,7782.936499023437,-0.011331607707794067,-5819.0
2787.5,2831.5,2746.5,2767.5,960929,8734.25,8842.75,8500.5,8577.75,591051,54.14348089858853,2584.6489990234377,0.0045045045045044585,60.49026144423831,7858.386499023438,0.016319525250174438,-5946.75
2870.0,2885.25,2821.0,2858.0,958259,8809.0,8967.75,8689.0,8879.75,578506,57.59042078618222,2607.9864990234373,0.02959641255605372,61.46572696506251,7934.1614990234375,0.008558262014483287,-5939.0
2806.5,2875.75,2804.25,2861.75,951288,8692.0,8846.0,8686.25,8800.75,512401,54.212594749611554,2626.4125,-0.022125435540069738,59.00993132105397,7997.8625,-0.013281870813940277,-5885.5
2732.0,2833.25,2717.25,2807.0,1350460,8431.75,8763.0,8342.0,8698.25,756967,50.47228776253985,2651.9875,-0.0265455193301265,53.85552093814043,8070.225,-0.02994132535664984,-5699.75
2788.5,2808.0,2717.25,2737.25,844258,8638.0,8699.25,8399.5,8444.75,511968,53.11423948737244,2669.5125,0.020680819912152204,57.056886818750385,8124.3875,0.024461114240815984,-5849.5
2780.75,2836.75,2772.5,2790.25,1098113,8598.75,8787.0,8582.25,8634.25,502851,52.69898266205286,2685.2,-0.002779272010041245,56.257010931118174,8180.9375,-0.004543875897198402,-5818.0
2829.5,2836.0,2755.0,2777.0,718259,8769.0,8804.0,8498.0,8587.0,455864,55.07812948664454,2696.275,0.01753124157151853,58.94549516937661,8227.1875,0.019799389446140347,-5939.5
2869.0,2883.0,2812.75,2828.75,695131,8824.25,8898.0,8728.75,8766.75,432329,56.96682234607382,2713.525,0.013960063615479745,59.80879160466818,8289.975,0.006300604401870302,-5955.25
2867.25,2913.5,2851.25,2867.75,974954,8719.75,8946.0,8654.25,8818.5,568433,56.852776146008416,2726.325,-0.0006099686301846985,57.352281690697694,8333.225,-0.011842366206759825,-5852.5
2941.0,2959.5,2860.75,2870.75,912841,9036.5,9119.25,8733.5,8757.75,550987,60.446558416681896,2744.8875,0.025721510157816763,62.394174786105765,8395.7375,0.03632558272886266,-6095.5
2902.5,2965.25,2878.25,2956.5,1134559,8988.5,9144.75,8856.0,9109.75,638640,57.74272716323461,2767.6125,-0.01309078544712683,61.213169087267744,8473.225,-0.005311791069551264,-6086.0
2821.75,2879.5,2811.75,2873.0,990942,8718.0,8878.5,8671.75,8847.25,521789,52.444013956140175,2782.875,-0.02782084409991392,54.9059479564837,8527.7625,-0.03009400901151471,-5896.25
2825.25,2835.75,2770.75,2793.0,886987,8795.5,8827.5,8556.75,8654.25,531885,52.64684398315166,2800.0,0.0012403650217063245,56.295387280401684,8591.4,0.008889653590272939,-5970.25
2858.25,2889.5,2824.5,2827.0,760646,8924.25,9019.75,8796.75,8805.5,515262,54.612440907063615,2810.6875,0.011680382267055922,58.57874420829956,8636.125,0.014638167244613642,-6066.0
2833.5,2886.25,2832.0,2857.5,888865,8952.0,9056.5,8877.75,8930.0,561342,52.84085855003244,2820.2625,-0.008659144581474654,59.07503393962058,8683.125,0.0031095050004201763,-6118.5
2880.0,2894.75,2823.25,2832.25,833230,9107.75,9126.0,8930.0,8949.75,503951,55.74548179591067,2827.5125,0.016410799364743323,61.83869629052001,8729.025,0.0173983467381591,-6227.75
2928.5,2932.75,2879.25,2881.75,641598,9218.25,9238.0,9102.75,9115.0,453878,58.609020711132004,2834.95,0.016840277777777857,63.711058475128276,8778.5625,0.01213252449836677,-6289.75
2922.75,2946.5,2889.5,2921.0,801756,9279.0,9338.75,9118.75,9199.0,575017,58.12879261592104,2843.125,-0.0019634625234762337,64.73546768490124,8826.15,0.006590187942396852,-6356.25
2852.5,2939.75,2838.0,2919.0,974692,9078.25,9345.75,9040.25,9281.25,680169,52.47195735095579,2843.6,-0.02403558292703789,58.825825838918206,8845.4375,-0.021634874447677532,-6225.75
2813.0,2876.5,2786.25,2840.0,1541126,8992.25,9202.5,8878.25,9047.75,954303,49.5519850185632,2845.5,-0.013847502191060457,56.448446698252965,8865.35,-0.009473191419051008,-6179.25
2847.0,2853.75,2760.25,2820.25,1353295,9079.5,9105.0,8846.5,9011.5,852451,52.02665872421469,2848.475,0.012086740135087037,58.29015424045219,8882.6125,0.009702799633017234,-6232.5
2846.5,2863.0,2809.5,2846.0,1151670,9096.5,9148.75,8925.25,9085.75,805229,51.98627202991424,2847.3,-0.00017562346329469403,58.65700307341905,8896.9875,0.0018723497989976412,-6250.0
2948.0,2964.5,2850.0,2860.0,768821,9325.5,9361.5,9110.0,9121.5,557059,58.95225483985079,2854.375,0.035657825399613596,63.33511042523368,8928.6625,0.025174517671632035,-6377.5
2918.75,2976.25,2913.75,2945.0,921190,9300.75,9417.25,9283.0,9317.0,642706,56.41224798455832,2863.7125,-0.009921981004070601,62.5118167976893,8972.1125,-0.0026540131896413133,-6382.0
2968.5,2975.75,2908.5,2913.75,865157,9485.5,9497.75,9273.25,9291.0,533057,59.600566091200335,2872.7125,0.017044967880085693,66.0585945133009,9014.4875,0.019863989463215326,-6517.0
2937.0,2973.5,2933.0,2972.0,1079352,9355.75,9510.5,9352.25,9496.25,641920,56.76910018419855,2880.525,-0.010611419909045017,61.647345623591306,9052.3375,-0.01367877286384478,-6418.75
2953.0,2957.25,2903.75,2936.75,866849,9406.25,9422.75,9241.25,9361.0,602885,57.86408351740249,2886.7,0.005447735784814389,62.691602919373246,9084.2,0.005397750046762795,-6453.25
2994.5,3019.75,2947.75,2948.75,1023998,9406.5,9604.0,9373.0,9404.5,742940,60.6482193502822,2892.975,0.014053504910260806,62.69701780089176,9113.3125,2.6578073089700283e-05,-6412.0
3035.5,3039.75,2965.5,2994.25,1168154,9432.5,9508.0,9173.25,9409.75,765863,63.232960630375466,2901.3875,0.013691768241776536,63.29369718629618,9148.95,0.002764046138308718,-6397.0
3038.0,3065.5,3019.5,3034.5,958717,9460.25,9565.5,9320.5,9437.0,783024,63.39086096153105,2906.2375,0.0008235875473563414,63.956371756775795,9170.1375,0.0029419560031804792,-6422.25
3042.0,3058.5,2992.25,3036.0,1176313,9560.25,9590.5,9372.0,9454.75,885086,63.65977695691463,2913.2125,0.0013166556945358732,66.31631193855074,9198.725,0.01057054517586753,-6518.25
3054.0,3058.75,3007.75,3032.0,714753,9595.0,9606.0,9450.0,9541.0,547341,64.50220806875205,2924.825,0.0039447731755424265,67.12191027697709,9242.575,0.0036348421850893597,-6541.0
3077.0,3079.25,3034.25,3052.75,764713,9647.75,9669.75,9505.0,9589.0,564461,66.12319860838429,2937.4125,0.007531106745252147,68.35900072673358,9285.1875,0.005497655028660731,-6570.75
3117.75,3129.5,3074.25,3077.75,732402,9684.75,9728.25,9635.25,9657.0,502427,68.83829247271223,2950.3875,0.013243418914527183,69.23345587291684,9323.2125,0.003835091083413289,-6567.0
3110.5,3127.0,3087.5,3117.0,1009461,9626.25,9742.5,9572.5,9684.0,580279,67.7972000502057,2964.2375,-0.0023253949162056475,66.12194178648295,9356.925,-0.006040424378533249,-6515.75
3186.75,3210.5,3106.25,3113.5,1112781,9808.5,9846.75,9602.0,9642.25,554626,72.50667959127503,2979.575,0.02451374377109783,70.56086080694385,9391.9625,0.018932606155044773,-6621.75
3227.5,3231.25,3183.25,3192.25,790782,9884.75,9901.0,9746.75,9819.0,436570,74.64110986021981,2994.525,0.01278732250725656,72.20194233884992,9425.2875,0.0077738696028955,-6657.25
3205.5,3231.0,3190.0,3227.5,916394,9951.0,10007.5,9811.5,9887.25,539628,71.41752345937587,3008.6625,-0.0068164213787761385,73.58000359644254,9458.8875,0.006702243354662407,-6745.5
3186.0,3227.25,3179.75,3205.0,1203733,10087.25,10155.5,9957.5,9960.0,626919,68.58992229831985,3025.3375,-0.006083294337856815,76.19384178681844,9509.3375,0.013692091247110794,-6901.25
3010.25,3188.75,2996.25,3183.75,1888206,9616.75,10107.0,9584.5,10086.25,1077900,49.54881997212929,3035.2,-0.05516321406151914,55.70049808464863,9540.5625,-0.04664303948053239,-6606.5
3034.75,3087.75,2982.25,3015.0,676747,9645.0,9849.0,9495.0,9618.0,562175,51.5673063984181,3044.5875,0.008138858898762535,56.457761904933754,9568.8375,0.0029375828632334233,-6610.25
3073.0,3079.5,2935.25,3002.5,379285,9800.5,9817.0,9381.0,9540.25,291800,54.61990659979457,3055.9125,0.012604003624680837,60.46400805072456,9604.0375,0.016122343182996435,-6727.5
3128.75,3167.0,3071.25,3077.0,261299,9972.5,10015.5,9797.0,9816.25,119947,58.705213144761316,3064.95,0.018141880898145057,64.3691417000407,9636.3875,0.01755012499362274,-6843.75
3118.0,3158.0,3105.25,3122.25,109140,9994.5,10061.25,9926.0,9962.75,51095,57.627903956294475,3074.9125,-0.003435876947662786,64.84741859606768,9671.075,0.002206066683379193,-6876.5
3109.0,3130.5,3075.5,3114.5,87430,9995.75,10042.5,9879.0,9998.5,26221,56.68993517529932,3081.9375,-0.0028864656831302238,64.87626726617084,9696.5875,0.00012506878783336006,-6886.75
3161.260009765625,3161.260009765625,3106.5,3109.5,1067306,10120.83984375,10130.0,9995.25,9995.75,523577,60.690863107983496,3093.150500488281,0.01680926656983761,67.73030768736508,9734.8419921875,0.01251430295375533,-6959.579833984375
3110.75,3114.75,3027.5,3043.0,828328,10124.75,10134.5,9841.25,9884.5,408045,55.36712685530963,3101.0380004882813,-0.015977809357532013,67.81833646902629,9770.7669921875,0.0003863470137228653,-7014.0
3118.5,3145.5,3060.25,3111.75,930977,10196.0,10296.0,9972.5,10120.5,510909,56.00481348955134,3107.238000488281,0.002491360604355952,69.45351990718959,9810.2419921875,0.007037210795328264,-7077.5
3049.0,3128.25,3019.5,3113.0,1389332,10010.75,10241.75,9927.25,10183.5,686824,49.2141770085233,3107.9130004882813,-0.022286355619688947,60.803020592048895,9839.1544921875,-0.01816888976069042,-6961.75
3070.75,3079.5,3005.5,3047.0,1062543,10088.25,10107.25,9885.5,10005.75,666554,51.20802773357,3109.550500488281,0.007133486388980037,62.885672462605015,9870.5544921875,0.007741677696476268,-7017.5
3007.0,3082.0,2992.75,3071.5,1132229,9865.5,10120.5,9824.0,10088.0,666019,45.5618203638916,3107.800500488281,-0.020760400553610725,54.00407114755019,9885.8169921875,-0.022080142740316666,-6858.5
3047.75,3051.25,2983.5,2986.25,894898,9973.75,9997.25,9729.0,9796.5,584700,49.402268698121496,3107.488000488281,0.013551712670435645,57.16987350159607,9904.7544921875,0.010972581217373767,-6926.0
3090.25,3101.0,3030.25,3046.0,844962,10147.25,10171.5,9940.0,9984.0,494716,53.117097655678954,3108.150500488281,0.013944713313099877,61.71783849121706,9929.7294921875,0.017395663616994517,-7057.0
3103.0,3118.0,3062.75,3085.0,870888,10268.75,10309.0,10075.75,10141.0,452933,54.20339080274834,3107.4130004882813,0.004125879783189124,64.55621093115278,9958.9294921875,0.011973687452265347,-7165.75
3129.0,3156.75,3095.5,3101.5,970423,10355.75,10422.5,10247.75,10256.25,421788,56.420867077754465,3108.338000488281,0.008378988076055416,66.47308750154583,9995.4044921875,0.008472306755934245,-7226.75
3172.0,3174.75,3120.75,3121.0,1089068,10598.5,10614.25,10334.0,10334.0,610373,59.88072690936332,3107.6005004882813,0.013742409715564063,71.15988011207884,10034.9044921875,0.023441083456051004,-7426.5
3136.5,3184.0,3132.5,3169.75,882615,10532.25,10694.5,10506.0,10599.0,562333,55.932613552117466,3103.050500488281,-0.011191677175283687,68.35158904522268,10067.2794921875,-0.006250884559135694,-7395.75
3163.5,3166.25,3125.5,3135.25,1139690,10662.25,10673.25,10505.25,10527.75,567004,58.1904779081919,3100.9505004882812,0.008608321377331363,70.78779190946767,10102.8419921875,0.012343041610292094,-7498.75
3141.0,3170.75,3105.25,3166.0,1277175,10727.5,10774.25,10560.25,10674.0,661262,55.63241115171559,3098.7005004882812,-0.007112375533428139,71.95471760913753,10134.8544921875,0.0061197214471617745,-7586.5
3178.5,3182.0,3111.5,3142.0,1116626,10837.25,10847.25,10625.5,10727.5,607021,58.87712811702025,3107.113000488281,0.011938872970391534,73.84709378417135,10195.8794921875,0.010230715450943784,-7658.75
3148.25,3226.25,3140.5,3182.0,1318497,10600.0,11058.25,10562.0,10847.5,822836,55.360017670074186,3112.7880004882813,-0.009517067799276413,63.821680888755715,10243.6294921875,-0.021892085169208042,-7451.75
3183.5,3192.0,3119.0,3150.0,1635280,10646.25,10693.0,10358.75,10601.25,1155362,58.47307812788155,3118.3130004882814,0.011196696577463694,64.8242233012583,10285.9169921875,0.0043632075471697895,-7462.75
3219.5,3233.0,3192.0,3203.0,1419635,10683.25,10766.5,10551.5,10686.5,845839,61.43127381435457,3122.8505004882813,0.01130830846552544,65.64443532378047,10321.4544921875,0.003475402136902561,-7463.75
3194.5,3228.5,3188.5,3223.25,1073827,10511.75,10698.5,10475.5,10692.75,787591,58.324087449779185,3126.675500488281,-0.007765180928715587,58.80043448642366,10347.3169921875,-0.016053167341398944,-7317.25
3214.0,3225.25,3194.75,3198.25,804718,10622.5,10669.0,10523.5,10534.0,560081,60.0226107036232,3131.925500488281,0.0061042416653622755,61.58571646153516,10378.6544921875,0.010535828953314175,-7408.5
3245.25,3251.5,3190.25,3214.25,771885,10951.0,10964.0,10545.5,10622.0,564419,62.649732395661324,3136.125,0.009723086496577382,68.40800272215449,10420.1625,0.030924923511414404,-7705.75
3251.25,3273.0,3239.25,3243.75,965242,10851.0,11057.75,10784.75,10952.25,721648,63.15043976402846,3143.15,0.0018488560203373527,64.64428825578942,10456.475,-0.009131586156515437,-7599.75
3265.5,3271.5,3227.25,3249.25,870907,10804.25,10916.25,10761.75,10850.5,650917,64.37204111550244,3150.5,0.0043829296424451325,62.90191996859042,10486.8875,-0.004308358676619717,-7538.75
3227.5,3284.5,3214.25,3267.5,1187809,10548.25,10938.5,10514.5,10849.75,827513,58.776355993494676,3159.425,-0.01163680906446185,54.27505319848203,10513.7625,-0.02369437952657516,-7320.75
3204.0,3239.0,3191.75,3229.75,1041284,10459.0,10597.75,10301.25,10566.25,894230,55.55983854163616,3166.0875,-0.007281177381874504,51.61716749578598,10532.3,-0.008461119142985751,-7255.0
3232.25,3235.0,3192.0,3210.5,761517,10675.25,10684.25,10400.5,10488.25,663644,58.499971200230426,3177.35,0.008817103620474498,57.0991149649302,10572.7875,0.020675972846352364,-7443.0
3213.0,3246.5,3208.0,3234.75,811743,10540.0,10758.5,10513.75,10683.0,716565,55.79130919562338,3185.6125,-0.005955603681645938,53.05056559929296,10601.1,-0.012669492517739633,-7327.0
3252.5,3257.0,3204.25,3214.75,659438,10674.25,10699.75,10512.0,10557.75,547350,59.89477797594527,3193.725,0.0122938064114535,56.35831979491079,10627.45,0.012737191650853852,-7421.75
3248.75,3269.25,3195.0,3256.75,1026724,10794.0,10896.5,10502.75,10699.5,820359,59.33172493312215,3201.0125,-0.0011529592621061235,59.12468723372508,10653.7125,0.011218586785956886,-7545.25
3263.5,3273.75,3212.5,3269.25,1170078,10890.5,10939.25,10691.0,10905.0,900180,60.88913579319269,3207.7375,0.004540207772220084,61.25600998207724,10680.45,0.008940151936260854,-7627.0
3288.5,3295.5,3254.5,3270.75,549146,11044.25,11073.0,10876.25,10928.75,530798,63.44439022855065,3213.5625,0.007660487206986311,64.43765025208465,10702.7375,0.014117809099674083,-7755.75
3300.0,3301.5,3271.0,3290.5,599455,11086.0,11094.75,10982.75,11052.5,657879,64.59043055464664,3221.7375,0.003497035122396186,65.27163312205401,10730.425,0.0037802476401747054,-7786.0
3316.0,3323.5,3292.25,3300.5,542479,11091.75,11143.5,11055.75,11079.25,466620,66.17911505903828,3229.3625,0.00484848484848488,65.39200890367144,10751.9,0.0005186721991701226,-7775.75
3344.25,3346.0,3300.5,3317.25,741215,11261.25,11271.5,11051.5,11093.5,623322,68.83758228770358,3239.525,0.008519300361881754,68.82268709802533,10778.5875,0.015281628237203249,-7917.0
3344.75,3347.75,3322.5,3343.5,909596,11122.75,11283.25,11035.25,11260.25,756398,68.88420134982637,3247.8375,0.00014951035359200837,63.30091668635698,10792.8625,-0.012298812298812245,-7778.0
3352.75,3357.25,3329.0,3347.25,661329,11072.0,11159.25,10928.5,11140.0,615293,69.66612604825674,3258.0625,0.002391808057403466,61.35828317563939,10816.4625,-0.0045627205502236645,-7719.25
3330.0,3379.0,3319.75,3350.5,974384,10878.5,11157.5,10845.25,11072.5,727011,64.68780935915416,3265.3875,-0.006785474610394471,54.49169782509203,10828.075,-0.0174765173410405,-7548.5
3370.0,3382.25,3326.25,3339.5,866719,11126.0,11184.5,10878.25,10923.25,632682,68.89638383174648,3272.9125,0.012012012012011963,60.569891237570054,10850.2125,0.022751298432688305,-7756.0
3367.75,3382.0,3357.5,3367.75,714190,11175.25,11265.75,11094.25,11115.75,607227,68.40253981782534,3281.575,-0.0006676557863501964,61.66705580613642,10883.3875,0.004426568398346209,-7807.5
3361.5,3380.25,3349.75,3368.75,665298,11133.75,11237.25,11096.0,11181.0,567136,66.96660789792361,3288.95,-0.0018558384678197815,60.14828038565785,10908.95,-0.0037135634549562146,-7772.25
3379.75,3383.0,3365.0,3365.75,408070,11286.75,11300.5,11145.0,11145.25,375239,69.01220381328064,3295.675,0.005429123903019528,63.69803622532395,10925.7375,0.013742000673627519,-7907.0
3387.0,3390.5,3365.25,3379.25,601229,11409.25,11415.0,11268.5,11285.25,491423,69.81196682606729,3302.4625,0.0021451290775944543,66.28728891578488,10953.65,0.010853434336722367,-8022.25
3372.75,3395.5,3365.5,3388.5,720650,11332.0,11444.75,11298.75,11413.5,597398,66.19568833761912,3307.825,-0.004207263064659017,63.22477081919686,10980.0375,-0.006770821920809911,-7959.25
3380.75,3387.0,3344.5,3370.0,743300,11477.25,11496.5,11221.5,11327.5,529487,67.2222176783587,3315.4875,0.002371951671484629,66.37083002349536,11026.4875,0.01281768443346265,-8096.5
3392.5,3396.25,3356.5,3383.5,723095,11562.0,11573.5,11407.0,11479.0,513368,68.72444896649247,3324.9125,0.0034755601567699745,68.0863516892297,11081.6375,0.007384173037966457,-8169.5
3427.5,3429.25,3394.0,3398.0,691359,11636.25,11722.5,11528.25,11580.0,667533,72.73317734854892,3334.675,0.010316875460574693,69.55184060450249,11129.6875,0.006421899325376179,-8208.75
3443.0,3448.75,3421.75,3427.0,731804,11726.25,11744.25,11574.75,11634.75,564195,74.30396034624708,3346.175,0.004522246535375585,71.2737704160192,11189.0,0.007734450531743375,-8283.25
3480.25,3483.5,3436.75,3444.5,637492,11991.25,12002.0,11726.5,11739.25,636184,77.63800536427438,3357.5625,0.010819053151321478,75.64181764790372,11254.85,0.02259887005649719,-8511.0
3485.25,3498.25,3464.75,3479.5,1031257,11952.75,12046.25,11834.5,11983.75,894371,78.04969900283587,3369.3875,0.0014366783995403143,73.88406002476253,11312.7875,-0.0032106744501199103,-8467.5
3504.5,3509.25,3480.75,3487.75,713068,11991.75,12018.0,11920.25,11951.75,650847,79.60639241874807,3381.4375,0.005523276665949428,74.52974240019842,11367.85,0.003262847461881213,-8487.25
3499.0,3524.5,3490.0,3508.5,680344,12114.0,12165.0,11988.25,12003.0,668466,77.90637931600911,3391.9625,-0.0015694107575974225,76.49175762954346,11421.3375,0.010194508724748363,-8615.0
3527.0,3530.0,3484.25,3493.75,701143,12312.5,12330.0,12093.0,12109.0,684199,80.2219966738607,3403.3125,0.008002286367533529,79.28240353000172,11482.6625,0.016385999669803475,-8785.5
3579.25,3587.0,3526.25,3529.0,924937,12411.5,12466.0,12172.25,12326.75,1182885,83.66300043389776,3416.475,0.014814289764672584,80.5241699638745,11548.65,0.008040609137055732,-8832.25
3461.5,3586.5,3424.75,3578.5,1908869,11800.5,12438.5,11658.25,12408.25,1864033,58.824705985778145,3422.3375,-0.03289795348187474,57.584134339467,11575.6125,-0.04922853804938965,-8339.0
3417.5,3484.25,3347.75,3455.0,1783626,11548.75,11843.25,11141.25,11748.75,1646516,52.5468484839065,3425.975,-0.012711252347248347,51.12183306172175,11596.9125,-0.021333841786364993,-8131.25
3335.5,3447.25,3327.5,3420.5,2026634,11060.5,11585.5,11041.5,11531.5,1730999,43.27731537458193,3425.1125,-0.023994147768836904,41.41460309116792,11596.3375,-0.04227730273839159,-7725.0
3400.25,3424.0,3295.5,3320.0,1014612,11392.75,11478.75,10935.0,11014.25,998417,50.67637869916272,3428.625,0.01941238195173134,48.57114439562944,11622.05,0.030039329144252003,-7992.5
3340.5,3424.25,3327.25,3395.75,1337442,11178.25,11567.0,11087.75,11374.75,1132804,44.86107425194692,3427.15,-0.01757223733549007,44.76892266678314,11624.6625,-0.018827763270500952,-7837.75
3333.75,3376.25,3308.75,3345.5,451061,11061.5,11356.75,10937.5,11187.25,685406,44.24339098644622,3425.45,-0.00202065559048048,42.80481191732648,11618.975,-0.0104443897747859,-7727.75
3382.5,3402.75,3344.5,3350.0,132567,11280.5,11362.25,11094.75,11094.75,288165,49.636818587860205,3426.5,0.01462317210348707,47.46112335768921,11626.3125,0.019798399855354143,-7898.0
3405.25,3419.25,3376.5,3378.75,77209,11464.25,11495.25,11247.25,11279.0,176835,51.971660786324286,3427.775,0.00672579453067268,51.06113833645798,11635.1875,0.016289171579273898,-8059.0
3389.5,3429.75,3384.0,3406.25,96782,11268.75,11550.0,11237.25,11461.0,144606,50.23531063182141,3427.9,-0.004625211071140112,47.34412819376655,11628.1625,-0.01705301262620751,-7879.25
3361.5,3397.75,3320.5,3392.75,106003,11090.0,11302.5,10918.0,11269.25,141231,47.21525324895858,3427.3375,-0.00826080542852925,44.17755927964884,11616.0625,-0.01586245146977261,-7728.5
3353.60009765625,3374.0,3341.0,3356.25,1072178,11144.8095703125,11179.5,11036.5,11062.25,1058853,46.368268948578766,3425.9800048828124,-0.0023501122545738218,45.38381452600488,11599.440478515626,0.004942251606176784,-7791.20947265625
3275.0,3326.5,3217.75,3314.75,1256851,10989.0,11010.0,10656.75,10927.0,1228173,38.89265776205357,3420.1050048828124,-0.023437528437329713,42.567805323753326,11570.790478515624,-0.0139804605300341,-7714.0
3299.25,3309.5,3256.25,3271.0,946638,11149.5,11192.25,10897.25,10972.75,908037,41.999579442847754,3413.6925048828125,0.007404580152671647,46.26646264444385,11546.452978515625,0.014605514605514625,-7850.25
3231.25,3319.75,3220.75,3304.0,1165489,10829.0,11222.5,10786.0,11160.25,1005442,36.40932705624102,3403.1050048828124,-0.02061074486625747,40.63835399195172,11501.590478515625,-0.0287456836629445,-7597.75
3238.0,3268.25,3198.0,3227.75,1288513,10891.75,11011.75,10657.75,10803.25,1190282,37.30144758165654,3390.9925048828127,0.002088974854932202,42.12283220248414,11446.615478515625,0.005794625542524745,-7653.75
3287.25,3296.5,3206.25,3243.5,1030582,11136.5,11169.0,10813.75,10910.75,886317,43.52674462860709,3381.0925048828126,0.015210006176652247,47.6244468652064,11405.802978515625,0.022471136410586068,-7849.25
3346.0,3351.25,3288.0,3291.25,809590,11394.75,11404.5,11136.0,11140.0,687584,49.915186474707504,3373.1675048828124,0.017872081527112282,52.73029722503122,11375.952978515625,0.023189511965159504,-8048.75
3333.75,3363.0,3316.5,3348.5,729692,11337.75,11449.0,11289.75,11388.5,641939,48.678659391409646,3364.9050048828126,-0.0036610878661087476,51.53611569112629,11337.140478515625,-0.0050023036924899955,-8004.0
3352.0,3384.0,3291.25,3330.0,1140694,11407.25,11525.25,11167.5,11321.25,922780,50.64045407994792,3356.1550048828126,0.005474315710536137,52.93569155964734,11291.877978515626,0.006129964058124493,-8055.25
3367.75,3387.75,3343.75,3344.75,937681,11574.75,11598.75,11372.25,11372.25,739364,52.333885775212686,3345.5800048828123,0.004698687350835229,56.21736113341819,11250.040478515624,0.014683644173661525,-8207.0
3339.25,3374.75,3300.25,3366.75,1259792,11233.25,11604.75,11205.0,11567.75,1158401,49.05427450243319,3339.4675048828126,-0.008462623413258097,48.75341061384126,11221.677978515625,-0.029503876973584697,-7894.0
3393.0,3400.0,3346.5,3358.0,641071,11469.25,11496.75,11268.0,11285.25,635347,54.80647360980974,3338.2425048828127,0.016096428838811017,53.3617699381256,11217.702978515625,0.02100905793069674,-8076.25
3353.25,3421.75,3330.75,3392.25,1150090,11273.75,11524.25,11197.5,11475.0,1003949,50.284732904427685,3339.1300048828125,-0.011715296198054781,49.398830149335836,11228.365478515625,-0.01704557839440246,-7920.5
3406.75,3416.5,3331.75,3338.0,895709,11470.0,11507.5,11208.5,11217.25,672177,55.594897736581395,3339.4550048828123,0.015954670841720642,53.15942905189543,11232.227978515624,0.017407694866393264,-8063.25
3437.5,3447.75,3404.0,3407.25,638300,11539.0,11578.25,11470.0,11474.5,588811,58.34864085145712,3344.3050048828127,0.009026197989286056,54.441436614458325,11250.265478515625,0.006015693112467302,-8101.5
3473.25,3480.0,3445.5,3447.0,571111,11724.75,11740.0,11553.0,11561.0,495693,61.34960043926353,3351.2800048828126,0.010399999999999965,57.79064048370877,11283.427978515625,0.01609758211283463,-8251.5
3532.75,3541.25,3464.0,3470.25,726172,12098.25,12197.0,11691.75,11728.75,915877,65.7700175274648,3358.7925048828124,0.017130929244943527,63.58722080478031,11324.315478515626,0.031855689886777894,-8565.5
3504.75,3536.0,3491.25,3533.75,894785,12094.0,12249.0,12018.0,12098.75,1029928,62.16677614690609,3363.7675048828123,-0.00792583681268133,63.48039265478346,11355.802978515625,-0.00035129047589532725,-8589.25
3481.0,3524.0,3472.25,3502.25,901013,11974.25,12177.75,11901.75,12080.0,930587,59.20394883480919,3368.3425048828126,-0.006776517583279795,60.401228037217734,11391.077978515625,-0.009901604101207218,-8493.25
3475.5,3486.75,3431.5,3479.5,897971,11874.0,11983.75,11737.0,11951.0,917362,58.50852289491721,3374.0425048828124,-0.0015800057454754546,57.87050779399954,11430.277978515625,-0.008372131866296373,-8398.5
3462.25,3508.5,3461.25,3478.5,719766,11798.0,12021.75,11792.25,11891.25,754824,56.77822880544683,3379.475,-0.00381240109336789,55.95641858371316,11462.9375,-0.0064005389927572764,-8335.75
3422.75,3496.5,3410.75,3470.75,1027486,11650.25,11950.75,11592.0,11815.75,906804,51.854924321721214,3386.8625,-0.011408765975882695,52.33252721508401,11496.0,-0.012523309035429753,-8227.5
3432.25,3469.75,3418.0,3435.75,1078100,11660.75,11792.0,11598.75,11697.75,907890,52.912452907965005,3393.5125,0.0027755459791103387,52.56762396946556,11521.5625,0.0009012682131284144,-8228.5
3432.5,3457.75,3420.75,3435.25,1034105,11691.25,11779.25,11581.25,11673.0,929366,52.94174680366046,3403.575,7.283851700790045e-05,53.288308702435764,11564.675,0.0026156122033316187,-8258.75
3449.25,3453.0,3402.25,3430.5,856913,11649.75,11723.75,11511.0,11686.25,911764,54.9633531735388,3414.1375,0.004879825200291288,52.12773627655537,11602.575,-0.0035496632096653213,-8200.5
3451.75,3463.5,3431.75,3455.75,773247,11663.5,11691.5,11550.5,11666.75,729889,55.27220358085548,3422.3625,0.0007247952453433015,52.4968852652921,11628.925,0.0011802828386875408,-8211.75
3393.5,3447.0,3356.0,3446.0,1270433,11492.25,11695.75,11343.25,11650.25,944202,47.157486480867675,3424.7375,-0.016875497935829653,47.576257014611585,11633.8,-0.014682556693959792,-8098.75
3383.0,3410.25,3368.0,3394.5,940467,11588.0,11623.0,11478.0,11497.5,794205,45.85074097320645,3427.2,-0.0030941505819950255,50.37693690714067,11646.3125,0.008331701799038527,-8205.0
3263.5,3370.75,3260.75,3368.75,1529943,11132.75,11566.5,11124.0,11560.75,1055403,34.22646918086002,3422.775,-0.0353236772095773,39.556414632979944,11632.5875,-0.03928633068691745,-7869.25
3302.25,3333.75,3250.25,3278.75,1357129,11342.75,11457.75,11145.0,11181.75,941469,39.576018785460015,3419.5,0.011873755170828781,45.384021041092325,11620.9875,0.018863263793761575,-8040.5
3264.75,3296.25,3225.0,3268.25,1733336,11046.25,11281.25,10944.25,11218.5,1374709,36.4835363933181,3415.775,-0.01135589370883483,39.58143468415959,11611.6375,-0.026140045403451495,-7781.5
3300.5,3323.5,3243.25,3262.25,1313229,11063.25,11212.0,10942.25,11039.0,1112623,41.200657873998395,3411.15,0.010950302473389906,40.054676223075354,11591.3375,0.0015389838180377424,-7762.75
3361.5,3382.75,3301.25,3304.25,1055224,11265.75,11347.25,11065.0,11075.25,914456,48.26130766672982,3411.5625,0.018482048174518928,45.52794755503275,11590.9375,0.018303843807199405,-7904.25
3435.0,3480.0,3319.25,3362.5,1504508,11763.0,11845.25,11230.0,11256.5,1346293,55.23625322035427,3412.975,0.021865238732708514,56.12221262896228,11605.5875,0.04413820651088485,-8328.0
3504.75,3522.5,3428.0,3447.75,1113831,12076.5,12118.5,11771.25,11817.75,1087585,60.656728849246086,3416.3375,0.020305676855895127,61.24047951546345,11632.4625,0.026651364447844994,-8571.75
3500.75,3519.0,3456.5,3509.0,1103710,12075.0,12109.0,11869.5,12087.75,1277042,60.20647788662437,3417.7125,-0.0011413082245523842,61.203692527462756,11649.975,-0.0001242081728978217,-8574.25
3544.0,3668.75,3515.75,3522.5,1805691,11820.5,12408.0,11812.75,12134.75,1592797,63.37236446928413,3418.275,0.012354495465257465,55.15047706703192,11636.0875,-0.021076604554865375,-8276.5
3541.0,3562.75,3506.25,3549.25,1651819,11618.25,11901.25,11503.0,11863.25,1852259,62.99797006066824,3420.0875,-0.0008465011286681312,50.84663659328534,11612.3,-0.01711010532549384,-8077.25
3568.0,3576.75,3530.75,3546.5,978070,11886.0,11919.5,11575.0,11634.75,1115308,65.0019810453315,3424.4375,0.0076249646992374576,55.76783343658627,11607.8875,0.023045639403524554,-8318.0
3532.5,3575.0,3513.0,3574.5,1209448,11820.0,11975.0,11775.75,11899.75,1082972,60.37219634337137,3427.2875,-0.00994955156950672,54.3240282357632,11605.1875,-0.005552751135790013,-8287.5
3582.0,3590.0,3518.25,3538.0,827963,11933.5,11952.75,11801.75,11861.25,881222,64.20102812555666,3433.275,0.014012738853503182,56.41385321416701,11611.9625,0.00960236886632826,-8351.5
3623.0,3636.75,3586.0,3586.75,853041,12005.0,12065.25,11853.25,11953.5,892223,67.04153955815562,3443.2875,0.01144611948632046,57.72602316679276,11629.7,0.005991536431055433,-8382.0
3606.75,3630.0,3584.0,3626.0,923520,11975.0,12093.0,11954.25,12060.25,868762,64.8454028457723,3452.0125,-0.004485233232128016,56.95130245197816,11645.4125,-0.002498958767180315,-8368.25
3565.0,3623.25,3556.0,3603.75,974851,11897.0,12027.75,11862.5,11973.0,915590,59.45647522998073,3458.6375,-0.011575518125736428,54.88870468833391,11655.7,-0.006513569937369512,-8332.0
3580.0,3582.5,3542.0,3561.75,891717,11987.25,12000.0,11804.5,11876.75,841570,60.719521863733995,3465.175,0.004207573632538653,56.836592308558664,11672.575,0.007585946036815949,-8407.25
3554.25,3582.5,3542.5,3560.5,754973,11905.75,12021.5,11873.25,11960.25,727445,57.41294685229251,3470.3,-0.007192737430167573,54.54605673332842,11684.6875,-0.0067988904878100165,-8351.5
3576.0,3596.0,3545.0,3546.25,755342,11905.25,12001.75,11808.25,11907.75,774828,59.42295211747054,3479.425,0.006119434479848085,54.5315371608559,11705.3375,-4.199651428926643e-05,-8329.25
3632.75,3640.0,3575.25,3576.25,763423,12076.0,12105.25,11872.5,11915.0,679842,64.17419131972623,3491.9125,0.015869686800894955,58.5858275162322,11729.7375,0.014342411961109525,-8443.25
3627.25,3655.0,3615.25,3635.75,703798,12152.25,12177.75,12078.5,12099.0,646303,63.39938527169779,3510.1,-0.0015140045420136694,60.28870139751128,11780.7125,0.006314176879761435,-8525.0
3636.5,3642.75,3612.75,3629.25,347834,12257.5,12307.75,12126.5,12168.25,521924,64.18261682836632,3526.8125,0.002550141291612018,62.576137866206714,11826.45,0.008660947561151211,-8621.0
3623.25,3651.75,3592.25,3644.0,993931,12277.0,12336.75,12085.75,12286.25,930759,62.13158198667573,3544.7375,-0.00364361336449881,63.00136197457825,11887.9875,0.0015908627370997408,-8653.75
3660.5,3677.5,3625.75,3631.25,839881,12452.25,12512.5,12312.0,12327.5,952086,65.47214942555073,3562.7375,0.01028082522597118,66.6670167182942,11957.4375,0.014274659933208422,-8791.75
3667.25,3672.75,3642.25,3661.0,678576,12454.25,12475.0,12313.75,12458.25,855549,66.05648466492849,3578.025,0.0018440103810954955,66.70755526359997,12016.8625,0.00016061354373708703,-8787.0
3664.5,3682.0,3655.25,3671.0,716871,12462.25,12540.25,12443.5,12471.75,717437,65.56961938836892,3589.5,-0.0007498807007976227,66.88106148799977,12051.825,0.000642351004677133,-8797.75
3698.0,3700.0,3665.5,3668.0,567166,12526.0,12535.5,12448.5,12488.0,595128,68.60523881771225,3599.1625,0.0091417655887569,68.29887444071356,12074.3,0.005115448654937849,-8828.0
3690.75,3705.0,3672.25,3695.0,664937,12596.0,12612.25,12475.0,12523.75,642497,67.22387858475386,3608.6625,-0.001960519199567301,69.82634545895773,12100.35,0.005588376177550591,-8905.25
3702.0,3708.0,3664.0,3682.25,672062,12637.5,12652.25,12502.5,12572.25,716926,68.29080409002806,3616.5625,0.0030481609428978373,70.72688336824108,12141.2,0.0032946967291203055,-8935.5
3672.5,3715.0,3659.25,3707.25,1143360,12367.0,12674.75,12306.5,12657.5,1247179,62.54169727722622,3623.1375,-0.007968665586169599,58.47627533947889,12178.6375,-0.021404549950543972,-8694.5
3668.5,3681.25,3644.0,3669.75,918121,12402.0,12449.0,12218.0,12344.0,1056100,61.782203528365734,3628.1625,-0.001089176310415274,59.45485776058674,12204.4375,0.002830112395892259,-8733.5
3661.25,3675.0,3628.0,3668.75,296527,12368.0,12414.5,12234.25,12393.75,396055,60.35164268146334,3634.6,-0.0019762845849802257,58.02429622071391,12231.8375,-0.00274149330753104,-8706.75
3646.5,3698.5,3644.25,3677.5,221323,12456.5,12549.25,12386.5,12392.75,238636,57.43771485204926,3637.825,-0.004028678729941948,60.676577312156105,12257.9875,0.007155562742561461,-8810.0
3694.5,3695.75,3642.75,3652.25,115720,12591.75,12605.25,12417.0,12463.0,190391,63.59736950349992,3641.4,0.013163307280954273,64.3807020596038,12287.325,0.010857785092120542,-8897.25
3700.75,3711.5,3687.25,3695.0,79520,12665.25,12700.0,12567.0,12598.5,112793,64.32140953495619,3646.1,0.0016917038841521848,66.24171509712832,12321.8375,0.005837155280242978,-8964.5
3721.25,3727.0,3699.5,3703.25,62060,12751.0,12766.5,12667.5,12676.75,55549,66.66352354931743,3653.9125,0.0055394176856042865,68.32123811986274,12364.5375,0.006770494068415456,-9029.75
3726.25,3748.25,3708.0,3722.25,933634,12800.0595703125,12820.0,12710.0,12749.75,750643,67.2285858753755,3661.225,0.0013436345314075115,69.47960929618205,12405.177978515625,0.0038475076709669764,-9073.8095703125
3685.75,3724.25,3596.0,3718.0,1301639,12683.5,12783.5,12461.0,12756.0,1061715,58.568703883906416,3667.8,-0.010868835961086898,63.535273587588485,12444.065478515626,-0.00910617405116143,-8997.75
3677.25,3695.25,3663.75,3684.75,869272,12710.0,12760.0,12593.75,12697.5,849302,56.911757035205554,3672.8625,-0.0023061792036899176,64.28343999413906,12484.302978515625,0.0020893286553396173,-9032.75
3681.5,3701.5,3651.0,3674.5,639737,12651.25,12739.0,12621.5,12706.0,596954,57.55828978331573,3675.3,0.0011557549799443567,61.281504578863476,12513.065478515626,-0.0046223446105428945,-8969.75
3695.0,3696.25,3679.0,3684.0,197946,12704.5,12724.0,12631.5,12660.0,288135,59.63041297342462,3678.6875,0.003666983566481097,62.969451570807124,12540.677978515625,0.0042090702499753,-9009.5
3727.5,3732.25,3675.0,3682.25,473807,12832.75,12855.75,12651.75,12677.0,525846,64.16617387713913,3683.2375,0.008795669824086527,66.73127909870254,12569.440478515626,0.010094848282104829,-9105.25
3720.0,3747.75,3714.5,3730.0,650390,12841.0,12918.25,12807.75,12843.0,674644,62.42314696928453,3688.075,-0.002012072434607659,66.96377239967148,12597.640478515625,0.0006428863649645677,-9121.0
3724.25,3738.25,3716.5,3724.25,457574,12841.5,12909.75,12820.5,12860.0,488570,63.035906892789285,3691.2625,0.001142473118279641,66.97883387397887,12617.102978515624,3.8937777431691245e-05,-9117.25
3748.75,3753.0,3715.0,3725.0,400961,12885.5,12895.5,12796.25,12840.0,376007,66.43397229528529,3695.3375,0.006578505739410545,68.34645785515369,12638.665478515624,0.0034263909979364016,-9136.75
3692.25,3773.25,3652.5,3748.5,1290071,12685.5,12960.0,12522.0,12888.25,916861,54.08581615563764,3696.725,-0.0150716905635212,56.8256989074027,12649.827978515625,-0.015521322416669925,-8993.25
3718.25,3729.75,3673.25,3695.0,961746,12793.5,12808.5,12611.75,12684.5,790422,57.958399031593196,3697.7375,0.007041776694427515,60.680092081486066,12663.202978515625,0.008513657325292634,-9075.25
3740.5,3774.75,3685.5,3716.75,1423087,12616.75,12844.5,12491.25,12801.25,1326413,60.9906420512719,3700.225,0.005983997848450162,52.430457771763486,12664.240478515625,-0.013815609489193692,-8876.25
3795.5,3804.0,3742.0,3751.5,760416,12928.0,12958.75,12646.25,12659.25,786257,67.27403934417947,3704.9,0.014703916588691301,62.18107784264484,12678.765478515625,0.024669586066142335,-9132.5
3817.5,3824.25,3775.25,3797.5,1035440,13097.25,13125.25,12919.25,12927.0,954785,69.39742264388306,3712.15,0.0057963377684100426,66.23415511925455,12715.277978515625,0.013091738861386037,-9279.75
3792.0,3820.75,3776.25,3815.75,804542,12897.0,13105.5,12872.0,13098.75,826314,64.19794956816304,3718.325,-0.0066797642436149385,58.27629661621933,12740.027978515625,-0.015289469163374036,-9105.0
3794.5,3806.75,3767.75,3793.75,848854,12890.25,12959.0,12767.0,12915.0,688554,64.47893671934534,3724.9875,0.0006592827004219259,58.02323163236244,12766.140478515625,-0.0005233775296580312,-9095.75
3803.75,3813.5,3776.5,3792.5,703893,12972.25,13003.0,12820.5,12885.75,587442,65.55608977371857,3732.85,0.0024377388325207416,60.279789209168875,12791.927978515625,0.006361397180039141,-9168.5
3791.25,3817.75,3786.25,3807.5,709837,12901.0,13028.75,12880.75,12975.25,625300,62.785307203094526,3737.6875,-0.0032862306933947316,57.39276600963997,12807.390478515625,-0.005492493592090808,-9109.75
3762.25,3797.75,3741.5,3792.75,1067450,12802.25,12930.75,12743.25,12908.0,775481,56.788470213072735,3740.7625,-0.007649192218925127,53.563756089081465,12814.240478515625,-0.007654445391830134,-9040.0
3790.5,3797.0,3741.0,3750.25,767205,12985.5,13031.75,12727.0,12774.0,858308,60.72394568298814,3744.225,0.007508804571732419,59.02664561628442,12825.965478515625,0.014313890136499419,-9195.0
3845.0,3852.5,3788.75,3795.75,626632,13294.25,13327.25,13018.0,13029.75,635635,66.97318305108982,3750.1625,0.014378050389130648,66.234228946701,12850.675,0.02377651996457586,-9449.25
3846.0,3859.75,3836.5,3841.25,553426,13395.5,13423.75,13283.0,13290.25,672678,67.0766950688901,3758.175,0.0002600780234069955,68.20920695065064,12886.275,0.007616074618726154,-9549.5
3834.25,3849.5,3813.5,3846.5,630792,13361.5,13400.5,13300.0,13394.75,636521,64.51794917234706,3766.025,-0.0030551222048882387,66.79632228502943,12918.85,-0.0025381658019484332,-9527.25
3848.5,3853.5,3788.5,3835.0,1191844,13475.5,13555.0,13189.0,13366.0,1112348,66.20182637256073,3774.375,0.00371650257547107,69.10697543551365,12960.0625,0.008531976200276903,-9627.0
3842.5,3862.5,3821.5,3845.25,779412,13485.5,13599.75,13380.75,13460.25,863645,64.8072372292493,3781.75,-0.0015590489801221574,69.30873918083482,12999.1125,0.0007420874921153509,-9643.0
3744.25,3853.0,3706.25,3845.5,1611192,13105.5,13586.75,12882.5,13553.0,1285859,47.25330284339195,3782.5875,-0.025569290826285007,54.691354914999025,13012.75,-0.028178413851914996,-9361.25
3779.25,3823.75,3703.25,3735.0,1446451,13186.0,13394.0,12906.25,13053.75,1211130,52.218442139366644,3785.55,0.009347666421846812,56.77129515242143,13030.0,0.006142459272824308,-9406.75
3705.25,3777.0,3685.5,3769.5,1705079,12911.25,13187.25,12830.0,13159.25,1713363,43.00182735028034,3784.6,-0.019580604617318254,48.575137165141605,13033.4875,-0.020836493250417143,-9206.0
3765.75,3777.0,3657.0,3692.75,1085502,13236.5,13271.75,12726.75,12850.0,1046257,50.6680915243337,3785.45,0.01632818298360439,56.568828127535845,13051.0375,0.025191209216768318,-9470.75
3818.25,3835.75,3759.75,3764.5,923295,13449.0,13509.0,13230.0,13232.75,793264,56.176414169707414,3791.75,0.01394144592710611,60.85061875617759,13089.2125,0.016054092849318247,-9630.75
3823.5,3843.5,3807.75,3829.25,803413,13394.25,13584.25,13387.0,13503.75,836674,56.69712056639269,3797.0125,0.0013749754468670439,59.23038270667744,13119.25,-0.004070934641980828,-9570.75
3864.5,3869.75,3811.5,3833.0,683457,13547.5,13572.0,13345.75,13427.5,637416,60.631227109524865,3803.2125,0.010723159408918548,62.25953805744658,13165.7875,0.011441476753084379,-9683.0
3880.25,3888.5,3860.0,3864.0,605142,13598.0,13638.5,13519.25,13563.0,605123,62.057291247053485,3807.45,0.004075559580799526,63.229076486837606,13199.2875,0.003727625023066894,-9717.75
3908.0,3911.25,3885.5,3888.25,523552,13683.0,13692.5,13596.0,13620.75,624302,64.49742770317289,3811.975,0.007151601056633039,64.86516921149294,13228.575,0.006250919252831277,-9775.0
3905.5,3913.5,3895.0,3910.5,505173,13680.25,13735.25,13634.0,13685.0,588737,64.09749351342384,3817.65,-0.0006397134083930833,64.76476761028687,13267.7375,-0.00020097931740115094,-9774.75
3903.0,3928.25,3878.5,3912.0,1048702,13643.5,13769.25,13517.25,13698.75,971540,63.67230512597034,3823.075,-0.0006401229035974954,63.35350109638795,13305.4,-0.002686354416037706,-9740.5
3912.0,3920.75,3884.5,3906.75,845446,13729.0,13744.0,13613.5,13667.25,812009,64.58313577985047,3828.4875,0.002305918524212247,65.2506870572506,13343.2375,0.0062667204163153745,-9817.0
3931.0,3936.25,3890.25,3905.5,538150,13804.75,13822.5,13646.0,13710.25,569427,66.4931190976145,3835.475,0.004856850715746486,66.8863207784436,13388.425,0.00551751766334041,-9873.75
3927.75,3959.25,3918.75,3936.25,846600,13767.75,13900.75,13715.75,13829.0,876085,65.83905919201746,3843.75,-0.0008267616382600096,65.27025543829674,13436.7,-0.0026802368749886396,-9840.0
3928.0,3932.5,3896.5,3929.5,844376,13699.75,13785.5,13543.0,13757.75,862384,65.86687285777145,3850.625,6.364967220418016e-05,62.29145142040906,13472.4125,-0.004939078643932393,-9771.75
3909.5,3936.0,3880.5,3928.0,891820,13633.0,13724.75,13468.75,13699.0,936629,61.853503630407474,3853.85,-0.004709775967413399,59.42450716946558,13489.35,-0.004872351685249687,-9723.5
3903.0,3931.25,3890.25,3911.0,776526,13576.0,13729.0,13534.25,13638.5,905237,60.4595971661452,3856.7,-0.0016626167029031302,57.0114844236089,13498.375,-0.004181031321059181,-9673.0
3873.5,3914.25,3861.25,3905.0,867790,13224.25,13629.0,13215.0,13584.5,1137912,54.46101762407083,3858.6625,-0.007558288496028687,44.89585442147524,13491.5125,-0.025909693576900428,-9350.75
3878.0,3895.75,3804.75,3877.75,1448708,13192.0,13335.75,12757.5,13226.5,1586603,55.19134943760385,3860.1375,0.0011617400283980839,43.97317304656576,13477.3375,-0.002438701627691553,-9314.0
3922.5,3927.75,3851.75,3876.5,1166913,13302.0,13333.0,12958.0,13171.5,1284595,61.727935299697926,3864.1375,0.011474987106756096,47.90579818251906,13468.1625,0.008338386901152184,-9379.5
3828.0,3934.5,3810.25,3923.75,1784926,12831.75,13354.25,12764.0,13308.25,1893015,46.286173069119386,3868.325,-0.024091778202676828,36.2058065194406,13454.475,-0.03535182679296345,-9003.75
3809.25,3858.75,3785.0,3823.0,1906843,12911.0,13089.75,12663.25,12800.5,1877394,43.93759224140195,3869.825,-0.004898119122257016,38.91349023936346,13440.725,0.006176086660042435,-9101.75
3898.75,3912.0,3812.5,3817.0,963058,13279.75,13318.0,12946.75,12955.75,1025183,55.5353823574505,3879.5,0.02349543873465909,49.62700550713636,13459.15,0.028560917047478984,-9381.0
3867.5,3906.75,3865.75,3903.0,1240740,13055.25,13328.0,13048.0,13311.75,1084739,51.527163689397426,3884.5875,-0.008015389547932017,44.508970737036954,13450.0875,-0.016905438731903866,-9187.75
3816.75,3897.75,3813.0,3867.75,1541944,12681.75,13191.0,12662.5,13061.0,1456894,45.75202203637295,3884.5125,-0.01312217194570131,37.567433849206324,13411.725,-0.028609180214856145,-8865.0
3765.5,3842.0,3720.5,3817.75,2214003,12455.0,12797.0,12306.25,12682.75,2099066,40.78119289783823,3881.6125,-0.013427654418025847,34.091325210128616,13364.7625,-0.017880024444575815,-8689.5
3839.0,3850.0,3728.5,3765.0,2201668,12663.75,12697.75,12207.5,12437.0,1789102,49.29036286065356,3880.3375,0.01951932014340718,39.629544350039644,13320.575,0.01676033721397019,-8824.75
3819.25,3879.25,3796.25,3854.5,1587819,12297.25,12761.25,12283.75,12714.0,1748168,47.32265295683833,3877.2875,-0.0051445688981505144,34.19652004450755,13255.5375,-0.028940874543480377,-8478.0
3873.25,3901.25,3826.25,3831.5,943071,12788.75,12867.25,12325.5,12346.5,1204245,52.863403760196725,3875.55,0.01413890161680964,45.07204492743014,13210.825,0.03996828559230714,-8915.5
3896.5,3916.25,3856.75,3877.0,1131511,12749.25,12993.0,12704.25,12811.5,1462237,55.05538228484425,3875.1,0.006002710901697572,44.43642322641516,13164.275,-0.0030886521356661145,-8852.75
3936.75,3958.5,3893.0,3908.75,731693,13048.25,13119.5,12724.25,12794.5,1135178,58.64108913402798,3876.7875,0.010329783138714133,50.16544904014269,13134.5125,0.02345235994274164,-9111.5
3942.25,3947.75,3910.0,3937.25,350592,12933.5,13095.0,12767.75,13051.75,645640,59.12101994235867,3878.3,0.001397091509493853,48.115053055336325,13094.7375,-0.008794282758224248,-8991.25
3967.5,3969.75,3922.0,3946.0,149588,13078.5,13099.0,12872.75,12939.0,310513,61.3390403720453,3880.125,0.006404971780074931,50.848852742059236,13058.425,0.01121119573201379,-9111.0
3962.5,3980.25,3952.75,3966.25,118247,13151.5,13296.75,13056.75,13082.25,246289,60.63742428034059,3881.8625,-0.001260239445494693,52.21395731158813,13027.6125,0.005581679856252686,-9189.0
3974.0,3983.75,3935.25,3965.5,118706,13201.5,13283.0,12946.25,13168.0,215186,61.72191365398436,3884.1625,0.0029022082018927975,53.173265088966886,13002.7,0.0038018476979813087,-9227.5
3916.5,3988.5,3907.5,3971.75,93285,12795.5,13279.75,12774.5,13198.5,141970,53.7482037004045,3884.5125,-0.01446904881731248,45.23272001050952,12960.825,-0.03075408097564669,-8879.0
3912.6201171875,3934.5,3906.75,3921.25,1073241,12808.759765625,12917.5,12730.5,12813.5,1330097,53.24832748887038,3884.993505859375,-0.0009906505330014026,45.5188725278381,12922.46298828125,0.0010362835078738808,-8896.1396484375
3930.0,3944.5,3885.0,3893.75,756434,13071.75,13157.0,12789.5,12820.75,945854,55.25579369390294,3887.818505859375,0.004442006198392079,50.98855781027044,12914.83798828125,0.020532060807385122,-9141.75
3899.75,3938.75,3890.5,3933.0,1142576,13006.25,13172.0,12978.75,13068.75,1208348,51.13981198344776,3888.906005859375,-0.007697201017811683,49.65154556484683,12905.55048828125,-0.005010805745213953,-9106.5
3880.75,3931.75,3877.5,3905.5,1171625,12794.0,13145.0,12784.25,13050.0,1188827,48.68669201406328,3886.818505859375,-0.00487210718635811,45.48899009421352,12880.15048828125,-0.016319077366650614,-8913.25
3900.5,3909.5,3843.25,3883.0,1454050,12770.5,12859.5,12609.75,12804.0,1512250,51.30169213970712,3890.443505859375,0.005089222444115249,45.03877640900174,12877.08798828125,-0.0018367984992965214,-8870.0
3964.75,3967.75,3900.75,3907.75,1042676,12966.75,12988.5,12675.75,12799.25,1235458,58.679076860369804,3898.218505859375,0.0164722471478016,49.531021076725715,12879.87548828125,0.0153674484162718,-9002.0
3959.0,3971.25,3929.0,3961.5,1376697,12944.5,13002.75,12807.0,12967.0,1361774,57.834661441751074,3901.231005859375,-0.0014502805977678612,49.04160668920103,12863.11298828125,-0.0017159272755316035,-8985.5
3947.75,3969.0,3933.75,3964.25,1057421,12878.25,12984.0,12776.75,12974.75,1104139,56.13266782698795,3905.243505859375,-0.0028416266734023754,47.53549216454269,12854.26298828125,-0.005118003785391512,-8930.5
3967.5,3983.75,3941.5,3949.5,764414,13089.75,13158.25,12858.5,12891.75,831363,58.444707758649464,3912.781005859375,0.005002849724526692,52.54593279266974,12874.66298828125,0.01642303884456342,-9122.25
4010.0,4015.25,3964.5,3967.0,673486,13316.0,13333.0,13090.0,13093.75,809150,62.967843524381244,3925.006005859375,0.010712035286704502,57.24937376026671,12917.71298828125,0.017284516511010484,-9306.0
4067.75,4073.75,4021.0,4028.5,589360,13585.5,13614.75,13304.25,13344.0,672584,68.05589755658667,3936.443505859375,0.01440149625935172,62.071738530247764,12963.80048828125,0.020238810453589773,-9517.75
4064.0,4076.0,4052.25,4070.0,732333,13570.0,13654.25,13524.5,13603.0,881355,67.40823375879229,3948.681005859375,-0.0009218855632721068,61.641067814215674,13027.43798828125,-0.0011409223068713503,-9506.0
4070.0,4075.75,4056.5,4067.0,669472,13604.75,13641.25,13513.0,13580.0,794033,67.93404837622563,3958.518505859375,0.001476377952756014,62.2730587117847,13068.23798828125,0.002560795873249866,-9534.75
4089.0,4098.5,4072.5,4075.0,591195,13747.75,13789.75,13614.75,13621.75,775241,69.60627714742373,3968.143505859375,0.004668304668304701,64.84023773855128,13118.16298828125,0.010511034748892811,-9658.75
4119.5,4121.5,4081.0,4098.0,626181,13829.5,13841.0,13648.5,13787.0,829301,72.11977625202924,3977.281005859375,0.007459036439227296,66.25395902290076,13157.22548828125,0.005946427597243176,-9710.0
4120.25,4124.25,4104.5,4114.0,665456,13808.75,13832.0,13731.75,13817.25,776272,72.18070007394996,3986.181005859375,0.0001820609297245035,65.53368544762623,13200.98798828125,-0.001500415777866193,-9688.5
4132.75,4139.75,4101.25,4122.5,646010,13975.75,13993.75,13772.5,13825.5,784551,73.2306350111766,3994.443505859375,0.003033796492931229,68.5016362320574,13245.85048828125,0.012093781117045399,-9843.0
4118.0,4143.75,4113.0,4134.5,1026844,13798.75,14029.0,13772.75,13977.0,1048086,69.8791999747027,4002.218505859375,-0.003569052083963409,62.37125080745119,13278.21298828125,-0.012664794375972677,-9680.75
4162.5,4166.75,4119.5,4123.25,656640,14014.0,14034.25,13789.5,13827.5,790571,73.77819954729836,4011.643505859375,0.010806216610004915,66.31881153254392,13318.83798828125,0.015599239061509174,-9851.5
4176.25,4183.5,4154.25,4162.5,694848,14029.5,14059.0,13953.0,13999.75,782661,74.86103256725633,4024.631005859375,0.0033033033033031955,66.59061235973833,13380.53798828125,0.00110603682032262,-9853.25
4155.5,4174.75,4142.0,4165.5,1024651,13897.25,14052.5,13821.0,13989.25,1167074,70.15294048611537,4036.775,-0.004968572283747363,61.993765373085935,13434.9625,-0.009426565451370328,-9741.75
4126.5,4167.5,4110.5,4156.5,1144209,13794.25,13933.75,13719.0,13899.5,1186060,64.0866744632562,4046.6,-0.0069787029238358445,58.60081931923868,13471.0875,-0.007411538253971117,-9667.75
4164.75,4167.25,4112.75,4120.75,849638,13919.25,13926.75,13700.25,13742.25,883268,68.01526248406947,4059.85,0.009269356597600975,61.3644114264259,13516.7375,0.00906174674230198,-9754.5
4127.75,4171.75,4115.25,4157.75,1323732,13750.25,13944.0,13701.75,13895.25,1190044,61.05742445564613,4072.2,-0.008884086679872727,55.928450118813664,13564.55,-0.012141458771126268,-9622.5
4171.5,4186.75,4127.5,4129.75,756478,13927.0,13981.25,13738.0,13757.25,787363,65.5456348291165,4085.75,0.010598994609654078,59.92671975285184,13622.375,0.012854311739786572,-9755.5
4179.5,4186.0,4163.25,4170.5,557351,14011.5,14038.0,13865.75,13915.0,681564,66.31025004247562,4096.4875,0.001917775380558595,61.7149559273165,13674.6125,0.006067351188339121,-9832.0
4179.0,4191.75,4166.75,4181.5,572040,13953.0,14050.0,13912.75,14023.25,711031,66.2113501482618,4107.4875,-0.00011963153487259959,59.72780710823668,13725.0375,-0.004175141847767905,-9774.0
4176.25,4194.0,4170.25,4180.5,675029,13892.25,13993.5,13878.0,13954.0,816524,65.63155413772435,4118.9125,-0.0006580521655898952,57.65180413188337,13775.7375,-0.004353902386583508,-9716.0
4203.5,4210.75,4168.0,4185.0,959965,13953.5,14064.0,13818.25,13970.75,1073190,68.56868827424194,4130.7125,0.006524992517210393,59.191881256540306,13818.925,0.004408933038204665,-9750.0
4174.5,4201.25,4167.25,4200.5,945134,13850.0,13957.0,13819.5,13948.0,944652,62.45187089102668,4138.9375,-0.006899012727489051,55.51772074488365,13845.625,-0.0074174938187551165,-9675.5
4185.75,4202.5,4181.0,4181.25,656266,13790.0,13947.5,13771.5,13879.25,777228,63.80094591932642,4144.8375,0.0026949335249730755,53.44657139659171,13855.85,-0.0043321299638988675,-9604.25
4158.25,4185.75,4120.5,4184.0,1198349,13536.0,13792.5,13380.75,13786.25,1202754,58.28790632408227,4149.55,-0.006569909813056163,45.67780344607736,13854.15,-0.01841914430746916,-9377.75
4160.0,4180.0,4153.0,4158.5,797762,13491.0,13665.5,13462.5,13526.75,936762,58.53346303038539,4154.05,0.000420850117236915,44.44520754783004,13848.4625,-0.0033244680851063357,-9331.0
4194.25,4197.0,4140.5,4159.0,1088435,13597.75,13611.75,13389.0,13486.0,1211699,63.110644100942366,4159.3125,0.008233173076923173,48.02802577118997,13840.9625,0.007912682529093384,-9403.5
4225.25,4232.25,4191.75,4196.5,788472,13709.75,13818.0,13588.25,13605.75,1006542,66.69413901425608,4164.6,0.007391071109256631,51.55791361928265,13834.975,0.008236656799838205,-9484.5
4183.5,4238.0,4172.0,4226.5,929364,13356.75,13751.75,13302.25,13718.25,1080875,58.45790900837274,4167.7625,-0.009881072125909718,41.89884755451541,13812.375,-0.025748098980652445,-9173.25
4146.25,4185.5,4103.75,4177.0,1592809,13346.0,13375.75,13065.5,13316.0,1828176,52.25719921382259,4168.4375,-0.008904027727978936,41.6429888849911,13780.8875,-0.0008048365058865858,-9199.75
4058.75,4150.25,4051.0,4140.25,1630334,12998.5,13352.0,12959.75,13321.5,1716552,41.201672585346884,4165.475,-0.021103406692794646,34.34237453320195,13740.875,-0.026037764124082097,-8939.75
4107.0,4126.75,4029.25,4053.75,1390197,13100.25,13225.0,12914.75,12968.5,1607005,47.764258707511054,4162.7,0.01188789651986455,37.78190016799187,13695.1875,0.007827826287648554,-8993.25
4169.0,4178.25,4104.75,4112.25,741723,13387.0,13426.0,13071.0,13095.5,1041555,54.75272016411133,4162.3375,0.015096177258339338,46.316919335183435,13663.0625,0.021888895250090634,-9218.0
4157.75,4178.75,4136.5,4169.25,840517,13303.5,13452.5,13182.5,13380.5,1064637,53.35777530047764,4162.45,-0.0026984888462461276,44.406612479590486,13633.375,-0.006237394487189074,-9145.75
4123.0,4179.5,4111.75,4159.5,754371,13212.0,13433.0,13178.0,13310.0,856489,49.18901930592621,4162.275,-0.00835788587577413,42.34555275436913,13604.2625,-0.006877889277257854,-9089.0
4111.5,4123.0,4055.75,4114.25,1331299,13233.5,13242.75,12954.25,13182.25,1410586,47.856488357968956,4159.6125,-0.0027892311423720617,43.01483117248789,13569.975,0.0016273085074174354,-9122.0
4154.25,4169.0,4084.5,4108.0,866585,13486.5,13524.0,13151.25,13221.0,926125,52.95820133173034,4160.9375,0.010397665085735142,50.32281724791762,13556.7875,0.01911814712661042,-9332.25
4151.75,4185.0,4147.0,4152.75,905340,13405.0,13569.75,13395.5,13493.25,882592,52.633884312291904,4159.95,-0.0006017933441656576,48.179341837214956,13530.6875,-0.006043080117154154,-9253.25
4193.75,4206.25,4142.5,4151.25,565613,13635.25,13686.25,13356.25,13390.0,576722,57.358465375901595,4160.6625,0.01011621605347135,54.12447177076573,13511.875,0.01717642670645292,-9441.5
4185.5,4212.75,4179.25,4199.5,750389,13656.25,13738.5,13606.5,13654.5,712998,56.17320416403566,4160.9875,-0.0019672131147541183,54.635655946162515,13497.0375,0.0015401257769385168,-9470.75
4193.0,4204.5,4180.5,4188.25,613012,13700.25,13728.25,13656.0,13671.0,608634,57.04226449535353,4161.825,0.0017919006092461665,55.748270251730496,13487.4375,0.003221967963386696,-9507.25
4199.0,4211.5,4177.75,4193.25,631352,13665.5,13720.75,13620.25,13703.75,716347,57.76381961503769,4161.6,0.0014309563558312366,54.60911746259864,13473.0375,-0.0025364500647798716,-9466.5
4202.5,4217.75,4201.0,4211.5,525234,13686.5,13763.25,13662.5,13694.5,575230,58.204836923348346,4163.0,0.000833531793284159,55.20482214739907,13464.8625,0.0015367165489736934,-9484.0
4198.5,4230.0,4189.75,4206.5,807350,13648.75,13773.0,13592.75,13698.75,788715,57.4663190535534,4163.6375,-0.0009518143961927406,53.837012429530226,13457.8,-0.0027581923793519314,-9450.25
4206.25,4215.0,4190.75,4198.25,660607,13673.75,13712.5,13603.0,13653.0,576913,58.56333544233879,4166.0375,0.0018458973442896376,54.638585275717034,13464.6875,0.0018316695668101346,-9467.5
4191.25,4213.5,4165.0,4207.5,872101,13529.25,13707.0,13462.25,13678.5,896698,55.57562345220195,4167.6,-0.0035661218424962726,49.309062125066525,13466.6,-0.010567693573452774,-9338.0
4228.25,4232.0,4177.0,4191.0,571086,13766.75,13784.0,13467.75,13530.0,645248,60.877554429541725,4169.3,0.008827915299731481,56.772361581196954,13475.05,0.017554557717538,-9538.5
4225.5,4234.5,4214.0,4232.0,598200,13804.25,13825.25,13691.5,13772.25,593134,60.30150922848254,4169.3125,-0.0006503872760598162,57.82814676844883,13479.775,0.0027239544554815698,-9578.75
4225.75,4236.75,4206.0,4227.5,752116,13811.5,13916.75,13742.0,13823.5,746795,60.33825126482163,4171.425,5.9164595905825124e-05,58.0415128089626,13502.5125,0.0005252005722875541,-9585.75
4218.5,4235.5,4217.0,4225.75,561993,13814.25,13904.0,13803.5,13813.0,598846,58.643174469246695,4175.0375,-0.0017156717742412564,58.12805047223506,13525.925,0.00019910943778733703,-9595.75
4238.0,4249.0,4207.0,4222.25,737328,13959.75,13976.5,13726.5,13815.75,702931,61.755247648633436,4184.0,0.0046224961479199855,62.53126056639376,13573.9875,0.010532602204245567,-9721.75
4245.75,4247.75,4230.75,4240.0,147389,13994.25,13998.5,13931.75,13974.5,258315,62.94857420200679,4190.9375,0.0018286927796129504,63.51108433162061,13618.6875,0.0024713909633051756,-9748.5
4254.75,4257.5,4233.5,4246.5,82896,14124.75,14133.5,13965.0,13996.5,157769,64.34010555199474,4195.225,0.002119766825649183,67.02389208182116,13655.575,0.009325258588348762,-9870.0
4246.5,4267.5,4238.0,4255.25,61522,14030.25,14163.0,14009.25,14121.25,127209,62.03995804467267,4199.6625,-0.0019390093424995758,62.34341630582511,13691.9125,-0.006690383900600061,-9783.75
4223.0,4251.25,4200.75,4248.0,69818,13981.25,14104.0,13834.0,14047.75,109183,55.90867053994312,4204.6625,-0.005533969151065632,60.003574813672984,13730.375,-0.0034924538051709364,-9758.25
4222.25,4232.5,4192.75,4214.25,74669,14165.5,14213.0,13850.5,13948.5,87366,55.71940795667284,4210.2,-0.0001775988633673231,65.28033615698419,13776.975,0.013178363880196775,-9943.25
4187.25,4231.5,4183.75,4222.75,983593,14107.4296875,14213.25,14064.75,14171.25,841121,47.61819590605111,4211.85,-0.008289419148558186,62.48241524278838,13808.021484375,-0.004099418481521955,-9920.1796875
4213.75,4219.75,4126.5,4142.5,724705,14130.0,14144.0,13958.75,14022.25,788483,53.16995479753145,4214.95,0.006328736043943017,63.14361678780315,13844.271484375,0.0015998883567003297,-9916.25
4236.25,4245.25,4205.75,4219.0,524090,14258.25,14279.25,14066.25,14137.0,621790,57.307328971918665,4217.075,0.005339661821417874,66.73148802563804,13875.421484375,0.009076433121019134,-10022.0
4231.5,4248.25,4230.5,4237.75,431530,14263.0,14316.75,14231.75,14273.5,587636,56.17891273428796,4219.375,-0.0011212747123044986,66.8601633927137,13905.758984375,0.0003331404625392942,-10031.5
4256.0,4263.25,4232.0,4233.75,412380,14354.25,14422.0,14263.0,14274.25,605975,60.499285945162434,4222.525,0.005789909015715411,69.3154685836048,13938.458984375,0.006397672298955381,-10098.25
4271.25,4276.75,4253.5,4262.25,388417,14339.0,14394.25,14313.25,14364.75,594197,62.94800073925339,4226.1375,0.0035831766917293617,68.4033441130602,13972.133984375,-0.0010624031210269003,-10067.75
4280.5,4282.0,4264.25,4275.0,439455,14512.5,14519.5,14333.25,14347.75,471785,64.38998968314618,4230.0375,0.002165642376353416,72.79028911449132,14013.433984375,0.012099867494246519,-10232.0
4282.0,4291.0,4271.5,4281.25,448502,14563.0,14585.0,14468.75,14506.75,542004,64.6303788551033,4234.2125,0.0003504263520617279,73.92509201273367,14059.146484375,0.003479758828595969,-10281.0
4288.5,4294.0,4269.25,4284.5,535229,14549.0,14599.0,14518.0,14584.0,550880,65.71059227080744,4238.325,0.001517982251284522,73.01594201369663,14102.908984375,-0.0009613403831627565,-10260.5
4310.75,4312.0,4286.0,4293.75,498634,14548.5,14606.5,14470.75,14558.0,598057,69.18041499751855,4244.3,0.005188294275387584,72.98142107183162,14153.871484375,-3.4366623135606567e-05,-10237.75
4342.75,4347.0,4308.25,4310.0,446891,14713.75,14728.75,14513.5,14542.25,543434,73.35628299696383,4250.025,0.0074233022095921974,76.87311158724452,14201.221484375,0.01135855930164631,-10371.0
4334.0,4348.25,4305.5,4340.25,735486,14775.5,14789.75,14625.25,14702.25,838525,70.54173368158328,4255.45,-0.0020148523401071206,78.14018685882385,14249.783984375,0.004196754736216057,-10441.5
4349.75,4353.0,4320.25,4328.75,683795,14802.25,14883.75,14726.25,14758.5,844793,72.58102796757994,4261.65,0.0036340562990309078,78.68499324871436,14299.321484375,0.0018104294270921972,-10452.5
4313.0,4353.0,4279.25,4352.75,1139550,14712.25,14821.75,14540.0,14811.75,1001374,61.82613094722048,4266.375,-0.008448761423070272,72.16804744696915,14344.221484375,-0.006080156732929165,-10399.25
4360.0,4363.5,4293.0,4310.75,579934,14810.5,14832.0,14640.5,14712.75,694222,68.29633292549605,4272.475,0.010897287271041112,74.63759484630012,14386.758984375,0.006678108379071901,-10450.5
4376.5,4378.75,4341.75,4362.25,497451,14869.25,14888.75,14785.25,14823.75,563544,70.20556029337716,4279.0125,0.0037844036697247674,76.00845126587814,14430.508984375,0.003966780324769603,-10492.75
4361.25,4383.75,4356.5,4376.75,660164,14865.0,14994.5,14794.25,14880.0,824554,66.23539260803557,4284.3375,-0.0034845195932823314,75.68973497597413,14467.521484375,-0.0002858247726011953,-10503.75
4367.75,4384.5,4349.75,4359.75,691858,14891.75,14996.0,14841.0,14868.0,817428,67.08966781577439,4290.4,0.0014903983949556832,76.361596933702,14510.596484375,0.001799529095189989,-10524.0
4352.0,4370.25,4332.25,4367.0,772186,14787.5,14962.5,14708.25,14896.25,1017598,62.934605894439706,4296.85,-0.0036059756167362567,68.42487227933913,14550.908984375,-0.007000520422381529,-10435.5
4318.5,4368.0,4314.25,4348.0,755256,14670.5,14869.5,14657.25,14778.0,893209,55.11569791153225,4301.6625,-0.0076976102941176405,60.78857611087969,14576.158984375,-0.007912087912087862,-10352.0
4251.25,4322.25,4224.0,4320.25,1324064,14540.75,14683.25,14444.25,14675.75,1324573,43.44644618975942,4304.8625,-0.01557253676044923,53.63935827734085,14597.825,-0.008844279336082561,-10289.5
4315.5,4328.75,4252.75,4263.0,900448,14722.75,14782.25,14516.75,14593.5,869753,53.56232641180955,4309.95,0.015113201999412018,60.633194234298465,14627.4625,0.01251654832109761,-10407.25
4350.5,4355.25,4309.75,4319.0,578208,14827.75,14841.75,14666.75,14729.5,778237,57.972511450088476,4315.6625,0.008110300081102917,64.00676254650531,14655.9375,0.007131819802686401,-10477.25
4359.5,4371.5,4341.5,4355.25,500563,14928.5,14982.75,14823.25,14838.0,859820,59.04948460386064,4322.0625,0.0020687277324444864,66.93476467636144,14689.2125,0.006794692384211931,-10569.0
4403.0,4407.75,4367.5,4371.0,474398,15098.0,15117.5,14934.25,14978.25,806795,63.86879908348844,4329.4125,0.0099782085101503,71.1821476328256,14726.4,0.011354121311585308,-10695.0
4414.25,4416.75,4375.5,4400.25,507978,15117.75,15134.25,15038.75,15098.0,685147,65.01549835146247,4336.5625,0.002555076084487906,71.63928741968871,14765.3375,0.001308120280831826,-10703.5
4394.5,4416.0,4364.5,4415.75,934515,14947.75,15131.5,14774.5,15125.0,1000863,61.335254697844285,4342.2625,-0.004474146230956544,62.45544872610647,14787.1,-0.011245059615352826,-10553.25
4393.75,4407.75,4375.75,4379.75,697343,15011.5,15074.75,14866.5,14876.25,1012173,61.193595592221975,4347.85,-0.00017066788030495328,64.3035022676384,14809.525,0.004264855914769772,-10617.75
4411.75,4422.75,4380.25,4393.25,544719,15037.75,15084.0,14904.25,14984.25,718643,63.37961091523733,4354.0125,0.004096728307254605,65.06601923180395,14833.9625,0.0017486593611564238,-10626.0
4389.5,4405.0,4370.5,4394.75,747455,14955.75,14979.75,14811.5,14910.0,820333,58.958433657670035,4357.95,-0.005043350144500525,60.70378575757434,14854.325,-0.005452943425712009,-10566.25
4379.75,4419.75,4377.25,4395.5,693668,14952.75,15056.0,14932.5,14972.25,743820,57.079431489387666,4359.8,-0.0022212097049777446,60.543860571469416,14866.275,-0.00020059174564968085,-10573.0
4415.0,4417.0,4365.25,4384.25,756469,15046.25,15050.0,14848.75,14963.75,886336,61.81734041920263,4363.85,0.008048404589303004,63.74933356960054,14879.8125,0.006253030379027358,-10631.25
4394.75,4415.25,4391.25,4409.0,555035,15073.5,15108.0,14996.75,15039.0,739921,57.86556691805534,4366.1,-0.004586636466591187,64.65069301957841,14893.375,0.0018110824956385496,-10678.75
4421.5,4422.5,4393.75,4396.75,392989,15167.75,15172.25,15069.5,15081.0,554624,61.37793973719727,4371.525,0.006086808123328957,67.64706193650471,14916.15,0.00625269512720994,-10746.25
4429.5,4433.25,4416.0,4420.5,463755,15095.5,15170.0,15047.5,15168.0,697234,62.38775876485902,4375.0,0.0018093407214745394,63.22290996738573,14930.4,-0.004763396021163269,-10666.0
4425.75,4432.0,4412.25,4428.25,421819,15125.25,15146.0,15003.5,15091.25,632672,61.57504278524964,4377.4625,-0.0008465966813410164,64.25942692446714,14943.2,0.001970785995826674,-10699.5
4430.0,4438.25,4416.75,4427.0,434681,15044.5,15157.25,14994.75,15127.75,754586,62.176416488112245,4380.9,0.0009602892165170296,59.368456353240184,14952.175,-0.0053387547313267225,-10614.5
4440.5,4443.5,4420.5,4429.0,448269,15019.5,15119.0,14963.0,15045.25,828334,63.688448208065566,4384.5375,0.002370203160270812,57.899149359376594,14958.5625,-0.0016617368473528238,-10579.0
4454.5,4456.25,4430.25,4440.5,365690,15078.5,15090.5,14941.0,15007.75,640693,65.65962974495781,4389.6625,0.003152798108321031,60.390597039462264,14973.1125,0.0039282266387030695,-10624.0
4462.5,4463.25,4451.0,4456.0,352574,15125.75,15141.5,15055.25,15077.0,463515,66.76973028648273,4396.8625,0.0017959366932316367,62.31402169628165,14995.875,0.003133600822363025,-10663.25
4474.0,4476.5,4432.5,4456.25,658401,15134.0,15139.0,14917.0,15120.0,766071,68.35344280009724,4408.0,0.0025770308123249652,62.65501510942285,15025.5375,0.0005454274994627362,-10660.0
4443.5,4472.25,4412.0,4471.0,1042708,14997.5,15134.75,14897.0,15133.75,958229,60.16380890768237,4414.4,-0.0068171658471166685,53.9560130540407,15039.275,-0.00901942645698428,-10554.0
4394.5,4449.75,4381.75,4437.0,936206,14849.25,15037.0,14806.5,14971.0,894716,49.83363594857724,4416.6,-0.011027343310453519,46.41815129881494,15040.35,-0.009884980830138335,-10454.75
4401.5,4414.75,4347.5,4389.25,1248532,14928.0,14999.0,14711.0,14840.75,1144987,51.12470162365079,4418.7,0.001592900216179416,50.383445909949096,15040.325,0.005303298146370983,-10526.5
4437.0,4440.5,4371.75,4403.5,814722,15086.75,15100.0,14851.75,14943.0,720762,57.14784708716098,4420.4,0.008065432239009462,57.25140182432718,15039.7625,0.0106343783494105,-10649.75
4475.5,4485.75,4433.5,4435.25,496055,15304.5,15338.0,15087.5,15092.25,661257,62.53952857488456,4423.4625,0.008677034032003705,64.50838026274735,15049.1,0.014433194690705475,-10829.0
4482.5,4492.0,4476.75,4481.0,428828,15355.5,15384.0,15309.25,15327.5,540655,63.4402222707879,4427.8625,0.0015640710535136382,65.96567627390735,15069.4875,0.003332353229442253,-10873.0
4493.0,4498.0,4476.25,4483.75,400720,15364.25,15397.0,15333.0,15361.25,579467,64.8071157996691,4432.825,0.0023424428332403657,66.22193536362043,15087.125,0.0005698284002475518,-10871.25
4466.5,4494.5,4465.0,4493.25,784883,15274.75,15368.5,15255.5,15367.0,781142,58.829005725151575,4435.5625,-0.005898063654573793,61.15016639177728,15098.975,-0.0058252111232243164,-10808.25
4505.5,4510.0,4462.0,4469.75,540107,15426.5,15443.75,15265.5,15286.5,674243,64.08041577533228,4441.3625,0.008731669092130412,65.91657404647538,15122.5125,0.009934696148873101,-10921.0
4525.25,4534.5,4500.75,4508.5,509281,15597.5,15617.75,15420.0,15431.75,559226,66.41654632297877,4448.6375,0.004383531239596117,70.3335027233055,15154.75,0.011084821573266845,-11072.25
4520.5,4542.25,4512.75,4529.5,775486,15582.5,15677.25,15514.0,15603.75,733753,65.3162784496165,4453.9125,-0.001049665764322416,69.48288424244949,15181.5625,-0.0009616925789389663,-11062.0
4521.25,4540.0,4519.25,4527.5,580462,15609.25,15698.0,15577.75,15601.25,633192,65.41370526771533,4460.2375,0.00016591085056960608,70.17561001837937,15208.35,0.001716669340606547,-11088.0
4535.25,4544.0,4516.0,4522.5,588129,15601.0,15682.25,15551.25,15609.0,682127,67.26234326097818,4465.925,0.0030964888028752746,69.65049202837169,15230.0125,-0.0005285327610231594,-11065.75
4534.5,4550.0,4519.25,4536.5,655159,15651.5,15677.5,15552.0,15599.25,653134,67.05556704337795,4471.175,-0.00016537125847526646,71.07719392667192,15257.8125,0.0032369719889751014,-11117.0
4519.25,4548.0,4510.75,4533.25,763253,15674.75,15708.75,15607.0,15653.75,772239,62.82631612118321,4475.85,-0.0033631050832506615,71.73596127658006,15285.2875,0.0014854806248603136,-11155.5
4512.5,4524.75,4492.0,4517.75,804048,15620.0,15691.0,15523.5,15671.0,862172,60.992631687067565,4479.975,-0.0014936106654864778,67.81866238118378,15314.0625,-0.0034928786743010365,-11107.5
4492.25,4529.0,4485.5,4511.25,794664,15558.75,15676.5,15545.75,15610.0,803545,55.736915861306706,4482.5625,-0.004487534626038792,63.63232493836683,15341.025,-0.003921254801536489,-11066.5
4458.25,4518.25,4456.5,4490.75,318006,15441.5,15667.5,15433.5,15561.25,440573,48.22328481813645,4482.75,-0.007568590350047311,56.44889443344181,15359.175,-0.0075359524383386,-10983.25
4469.0,4492.75,4444.25,4461.25,238911,15436.75,15565.0,15350.5,15449.75,322877,50.495581955858384,4483.075,0.0024112600235517423,56.17223768416355,15374.725,-0.00030761260240264043,-10967.75
4444.5,4489.0,4435.25,4475.75,138861,15387.0,15530.75,15352.25,15452.75,226677,45.5853886255421,4481.6,-0.005482210785410557,53.229687332207185,15387.375,-0.0032228286394481165,-10942.5
4481.75,4487.5,4437.5,4447.0,124317,15504.0,15522.0,15314.5,15395.5,158739,53.05917684760593,4483.5125,0.008381145235684562,58.70798598468655,15412.7,0.007603821407681899,-11022.25
4474.25,4487.75,4443.0,4484.75,83475,15517.75,15542.0,15368.75,15510.5,124993,51.52469980436163,4487.5,-0.0016734534501031684,59.31117318731465,15446.125,0.0008868679050566541,-11043.5
4464.330078125,4482.25,4459.0,4471.75,946289,15486.669921875,15541.5,15474.0,15505.5,860262,49.48617749935021,4490.64150390625,-0.0022171139017712616,57.27454483083667,15474.05849609375,-0.002002872718338655,-11022.33984375
4421.75,4421.75,4294.0,4411.5,1230989,15009.5,15338.0,14807.5,15285.0,1204698,41.83508371474367,4489.87900390625,-0.009537842717687983,36.53314771783596,15470.19599609375,-0.030811654428108848,-10587.75
4343.25,4395.5,4329.0,4342.75,1188465,15024.0,15163.5,14963.75,14991.25,1001962,32.009360939696776,4483.26650390625,-0.017753152032566333,37.276485774582866,15456.17099609375,0.0009660548319396778,-10680.75
4384.0,4406.25,4321.0,4337.25,966992,15163.5,15227.0,14929.25,14992.25,884473,39.90046251623768,4478.34150390625,0.009382374949634453,44.06415263307869,15446.57099609375,0.00928514376996814,-10779.5
4438.0,4455.0,4385.25,4385.75,726540,15303.5,15346.75,15174.5,15177.75,678473,48.44030196416368,4475.59150390625,0.012317518248175174,49.92124618373414,15443.53349609375,0.009232696936723128,-10865.5
4445.75,4453.0,4410.5,4439.25,680375,15318.75,15334.0,15176.75,15298.75,660547,49.54832001231137,4474.55400390625,0.0017462821090581393,50.528919030219534,15445.73349609375,0.0009965040676969128,-10873.0
4433.0,4472.0,4425.0,4446.25,679707,15194.75,15399.5,15084.0,15318.75,793477,47.731005001892115,4470.92900390625,-0.002867907552156601,45.67561754748978,15434.14599609375,-0.008094655242758098,-10761.75
4343.5,4442.0,4334.5,4429.5,1332967,14764.75,15192.25,14740.75,15172.5,1284649,37.36962589868101,4461.84150390625,-0.02018948793142339,33.61720130213605,15392.50849609375,-0.028299248095559282,-10421.25
4349.75,4378.75,4344.25,4347.75,1089102,14739.75,14926.25,14711.0,14770.0,1269891,38.375655964509086,4453.30400390625,0.0014389317370784305,33.07055853059224,15350.37099609375,-0.0016932220322051217,-10390.0
4297.75,4388.5,4294.25,4358.25,1228951,14682.5,14884.0,14670.0,14762.0,1245570,33.547375263414665,4442.12900390625,-0.011954710040806948,31.795506327713156,15304.03349609375,-0.0038840550212859704,-10384.75
4343.75,4365.75,4260.0,4301.75,1334932,14761.75,14818.0,14537.0,14700.5,1375183,40.65990517797227,4432.55400390625,0.010703274969460663,35.502628632201464,15262.07099609375,0.005397582155627356,-10418.0
4291.25,4362.0,4267.75,4348.75,1333943,14462.25,14835.75,14367.75,14781.0,1603467,35.93285851782446,4420.39150390625,-0.012086330935251799,29.071664802338447,15202.60849609375,-0.020288922383863706,-10171.0
4334.0,4359.75,4269.0,4296.5,933723,14655.25,14754.5,14410.0,14488.5,1003155,41.86018280829523,4411.12900390625,0.009962132245849187,36.992208273187536,15151.63349609375,0.013345088074123934,-10321.25
4354.0,4357.5,4273.75,4334.25,1301755,14759.0,14770.0,14422.25,14661.75,1417740,44.44952631150142,4403.20400390625,0.00461467466543608,40.818157291438496,15108.58349609375,0.007079374285665629,-10405.0
4390.0,4421.5,4354.5,4355.25,782247,14881.25,15001.25,14765.0,14767.0,888336,48.86419664138999,4398.09150390625,0.0082682590721177,45.05206820788979,15074.70849609375,0.008283081509587342,-10491.25
4382.25,4407.75,4376.25,4390.75,900680,14808.25,14998.0,14791.0,14894.0,1069815,47.98018833736621,4394.29150390625,-0.0017653758542141018,43.07057504355168,15043.04599609375,-0.004905501889962194,-10426.0
4351.0,4407.25,4343.75,4381.25,894562,14700.5,14896.75,14676.75,14810.0,927255,44.48543576508057,4388.39150390625,-0.007131039990872279,40.25615303660426,15006.23349609375,-0.007276349332297927,-10349.5
4340.75,4365.25,4317.5,4348.0,1049968,14653.25,14783.25,14585.5,14688.25,1146991,43.36960463111957,4383.20400390625,-0.002355780280395292,39.05108687661775,14969.54599609375,-0.003214176388558254,-10312.5
4355.0,4364.75,4319.0,4327.75,1040781,14764.25,14796.0,14590.25,14595.0,1066112,45.419327699888655,4376.86650390625,0.0032828428267004384,43.341963154587305,14932.55849609375,0.0075751113234265866,-10409.25
4429.0,4437.5,4354.0,4355.0,760726,15037.25,15071.5,14766.75,14770.0,721150,54.60753704816983,4374.60400390625,0.016991963260619913,52.24646977791136,14908.53349609375,0.01849061076587022,-10608.25
4462.5,4467.5,4426.25,4435.0,641870,15134.5,15145.0,15020.75,15064.5,666222,58.05038432497906,4374.5125,0.007563784149920982,54.961908248056666,14890.925,0.006467272938868396,-10672.0
4477.5,4480.0,4436.25,4465.0,662443,15290.5,15300.0,15038.5,15146.25,681748,59.53049120945847,4377.3,0.003361344537815114,58.99037643459811,14904.975,0.01030757540718219,-10813.0
4511.25,4517.5,4471.75,4475.5,580321,15398.5,15428.5,15269.5,15290.25,678659,62.717865482515684,4385.7,0.007537688442211143,61.55422526329431,14923.7,0.007063209182171848,-10887.25
4528.0,4532.25,4504.25,4515.75,587442,15377.5,15446.75,15319.25,15410.5,686660,64.22386312113362,4392.9,0.0037129398725408436,60.758806035163396,14934.4,-0.0013637691982985034,-10849.5
4541.75,4543.25,4510.0,4524.75,548464,15478.75,15483.75,15300.75,15358.25,659392,65.4573971957638,4398.0875,0.0030366607773850696,63.22619280093508,14943.1625,0.006584295236546911,-10937.0
4536.5,4551.5,4515.25,4530.5,861002,15341.0,15463.75,15273.75,15385.5,952185,64.54234942749218,4402.625,-0.001155942092805673,57.89283079250298,14944.275,-0.00889929742388762,-10804.5
4558.0,4566.5,4522.5,4528.75,577964,15495.75,15545.75,15296.5,15325.5,660502,66.60144520655129,4408.875,0.004739336492890933,61.79208137187732,14959.325,0.01008734763053254,-10937.75
4565.25,4590.0,4560.75,4565.0,787246,15545.0,15701.0,15502.75,15543.5,913242,67.29123220809323,4419.9625,0.0015906099166300702,62.96743657876276,14998.3375,0.0031782908216768657,-10979.75
4544.5,4576.75,4543.75,4563.75,787003,15587.25,15717.25,15507.25,15523.25,836528,63.263981818224885,4429.7,-0.004545205629483573,63.990810312028906,15040.7125,0.0027179157285299738,-11042.75
4587.5,4589.75,4545.25,4548.0,716851,15764.75,15777.75,15591.25,15596.0,771200,67.59242502541777,4444.1875,0.009461987017273632,67.99262419924753,15094.825,0.011387512229546592,-11177.25
4597.0,4603.5,4559.25,4578.0,722153,15838.5,15869.0,15595.0,15677.0,830699,68.47615316518241,4456.85,0.002070844686648421,69.50885602310575,15148.6625,0.004678158549929368,-11241.5
4605.75,4619.5,4586.75,4607.25,611204,15894.25,15914.75,15768.75,15875.0,684100,69.30636627498919,4472.575,0.0019034152708288232,70.64105689882174,15220.2625,0.003519904031316079,-11288.5
4623.5,4627.0,4593.25,4606.0,535872,15961.25,15980.25,15849.5,15891.25,773284,70.97622330764007,4487.05,0.003853878304293623,71.98728775996804,15285.5625,0.004215360900954757,-11337.75
4652.25,4657.75,4613.0,4621.5,597358,16129.75,16146.0,15935.0,15958.5,808740,73.49178854714877,4501.9625,0.0062182329404130154,75.08188476364542,15354.1,0.01055681729187885,-11477.5
4673.25,4676.5,4650.75,4652.0,675998,16330.75,16378.5,16128.0,16130.0,932803,75.18372622457551,4516.125,0.004513944865387698,78.17866941002893,15426.575,0.012461445465676846,-11657.5
4690.25,4711.75,4667.5,4672.0,831363,16351.75,16448.5,16292.25,16335.5,1054835,76.49181536023048,4531.525,0.0036377253517358987,78.4795916211422,15503.75,0.0012859176706518927,-11661.5
4694.0,4707.0,4676.5,4679.0,729582,16327.75,16394.25,16265.0,16300.0,906232,76.78254043742427,4548.675,0.0007995309418473706,77.16981538358229,15585.1125,-0.0014677328114728327,-11633.75
4678.25,4700.5,4663.5,4691.0,1003207,16212.75,16391.75,16160.0,16313.25,1213171,72.71509309149593,4565.55,-0.0033553472518108585,71.05081191134859,15663.0875,-0.007043223959210532,-11534.5
4642.0,4680.25,4625.25,4675.0,1208428,15980.5,16243.0,15897.75,16202.25,1337125,64.27557636428703,4579.9,-0.0077486239512638555,60.60003290811377,15723.9,-0.014325145333148326,-11338.5
4643.0,4661.5,4638.25,4644.5,691707,16022.75,16113.5,15976.0,15990.25,831362,64.39833160352792,4590.6,0.00021542438604060798,61.7035864211139,15773.175,0.002643847188761317,-11379.75
4678.25,4685.75,4644.0,4647.0,686436,16192.75,16213.5,16001.75,16042.0,791656,68.50642721595585,4601.3875,0.007592074090027934,65.8484892208003,15826.0875,0.010609914028490763,-11514.5
4679.0,4697.5,4667.0,4684.0,713816,16187.75,16276.5,16082.75,16211.0,897251,68.5894757941995,4611.4625,0.0001603163576122668,65.62352081045572,15870.95,-0.0003087801639622967,-11508.75
4696.0,4709.75,4670.75,4681.0,598655,16300.75,16323.75,16142.5,16199.0,754890,70.48908919581233,4620.7,0.0036332549690105687,68.26253138923026,15916.0625,0.006980587172398911,-11604.75
4686.25,4701.0,4679.5,4696.75,622015,16311.5,16398.75,16269.75,16296.75,773029,67.95089075848475,4628.6125,-0.00207623509369681,68.51019625139752,15962.7625,0.0006594788583347277,-11625.25
4701.5,4706.5,4668.0,4685.5,752668,16481.25,16509.0,16303.75,16322.0,879355,69.78361088534753,4636.6,0.0032542011202987275,72.19939730246988,16012.8875,0.010406768231002728,-11779.75
4694.5,4723.5,4684.25,4705.0,766197,16575.0,16628.5,16490.0,16505.5,837901,67.86520614806477,4644.5,-0.0014888865255769934,74.01035729297897,16074.5875,0.005688282138794021,-11880.5
4679.75,4740.5,4674.25,4700.25,883611,16382.0,16767.5,16364.75,16599.75,1074467,63.88017637380825,4650.5875,-0.0031419746511875957,64.67066276459117,16118.9,-0.011644042232277552,-11702.25
4688.5,4695.5,4649.0,4686.0,1400472,16312.0,16418.75,16118.5,16399.75,1481693,65.18615800314177,4656.75,0.0018697579998931957,61.63273778067665,16157.25,-0.004272982541814185,-11623.5
4699.0,4702.25,4656.25,4686.0,896185,16366.0,16368.5,16102.0,16299.0,1087244,66.74024874507464,4664.475,0.0022395222352564748,63.073806458097785,16196.1875,0.00331044629720445,-11667.0
4595.75,4717.0,4577.25,4699.75,1102593,16051.0,16435.75,15988.0,16361.0,1340409,45.31747946340135,4664.8875,-0.02197276016173655,51.03253184711624,16210.5,-0.01924721984602229,-11455.25
4651.0,4669.75,4588.5,4588.75,1128333,16390.75,16437.75,16037.0,16046.25,1132287,53.853467010609954,4667.5875,0.012021976826415814,59.92011172527937,16238.1125,0.02116690548875466,-11739.75
4566.25,4667.5,4556.75,4657.25,1629825,16150.5,16456.5,16068.25,16418.75,1681807,42.813291576779925,4665.6125,-0.01822188776607181,52.64379387856748,16250.925,-0.014657657520247724,-11584.25
4508.5,4650.75,4497.75,4588.0,1496701,15869.75,16427.75,15826.5,16235.75,1468158,37.214755939704695,4659.8625,-0.01264713933753081,45.66523431388823,16246.35,-0.017383362744187503,-11361.25
4575.75,4593.75,4505.5,4514.5,1525201,15988.5,16066.5,15763.25,15890.5,1742231,46.06038378992259,4656.0375,0.014916269269158233,48.759317945882216,16239.2875,0.0074827895839568725,-11412.75
4537.5,4607.0,4492.25,4586.25,1578737,15717.75,16121.75,15538.0,16019.0,1502956,42.40128659141864,4649.25,-0.008359285363055191,42.77803180582998,16208.6375,-0.016934046345811082,-11180.25
4590.0,4611.5,4531.25,4542.5,1342201,15842.75,15897.0,15559.25,15703.75,1346723,48.454047389195175,4644.2375,0.011570247933884392,46.06741468361252,16183.1875,0.007952792225350391,-11252.75
4685.0,4697.5,4587.5,4594.25,858886,16318.0,16375.0,15825.0,15849.0,906098,57.21550097912182,4643.7875,0.020697167755991286,56.34291862199761,16182.7,0.029997948588471157,-11633.0
4699.0,4712.0,4671.75,4695.25,790599,16392.25,16436.0,16251.5,16363.75,864094,58.33932172462351,4644.825,0.0029882604055495587,57.69892675084424,16191.675,0.004550189974261487,-11693.25
4667.0,4706.0,4662.5,4697.25,752327,16148.75,16420.0,16120.25,16380.75,974796,54.79634107781514,4646.075,-0.006809959565865054,51.995207963214995,16200.0875,-0.014854580670743744,-11481.75
4711.0,4712.75,4664.5,4668.75,286270,16329.75,16336.0,16127.5,16159.0,494613,58.52601254420191,4649.475,0.009427898007285274,55.515384951791646,16215.4375,0.011208297855871185,-11618.75
4668.75,4730.75,4664.5,4712.25,209736,16082.0,16411.75,16064.0,16321.0,366672,53.92507374373954,4649.0,-0.008968371895563543,50.09990917921906,16209.9,-0.015171695831228238,-11413.25
4637.0,4686.25,4606.25,4672.75,202195,15924.75,16133.5,15738.75,16092.5,364646,50.699528481487924,4646.9,-0.006800535475234293,46.96814978838656,16196.75,-0.009778012684989457,-11287.75
4709.5,4714.75,4611.25,4637.0,133002,16288.0,16302.75,15744.5,15932.0,235546,57.02137401538601,4647.575,0.015635108906620676,54.10514071516125,16196.1125,0.0228104051868947,-11578.5
4668.75,4752.25,4651.25,4713.0,117450,15870.5,16459.25,15800.25,16288.0,259704,52.91423310355039,4646.7,-0.008652723219025327,46.379416730377216,16174.0625,-0.02563236738703345,-11201.75
4636.4599609375,4678.5,4630.0,4675.0,1516623,15717.3203125,15902.0,15668.5,15877.5,1524382,49.85019323425364,4643.447998046875,-0.006916206492637245,43.90245743087776,16135.866015625,-0.009651850130745765,-11080.8603515625
4558.5,4621.75,4520.0,4612.5,1304109,15621.25,15851.75,15491.75,15810.0,1218074,43.326895468412445,4636.647998046875,-0.01681454419844408,42.37395784425143,16088.178515625,-0.006112384973384732,-11062.75
4640.75,4643.25,4565.75,4569.5,1000074,15980.0,15987.0,15605.25,15679.25,1003755,50.66236123920297,4634.697998046875,0.01804321597016556,49.45135265741449,16068.078515625,0.02296551172281358,-11339.25
4686.0,4690.5,4622.5,4642.0,680086,16169.75,16183.25,15882.25,15980.25,830985,54.17640532920406,4634.572998046875,0.00975057910898025,52.75636079558807,16060.966015625,0.011874217772215312,-11483.75
4715.75,4731.5,4684.75,4689.0,532053,16299.0,16355.75,16145.25,16181.5,589897,56.37631217937095,4635.410498046875,0.006348698250106644,54.918552977958115,16057.616015625,0.007993320861485076,-11583.25
4782.25,4784.25,4713.25,4716.75,536924,16560.0,16580.75,16304.25,16304.25,559712,60.89550785248093,4644.735498046875,0.014101680538620487,58.99927595763978,16083.066015625,0.016013252346769757,-11777.75
4778.5,4798.0,4770.5,4781.0,718564,16488.0,16658.5,16453.25,16569.25,784195,60.5147975237632,4651.110498046875,-0.0007841497203199266,57.45424196937247,16087.928515625,-0.004347826086956497,-11709.5
4784.5,4796.0,4769.25,4780.5,597173,16490.5,16564.0,16387.75,16518.25,652084,60.935616239323195,4662.022998046875,0.0012556241498378196,57.49586318419994,16104.928515625,0.0001516254245512716,-11706.0
4772.25,4799.75,4767.0,4784.25,521171,16430.25,16567.5,16411.25,16487.5,560321,59.54039866828206,4675.210498046875,-0.002560351133869765,56.072198229167334,16132.953515625,-0.0036536187501895467,-11658.0
4758.5,4778.5,4750.75,4773.25,604183,16320.75,16464.0,16313.25,16430.25,551157,57.93686884077489,4684.347998046875,-0.0028812405050029355,53.48036353968092,16149.566015625,-0.006664536449536684,-11562.25
4786.0,4791.25,4747.25,4770.75,912826,16485.5,16507.75,16291.5,16355.0,871437,60.24304810951918,4696.772998046875,0.0057791320794367,56.721712373259685,16187.953515625,0.010094511588009114,-11699.5
4784.25,4808.25,4764.5,4785.5,818897,16275.75,16564.0,16139.75,16496.5,969575,60.01754127767395,4706.485498046875,-0.00036564981195152946,51.775476798491475,16209.603515625,-0.012723302295957084,-11491.5
4692.5,4788.5,4689.5,4783.75,1144930,15766.5,16270.0,15751.75,16265.75,1296059,49.54593107332533,4706.860498046875,-0.019177509536499993,42.16236165682656,16182.028515625,-0.03128888069674207,-11074.0
4687.5,4715.75,4662.25,4692.5,1149950,15759.0,15895.75,15598.5,15761.5,1484261,49.04374174514991,4706.285498046875,-0.0010655301012253426,42.03856673014901,16150.366015625,-0.000475692132052119,-11071.5
4667.75,4706.0,4653.75,4695.0,1091983,15581.0,15853.25,15510.25,15800.75,1382039,47.016562559223026,4706.322998046875,-0.004213333333333291,39.10400920984326,16121.978515625,-0.01129513293990736,-10913.25
4662.25,4681.5,4572.75,4671.0,1543129,15608.0,15668.75,15152.5,15589.5,1884102,46.44087190481902,4703.885498046875,-0.0011782978951314638,39.790583582700506,16085.891015625,0.0017328797894871073,-10945.75
4705.0,4707.5,4626.5,4663.0,1151286,15831.0,15840.0,15474.5,15616.75,1469915,51.42000654432124,4705.697998046875,0.009169392460721681,45.278214906100935,16073.341015625,0.014287544848795575,-11126.0
4716.25,4739.5,4694.75,4704.25,1110893,15887.25,16009.5,15762.5,15826.75,1460685,52.667059633501005,4709.660498046875,0.0023910733262486605,46.60030672599355,16071.466015625,0.0035531552018193135,-11171.0
4652.0,4736.25,4642.5,4719.5,1209688,15490.25,15979.25,15458.25,15901.5,1511351,45.485685862534204,4706.785498046875,-0.013623111582295233,39.37052435759664,16031.578515625,-0.02498859148058974,-10838.25
4654.75,4667.0,4605.25,4655.0,1447573,15595.75,15620.0,15312.25,15506.0,1657140,45.82617417640158,4706.085498046875,0.0005911435941530208,41.94803240258397,16017.841015625,0.006810735785413469,-10941.0
4571.25,4672.0,4559.5,4665.75,1691971,15206.0,15653.75,15170.75,15616.75,1990559,38.05417962920668,4702.825,-0.017938664804769355,35.87953260482192,15992.275,-0.0249907827452992,-10634.75
4524.25,4603.0,4517.5,4577.0,1479022,15033.5,15372.25,15011.0,15240.0,1902559,34.50671133649766,4701.1125,-0.010281651627016664,33.56509594945669,15962.8875,-0.011344206234381149,-10509.25
4474.75,4594.25,4437.75,4526.0,1481570,14841.0,15340.5,14646.75,15042.0,1599087,31.207108187054587,4692.8125,-0.010941039951373188,31.150265763256627,15905.9375,-0.01280473608940036,-10366.25
4390.0,4486.75,4381.5,4456.5,1986299,14426.5,14858.5,14408.25,14737.0,2368604,26.529659737294395,4678.0125,-0.01893960556455665,26.696463590558906,15818.775,-0.027929384812344193,-10036.5
4403.75,4427.25,4212.5,4388.5,2512146,14501.0,14579.75,13706.25,14409.75,3031466,28.404603544395286,4662.4125,0.003132118451025123,28.670498270236763,15728.875,0.005164107718434785,-10097.25
4349.0,4406.75,4276.5,4402.75,2015738,14140.75,14499.25,13890.0,14494.25,2482422,25.60284595525104,4640.75,-0.012432585864320167,25.144335085333367,15607.9125,-0.02484311426798147,-9791.75
4341.5,4446.75,4292.5,4308.75,1807642,14158.5,14642.25,13943.75,13945.0,2287939,25.235633119675185,4618.9,-0.0017245343757185116,25.629674874924333,15491.4375,0.0012552375227621315,-9817.0
4317.75,4421.5,4263.25,4344.25,1888644,13986.75,14409.75,13845.25,14178.25,2134053,24.05886271409642,4595.5625,-0.005470459518599591,24.00766246254048,15366.25,-0.01213052230109124,-9669.0
4423.25,4425.75,4266.25,4346.5,1738256,14433.0,14442.5,13830.75,14142.0,2111995,37.90966852141551,4578.1125,0.024434022349603346,35.44012806373806,15266.3875,0.03190519598906105,-10009.75
4504.25,4507.75,4395.5,4421.5,1030981,14905.0,14914.5,14353.5,14450.0,1476659,46.0461660553854,4565.4,0.01831232690894713,44.884856867972644,15195.6,0.0327028337836901,-10400.75
4535.0,4554.75,4473.75,4493.0,1258883,14994.75,15138.0,14729.25,14865.75,1509628,48.789731691784155,4552.85,0.006826885719043219,46.48793856416696,15121.0625,0.006021469305602212,-10459.75
4577.25,4586.0,4535.25,4551.75,1155471,15114.5,15261.5,14825.25,15128.5,1472633,52.3732549058818,4542.5,0.00931642778390307,48.63468343085152,15063.0,0.007986128478300714,-10537.25
4469.0,4548.75,4461.25,4548.0,1265126,14492.25,14870.0,14456.5,14857.0,1553167,43.89749273965285,4531.325,-0.02364957124911249,39.71822063025055,14999.2875,-0.04116907605279696,-10023.25
4492.5,4532.5,4438.75,4520.25,1457004,14685.5,14825.75,14363.25,14776.75,1791334,45.942749284995216,4521.575,0.005258447079883544,43.20100389696561,14945.6125,0.013334713381289998,-10193.0
4475.75,4514.5,4462.25,4495.5,1157270,14559.75,14806.5,14511.25,14674.5,1389444,44.69212135793792,4511.975,-0.0037284362826933704,41.51999187106163,14894.55,-0.008562868135235435,-10084.0
4512.5,4524.0,4456.25,4484.0,1055145,14734.5,14775.75,14467.75,14603.0,1274054,48.034484237882715,4504.4875,0.008210914371892919,44.73807224139565,14850.875,0.012002266522433525,-10222.0
4577.75,4585.0,4517.5,4518.25,871714,15038.25,15068.0,14740.0,14744.75,1030974,53.417184406647856,4498.125,0.014459833795013921,49.898912322867965,14811.2375,0.02061488343683182,-10460.5
4497.5,4584.0,4476.0,4583.0,1658972,14701.0,15061.5,14622.0,15058.75,1812572,46.97281088055845,4487.1875,-0.017530446179891856,44.886669434183126,14751.925,-0.022426146659351942,-10203.5
4409.5,4520.5,4393.25,4494.5,1672333,14240.5,14766.75,14181.0,14700.0,1873037,41.115153775700335,4475.0625,-0.019566425792106767,39.10984135387806,14689.4375,-0.03132439970070067,-9831.0
4394.0,4428.0,4354.25,4412.0,1503146,14253.0,14394.0,14030.75,14250.25,1798430,40.165074847484064,4462.025,-0.003515137770722321,39.33806120054865,14622.3,0.0008777781679014662,-9859.0
4464.5,4468.25,4381.75,4396.0,1142485,14609.5,14615.0,14223.25,14250.25,1315850,46.24903215529682,4456.6875,0.016044606281292673,45.600395536653,14592.475,0.025012278116887776,-10145.0
4470.0,4485.0,4422.25,4461.0,947284,14600.0,14668.5,14381.0,14594.0,1242059,46.70431544068206,4453.975,0.0012319408668384213,45.46570018704261,14570.8,-0.0006502618159416329,-10130.0
4374.5,4475.0,4367.25,4465.75,1171982,14164.75,14619.75,14133.5,14593.25,1382785,40.31838846063872,4448.9625,-0.021364653243847842,39.682329738538,14536.9875,-0.029811643835616408,-9790.25
4343.5,4411.5,4321.0,4375.5,1365273,13996.0,14299.0,13906.0,14156.0,1725909,38.479160617711145,4446.6375,-0.007086524174191311,37.68104120268867,14515.4625,-0.011913376515646279,-9652.5
4300.0,4391.25,4249.75,4326.25,1972051,13862.75,14157.0,13592.25,13953.25,2757278,35.99763595906249,4441.45,-0.010014964890065592,36.13148792794694,14483.55,-0.009520577307802203,-9562.75
4222.0,4345.75,4212.25,4310.5,1387721,13507.5,14069.0,13471.25,13925.5,1810490,32.01119838763364,4435.1,-0.018139534883720887,32.315978898776734,14451.8875,-0.02562622856215402,-9285.5
4284.0,4290.25,4101.25,4216.25,2201127,13966.5,13983.5,13025.75,13484.75,3078445,37.89823454871367,4432.225,0.014684983420180098,40.98712832103289,14442.2875,0.03398112159911171,-9682.5
4380.0,4384.0,4227.75,4267.0,1344715,14180.5,14198.0,13759.25,13911.0,1863502,45.73352587996365,4435.3375,0.022408963585434094,44.55368381869515,14451.975,0.015322378548670024,-9800.5
4368.0,4385.5,4256.25,4343.25,1855844,14228.0,14292.5,13691.0,14005.0,1957726,44.96974925169058,4432.575,-0.002739726027397249,45.34328946943753,14441.725,0.0033496703219209056,-9860.0
4303.75,4398.5,4275.0,4368.5,1690747,14005.5,14327.5,13900.0,14218.0,1745316,41.01971478385732,4422.55,-0.014709249084249088,42.30420887577988,14396.75,-0.01563817824008995,-9701.75
4381.75,4400.0,4278.25,4308.5,1377005,14239.25,14293.25,13912.0,14026.5,1451574,47.09520855647054,4414.8875,0.018123729305837832,46.37085476243182,14358.975,0.016689871836064407,-9857.5
4359.25,4418.75,4341.0,4374.0,1526433,14030.5,14391.25,13955.0,14195.25,1229518,45.634900704569795,4403.9875,-0.005134934672220037,43.427030339000964,14304.775,-0.014660182242744568,-9671.25
4327.25,4374.25,4281.5,4366.5,1726895,13839.75,14086.0,13733.5,14065.25,1549904,43.56587320635402,4396.9,-0.007340712278488315,40.87355337843389,14272.15,-0.013595381490324687,-9512.5
4198.5,4326.25,4185.25,4311.0,1693738,13320.75,13879.75,13265.0,13778.5,1595359,36.41262789922319,4382.2,-0.02975330752787564,34.8664272132407,14203.9125,-0.03750067739662932,-9122.25
4168.75,4275.0,4138.75,4186.75,1948323,13267.0,13666.25,13105.25,13282.5,2215437,34.983268333560176,4366.85,-0.007085863999047315,34.30412919659054,14139.275,-0.0040350580860687435,-9098.25
4275.25,4298.25,4150.0,4154.75,1237208,13734.75,13822.5,13192.0,13194.25,1383839,43.529222471886996,4354.9875,0.02554722638680662,42.929724611434494,14089.2875,0.035256651842918485,-9459.5
4257.25,4282.0,4206.25,4279.25,1099631,13586.0,13780.0,13396.25,13774.25,1389845,42.51214045319616,4338.9625,-0.004210280100578889,41.082434753773235,14016.675,-0.010830193487322282,-9328.75
4201.5,4335.75,4197.5,4257.5,555067,13292.0,13861.5,13282.0,13575.25,711671,39.43850366495915,4324.1625,-0.013095308003993167,37.63537922814,13946.225,-0.021639923450610943,-9090.5
4172.0,4253.75,4160.5,4212.25,436064,13045.5,13446.5,13013.0,13330.75,523866,37.8779183880975,4312.2875,-0.007021301915982381,34.98488517376002,13886.475,-0.018544989467348727,-8873.5
4262.0,4271.5,4137.75,4180.25,271282,13451.75,13489.0,12943.0,13082.0,445441,45.02512742868233,4305.6875,0.02157238734419953,42.20851563915152,13846.4125,0.031141006477329425,-9189.75
4358.0,4375.75,4247.25,4256.0,198962,13953.0,14031.75,13391.75,13443.5,360787,51.442538590520485,4300.3625,0.02252463632097612,49.64293853157287,13813.5875,0.037262809671604114,-9595.0
4410.25,4415.25,4329.0,4370.0,118232,14111.75,14136.0,13822.25,14000.0,223431,54.55216742998694,4297.375,0.011989444699403329,51.75953902465663,13789.175,0.011377481545187473,-9701.5
4409.35009765625,4409.35009765625,4373.25,4389.5,919620,14095.3095703125,14095.3095703125,13971.0,14052.75,1050588,54.4874467888092,4299.117504882813,-0.00020404792103623226,51.51803635923961,13785.702978515625,-0.0011650170735379994,-9685.95947265625
4452.25,4473.0,4415.0,4460.25,1151313,14370.5,14466.75,14183.75,14404.5,1190981,57.100388739825085,4304.555004882813,0.009729302820965069,55.27938940439143,13804.427978515625,0.01952354634814868,-9918.25
4505.0,4514.75,4433.0,4457.0,923712,14654.0,14692.0,14292.5,14389.0,1071514,60.131353569223066,4314.805004882813,0.011847942051771643,58.823578750327975,13843.990478515625,0.019727914825510506,-10149.0
4447.5,4514.0,4444.75,4505.5,1020982,14447.0,14682.75,14441.5,14652.75,1190069,55.526087982195534,4326.080004882812,-0.012763596004439548,55.372870857415215,13890.965478515625,-0.014125835949228893,-9999.5
4512.5,4517.25,4445.75,4449.0,958134,14763.75,14770.0,14433.25,14463.5,1090348,59.319021950783366,4337.5050048828125,0.014614952220348476,59.306659797881146,13930.827978515625,0.02192496712120162,-10251.25
4536.5,4539.25,4493.5,4516.0,1082889,14755.75,14841.25,14572.5,14763.0,1143416,60.6533430600673,4345.330004882812,0.005318559556786617,59.16480840173038,13959.590478515625,-0.000541867750402214,-10219.25
4568.0,4572.25,4509.5,4535.25,951907,14985.25,14996.5,14658.75,14755.25,1060897,62.396671653785866,4355.330004882812,0.006943679047723972,61.97464348389738,13997.452978515625,0.015553258899073219,-10417.25
4625.5,4631.0,4565.25,4570.25,1120929,15237.75,15269.0,14956.25,14982.25,1117358,65.40947345262643,4371.417504882813,0.012587565674255785,64.84109713168401,14059.065478515626,0.016849902404030725,-10612.25
4596.0,4627.75,4574.75,4621.5,897679,15071.5,15262.5,15012.0,15220.0,1006324,62.63671460390544,4382.1300048828125,-0.006377688898497436,61.55112241376141,14100.677978515625,-0.010910403438827876,-10475.5
4530.75,4614.25,4526.25,4599.75,1037274,14868.75,15181.0,14855.5,15100.0,1053354,56.89203155335412,4390.705004882812,-0.01419712793733685,57.70569370348259,14142.590478515625,-0.013452542878943707,-10338.0
4539.25,4555.25,4501.25,4542.0,1003041,14863.75,14959.25,14725.5,14921.5,1054828,57.439634211073184,4401.305004882813,0.0018760690834851435,57.610106162826646,14193.790478515624,-0.00033627574611183597,-10324.5
4577.75,4579.75,4527.75,4538.0,748079,15164.25,15174.0,14802.0,14847.5,767180,59.922940710481335,4420.267504882812,0.008481577353086855,61.71473109564156,14285.965478515625,0.02021697081826601,-10586.5
4520.25,4588.5,4507.5,4576.0,1046466,14828.0,15199.25,14780.0,15160.0,1000862,54.781869484634555,4437.842504882812,-0.012560755829829073,55.26603437403175,14364.015478515625,-0.022173862868259175,-10307.75
4475.75,4528.25,4444.5,4526.5,1367969,14505.25,14864.0,14395.5,14860.75,1454298,51.12609046275821,4447.867504882813,-0.009844588241800789,49.87855504556517,14402.540478515624,-0.021766253034799066,-10029.5
4496.25,4516.5,4444.5,4471.5,1198572,14536.0,14634.0,14318.25,14492.0,1297426,52.69231253467718,4459.8175048828125,0.004580237948947019,50.37490978810006,14450.040478515624,0.0021199220971717114,-10039.75
4483.5,4519.75,4468.75,4495.0,1047945,14327.0,14642.5,14310.5,14534.5,1156905,51.5850736696157,4473.917504882813,-0.0028356964136780904,46.97022373832082,14501.790478515624,-0.014378095762245469,-9843.5
4409.0,4491.25,4403.5,4487.25,1000853,14000.0,14379.75,13984.5,14334.0,1105421,45.56065932379536,4485.767504882812,-0.016616482658637244,42.16810370872325,14549.515478515625,-0.022824038528652224,-9591.0
4393.0,4466.75,4375.5,4410.5,1224971,13945.0,14284.0,13880.0,14004.5,1369593,44.362390896342205,4492.3175048828125,-0.0036289408029031023,41.401404393018865,14574.177978515625,-0.003928571428571392,-9552.0
4442.25,4449.5,4384.0,4397.0,983278,14221.5,14266.75,13921.5,13954.0,1082174,48.82409328380808,4496.530004882812,0.011211017527885225,46.65274525822547,14587.602978515624,0.019827895302976017,-9779.25
4387.5,4455.75,4384.75,4438.75,901574,13893.75,14296.0,13876.0,14210.5,1043012,44.54731942359128,4495.392504882812,-0.012324835387472532,41.863661231006596,14576.702978515625,-0.023046092184368705,-9506.25
4386.75,4406.25,4355.5,4391.5,874146,13907.75,14002.25,13729.25,13894.0,1053774,44.48982779010806,4494.2625,-0.00017094017094021474,42.13690291067276,14567.325,0.0010076473234368333,-9521.0
4459.25,4467.5,4371.5,4399.25,1031517,14217.25,14240.75,13828.0,13960.75,1086225,51.064425578286354,4494.6125,0.016527041659542885,47.95999790398482,14559.6625,0.022253779367618742,-9758.0
4455.5,4484.25,4432.75,4441.25,1154508,14004.75,14298.0,13958.25,14099.0,1233171,50.72973984934366,4492.1375,-0.0008409485900094937,44.63842330780188,14527.2,-0.014946631732578375,-9549.25
4390.5,4509.0,4380.0,4468.75,1278120,13728.25,14283.0,13667.25,14070.25,1370973,45.19978160386486,4489.2875,-0.014588710582426168,40.6895879110033,14491.2625,-0.019743301379889,-9337.75
4267.25,4393.25,4247.75,4386.0,1400874,13353.5,13779.0,13295.75,13719.0,1565096,36.97033150031077,4477.025,-0.02807197357931901,36.03656907667817,14420.75,-0.02729772549305265,-9086.25
4292.75,4296.5,4195.25,4258.25,1633347,13535.75,13550.0,13183.75,13323.5,1845141,39.42757055131522,4464.8375,0.005975745503544516,39.65093911967214,14359.75,0.013648107237802742,-9243.0
4170.5,4303.75,4136.5,4293.5,1416096,13016.0,13584.5,12803.0,13528.0,1582094,32.82136104128648,4444.9625,-0.02847824820918987,33.78731424283316,14261.2875,-0.03839831557172668,-8845.5
4180.25,4236.25,4147.25,4147.25,1706391,13009.0,13255.0,12860.0,12861.75,1937454,33.774417315331945,4422.7,0.002337849178755569,33.71499995897433,14149.85,-0.0005377996312231348,-8828.75
4283.5,4303.5,4182.5,4213.5,1289327,13454.75,13542.25,13033.5,13188.0,1676647,42.99704801825681,4407.075,0.024699479696190352,42.19871218445708,14069.0125,0.034264739795526244,-9171.25
4127.5,4279.75,4118.75,4247.0,1224997,12852.0,13433.5,12831.75,13250.0,1622144,35.054020183978395,4386.9125,-0.036418816388467334,35.569280514798876,13968.175,-0.04479830543116747,-8724.5
4151.0,4165.75,4056.0,4143.75,1664489,13073.0,13084.5,12709.5,12892.5,1850584,36.943766120426545,4367.5,0.005693519079345899,39.33260924505735,13878.6375,0.01719576719576721,-8922.0
4169.25,4195.5,4128.0,4146.25,1206625,13087.5,13184.0,12968.0,13055.5,1451239,38.44178354568793,4347.075,0.0043965309563960275,39.581957445135885,13774.8,0.0011091562762945983,-8918.25
4295.25,4303.0,4142.75,4171.75,1059342,13531.25,13555.25,12882.0,13120.25,1397525,47.68290752136493,4335.825,0.030221262817053507,46.7897352163952,13709.9625,0.0339063992359121,-9236.0
4143.25,4300.75,4099.25,4289.25,2042545,12858.0,13547.75,12704.0,13496.75,1852147,39.90108682899806,4319.2,-0.03538792852569694,39.157196628281476,13627.6,-0.049755196304849925,-8714.75
4119.5,4153.25,4062.0,4149.75,2049886,12695.75,12929.25,12519.25,12890.0,2004808,38.83463217001559,4300.3625,-0.0057322150485730194,37.566764148946646,13535.5875,-0.012618603204230805,-8576.25
3987.5,4098.75,3970.25,4087.5,1624396,12193.75,12636.75,12131.5,12606.5,1804845,33.47884683480579,4275.5625,-0.03204272363150873,33.08872966647324,13428.925,-0.03954079120965681,-8206.25
3996.75,4065.5,3952.5,3993.25,1991503,12349.0,12547.25,12101.75,12205.0,2231616,34.16405030752438,4254.95,0.002319749216300959,35.64370806881075,13346.375,0.012731932342388452,-8352.25
3930.25,4050.5,3923.75,3991.0,1865448,11969.75,12553.75,11938.5,12330.5,2069862,31.640738104047713,4231.8125,-0.016638518796522228,32.39000690462737,13247.6125,-0.03071098874402789,-8039.5
3927.25,3961.75,3855.0,3941.75,2033429,11947.25,12132.75,11689.25,12003.25,2112357,31.52760832090064,4206.0625,-0.0007633102219960497,32.20219553515432,13133.9,-0.0018797385074875717,-8020.0
4019.75,4036.0,3914.0,3914.0,1274359,12382.75,12432.0,11890.0,11890.25,1446233,38.79416009137514,4187.675,0.02355337704500604,39.51297056720066,13058.35,0.03645190315763047,-8363.0
4004.75,4043.5,3979.25,4025.5,1388950,12244.75,12499.0,12189.75,12410.0,1681669,38.088268012512536,4168.575,-0.003731575346725524,38.11058007270101,12975.2,-0.01114453574529084,-8240.0
4084.75,4091.75,4000.25,4001.0,1168820,12560.25,12578.75,12230.0,12238.0,1495970,43.94639662718007,4149.85,0.01997627816967351,43.08414196135339,12892.35,0.025766144674248093,-8475.5
3922.75,4095.0,3905.5,4090.5,1383368,11935.5,12593.5,11863.25,12574.25,1648600,36.42935232685119,4123.2125,-0.03965970989656653,36.78088671597813,12788.8875,-0.049740251985430195,-8012.75
3897.75,3943.75,3856.0,3916.0,1789892,11878.25,12077.0,11704.25,11904.25,2079957,35.422394162394966,4098.575,-0.006373080109617013,36.2574090926041,12696.3875,-0.004796615139709304,-7980.5
3899.5,3949.5,3807.5,3900.0,1747752,11840.75,12096.5,11491.25,11899.25,1855848,35.55667703624647,4080.1875,0.00044897697389512103,35.89701741549516,12620.75,-0.0031570307073853776,-7941.25
3971.75,3982.5,3906.25,3909.5,1501451,12035.25,12075.5,11783.75,11858.5,1738796,41.01046381703954,4064.1375,0.01852801641236046,39.26882432254171,12545.725,0.016426324346008547,-8063.5
3940.5,3958.5,3871.75,3958.0,1563658,11771.0,11936.0,11576.25,11934.0,1816566,39.45514052217519,4052.6375,-0.007868068231887682,36.46266130842286,12483.475,-0.021956336594586734,-7830.5
3976.75,3997.75,3913.5,3949.5,1467047,11942.25,12033.25,11671.0,11810.5,1744754,42.193830426045736,4042.4625,0.0091993401852557,39.4809274283094,12430.1375,0.014548466570384777,-7965.5
4055.75,4073.25,3960.5,3970.25,1083427,12279.25,12343.5,11848.5,11882.25,1323682,47.74168133885698,4031.075,0.019865468032941536,45.01629556045249,12371.3625,0.0282191379346437,-8223.5
4155.75,4168.25,4041.5,4049.0,1076808,12677.75,12723.75,12222.0,12251.75,1175989,53.78765422881733,4032.4875,0.02465635209270789,50.75246357402307,12362.65,0.032453122136938406,-8522.0
4131.25,4202.25,4102.75,4164.75,1831661,12646.5,12882.5,12480.0,12705.5,2010540,52.194398718121455,4031.5,-0.005895446068699961,50.3092206249287,12341.325,-0.002464948433278824,-8515.25
4099.0,4165.0,4071.5,4137.75,1479184,12551.0,12823.25,12454.75,12646.5,1479482,50.09105001337423,4027.9875,-0.007806354009077143,48.90361431357017,12314.5,-0.007551496461471574,-8452.0
4175.25,4179.0,4072.0,4098.5,1328925,12893.75,12903.75,12442.25,12549.25,1198080,54.73555459441489,4021.9875,0.018602098072700635,53.883622637237615,12282.625,0.02730858098956257,-8718.5
4107.0,4189.0,4096.75,4177.5,1402510,12551.0,12945.0,12503.0,12894.5,1336763,50.229777451427346,4020.175,-0.01634632656727142,48.76521667178947,12267.275,-0.026582646631119755,-8444.0
4120.5,4168.25,4104.25,4110.25,1246879,12605.0,12810.5,12527.0,12548.0,1110459,51.087478677996906,4020.225,0.0032870708546384186,49.57786040957674,12262.7375,0.004302446020237438,-8484.5
4158.75,4164.25,4075.75,4121.25,1129287,12711.5,12740.5,12412.0,12604.75,1089787,53.53097859995831,4028.7875,0.009282854022570008,51.22112537797362,12288.625,0.008449028163427297,-8552.75
4114.0,4159.75,4105.0,4151.5,1131305,12615.75,12783.5,12579.0,12683.75,1211026,50.36116083578005,4034.65,-0.010760444845205885,49.6543124109024,12301.9625,-0.007532549266412336,-8501.75
4016.25,4144.0,4014.75,4118.25,1474935,12275.0,12726.0,12255.5,12617.75,1426720,44.20376861271942,4038.95,-0.023760330578512345,44.44400879711077,12317.225,-0.027009888433109364,-8258.75
3899.0,4029.25,3895.0,4024.25,875521,11840.0,12339.5,11822.75,12298.25,1002808,38.174612936964486,4037.5375,-0.029193899782135047,38.84085079711724,12311.8625,-0.035437881873727095,-7941.0
3750.5,3881.25,3732.5,3881.25,668026,11296.5,11803.75,11254.5,11803.75,999074,32.18674113597068,4024.075,-0.03808668889458833,33.20767739183982,12257.55,-0.04590371621621625,-7546.0
3736.75,3805.0,3705.25,3757.75,420383,11314.25,11505.25,11204.75,11333.5,776935,31.691067693840353,4010.675,-0.00366617784295431,33.54665011834254,12211.025,0.0015712831407959094,-7577.5
3789.25,3838.75,3720.0,3738.5,290291,11593.75,11759.25,11325.5,11334.0,452807,35.75898684973768,3995.9,0.014049642068642454,38.81250652127756,12162.7,0.024703360806063168,-7804.5
3668.25,3828.75,3638.75,3794.0,229494,11124.75,11737.75,11037.0,11605.75,436241,31.154083254373433,3983.175,-0.031932440456554745,33.95090653189163,12122.1625,-0.04045283018867929,-7456.5
3663.760009765625,3710.5,3663.760009765625,3678.0,1379654,11130.3896484375,11288.75,11124.0,11173.0,1607784,30.994581368833167,3971.4755004882813,-0.0012240142395897324,34.05786972950277,12084.769482421874,0.000506946083058013,-7466.629638671875
3767.75,3783.75,3662.0,3683.75,1269326,11577.25,11678.5,11274.0,11331.25,1578311,38.80856197577492,3964.8880004882812,0.02838340665250816,42.06396510636713,12071.594482421875,0.04014777251084212,-7809.5
3762.75,3805.5,3693.25,3769.0,1381033,11565.75,11746.5,11320.5,11579.0,1473135,38.582336863230175,3954.4380004882814,-0.001327051954084002,41.92289993397947,12048.119482421875,-0.0009933274309529283,-7803.0
3799.75,3806.0,3735.0,3762.0,1190341,11737.5,11767.25,11460.5,11543.5,1532281,41.30881814472618,3947.400500488281,0.00983323367218114,44.89513482672246,12046.444482421875,0.01484988003372023,-7937.75
3916.25,3919.5,3781.25,3785.0,824387,12140.5,12149.0,11684.25,11690.0,1201185,48.98762371925326,3944.3755004882814,0.03065991183630512,51.20534006559338,12056.356982421876,0.034334398296059554,-8224.25
3903.75,3948.0,3892.5,3915.5,1091308,12040.5,12262.75,11994.25,12140.0,1523795,48.2580662587035,3936.775500488281,-0.0031918289179699855,49.68493976901579,12044.419482421876,-0.008236893043943816,-8136.75
3825.5,3950.75,3821.5,3910.25,1170004,11674.25,12174.25,11661.5,12075.0,1556924,43.855036478658015,3920.2630004882812,-0.020044828690361838,44.476199766820166,11994.244482421875,-0.030418172002823818,-7848.75
3821.25,3840.75,3801.25,3828.0,1242552,11691.0,11749.0,11564.0,11680.75,1445356,43.6222386506532,3904.7630004882812,-0.001110965886812143,44.76141473960531,11946.469482421875,0.0014347816776238975,-7869.75
3789.5,3824.25,3741.0,3823.25,1575573,11529.5,11697.0,11350.75,11695.0,1674013,41.83556761813908,3889.2880004882813,-0.008308799476611006,42.49483162458514,11895.394482421874,-0.013814044991874108,-7740.0
3827.25,3833.25,3744.5,3781.5,1324196,11611.25,11629.75,11381.75,11511.0,1526524,44.73393288511588,3871.8880004882812,0.009961736376830732,44.039548781911144,11831.269482421874,0.007090506960405918,-7784.0
3834.0,3857.25,3743.75,3828.25,1464455,11808.5,11817.0,11388.75,11613.0,1994819,45.25919766473223,3858.238000488281,0.0017636684303350414,47.690740180287975,11794.144482421874,0.01698783507374313,-7974.5
3848.25,3875.0,3808.75,3837.5,1290253,11880.25,11974.0,11728.25,11813.75,1692968,46.41702113750953,3844.6255004882814,0.0037167449139279274,48.994389899992434,11757.906982421875,0.006076131600118551,-8032.0
3905.0,3914.25,3832.5,3854.75,884871,12138.5,12168.75,11837.25,11903.5,1114091,50.873413911085656,3831.9380004882814,0.014746962905216598,53.48757614814948,11729.256982421875,0.021737758043812283,-8233.5
3901.25,3922.0,3868.0,3896.0,1030695,12152.0,12211.0,11952.75,12115.75,1346427,50.57409455047948,3821.300500488281,-0.0009603072983355165,53.71710385774797,11706.069482421875,0.001112163776413988,-8250.75
3856.75,3901.0,3849.75,3900.25,1059811,11884.25,12155.0,11853.0,12148.75,1209453,47.03737646068571,3813.3255004882812,-0.011406600448574222,48.595109343346586,11686.531982421875,-0.022033410138248888,-8027.5
3823.75,3876.5,3804.5,3862.0,1165892,11779.0,12025.5,11712.0,11900.0,1363711,44.549364558347804,3809.5630004882814,-0.00855642704349513,46.709678089545214,11683.481982421876,-0.008856259334833916,-7955.25
3804.5,3869.25,3752.0,3824.0,1553023,11762.25,11998.0,11478.0,11779.5,1660301,43.1166622068836,3812.2630004882812,-0.005034324942791768,46.40112913633275,11706.769482421874,-0.0014220222429748297,-7957.75
3793.25,3806.0,3723.75,3796.25,1392750,11797.5,11834.75,11511.0,11730.5,1395399,42.26127350079612,3815.088000488281,-0.0029570245761597613,47.191713592937525,11730.931982421875,0.002996875597780946,-8004.25
3865.0,3868.5,3780.5,3796.0,1011922,12007.5,12021.75,11741.0,11808.0,1240021,49.185343348273264,3818.8755004882814,0.018915178277203015,51.75703616295333,11751.619482421875,0.017800381436745116,-8142.5
3833.75,3909.5,3820.0,3878.5,1149703,11907.0,12186.75,11857.75,12040.75,1130484,46.5660939707557,3827.150500488281,-0.008085381630012933,49.54934284620276,11790.731982421876,-0.008369768894440965,-8073.25
3937.5,3948.0,3834.25,3839.25,1223667,12274.0,12328.75,11889.5,11911.5,1131634,55.11259597131216,3840.8375,0.02706227583958265,56.79657548473174,11847.9125,0.030822205425379945,-8336.5
3962.5,3977.5,3922.5,3946.75,1403855,12465.25,12517.5,12236.0,12333.25,1275622,56.90143346339443,3850.575,0.006349206349206327,60.01966156131335,11892.3125,0.015581717451523591,-8502.75
4001.25,4004.75,3930.25,3954.0,1513023,12640.0,12655.5,12373.5,12431.25,1295236,59.589598603493776,3862.5,0.009779179810725624,62.75389164805964,11946.025,0.01401897274422903,-8638.75
3965.0,4016.25,3941.5,3989.25,1524669,12423.5,12697.0,12344.5,12560.0,1286035,56.06655530484321,3870.7625,-0.009059668853483305,57.50663898044766,11980.325,-0.017128164556961978,-8458.5
3970.0,3988.75,3946.25,3967.25,1228338,12354.5,12498.75,12266.5,12440.0,1142603,56.44902067873532,3873.45,0.0012610340479193294,55.902297386442825,11991.025,-0.005553990421378829,-8384.5
3923.25,3964.5,3913.25,3959.25,1198470,12112.5,12334.0,12070.0,12318.5,1076778,51.899589655202945,3874.425,-0.011775818639798485,50.57323781441927,11994.625,-0.019588004370877043,-8189.25
4024.5,4042.75,3939.25,3939.75,1156622,12619.0,12690.0,12190.25,12192.75,1302374,59.51056757436085,3884.375,0.02580768495507546,59.31508315382507,12041.8625,0.04181630546955617,-8594.5
4073.5,4111.0,3994.5,4021.0,1418436,12737.5,12948.0,12449.25,12582.75,1382658,62.595208723612174,3896.9875,0.01217542551869788,61.05073956378949,12094.1875,0.009390601473967752,-8664.0
4133.5,4144.0,4081.0,4105.0,1291377,12971.5,13012.5,12744.25,12923.75,1265494,66.00992722066329,3914.1875,0.014729348226341088,64.29038637360148,12166.2875,0.0183709519136408,-8838.0
4120.5,4147.25,4097.0,4136.25,1485641,12962.5,13108.5,12851.25,12980.0,1300240,64.63316208274958,3928.85,-0.003145034474416386,64.06965596000349,12233.85,-0.0006938287784759023,-8842.0
4093.75,4142.75,4080.5,4120.0,1340247,12924.5,13097.0,12816.25,12975.25,1441063,61.777881856693384,3941.8375,-0.006491930590947659,63.084813564750505,12289.65,-0.0029315332690452722,-8830.75
4156.25,4170.0,4084.25,4097.75,1221384,13271.5,13310.5,12867.25,12921.5,1211240,65.60149397485037,3957.2375,0.01526717557251911,67.93226233004839,12359.2125,0.02684823397423508,-9115.25
4152.25,4173.25,4136.0,4151.5,1079448,13327.0,13356.0,13184.5,13248.0,1246593,65.15227990131737,3969.6,-0.000962406015037609,68.64153168325181,12418.6375,0.004181893531251202,-9174.75
4146.75,4166.25,4103.5,4152.0,1225771,13228.75,13385.0,13085.5,13322.0,1353890,64.49828379241929,3981.875,-0.0013245830573784811,65.86426869758961,12472.475,-0.007372251819614317,-9082.0
4141.75,4188.0,4129.5,4149.0,1234063,13183.25,13419.5,13120.5,13226.0,1377657,63.87060339771396,3996.125,-0.0012057635497678687,64.56150041670901,12537.425,-0.0034394784087687924,-9041.5
4124.5,4155.5,4113.0,4149.5,1005644,13031.5,13233.5,12963.25,13210.75,1210607,61.64181122130231,4011.1625,-0.004164906138709457,60.27911127642553,12600.05,-0.011510818652456734,-8907.0
4210.0,4213.75,4113.75,4129.0,1156072,13392.0,13408.0,12981.75,13048.5,1171305,67.66472695261888,4031.4375,0.020729785428536873,66.0417236237702,12681.5375,0.02766373786594012,-9182.0
4209.75,4260.5,4202.75,4211.0,1252298,13311.25,13575.75,13284.75,13380.25,1302125,67.63128782573227,4052.2625,-5.9382422802900514e-05,63.808655423456244,12757.225,-0.006029719235364439,-9101.5
4281.0,4282.75,4208.25,4219.0,842496,13577.75,13583.0,13312.25,13347.5,1005828,71.89429976455946,4073.0625,0.016924995546053756,67.69141812701446,12835.7375,0.02002065921682794,-9296.75
4298.25,4304.5,4249.0,4277.0,830801,13681.25,13705.75,13495.75,13572.0,905232,72.82736456106477,4096.2875,0.004029432375613151,69.07887421922999,12924.45,0.007622765185689717,-9383.0
4307.75,4327.5,4278.75,4294.75,1065379,13658.25,13740.5,13522.75,13673.5,1042281,73.3520516309929,4114.8,0.002210201826324587,68.3761608205024,12993.6625,-0.0016811329374143424,-9350.5
4276.75,4315.0,4255.0,4308.75,1157054,13493.25,13673.25,13406.25,13663.0,1233602,68.69092666302649,4130.5125,-0.007196332191979571,63.39395545565184,13045.0625,-0.012080610619955023,-9216.5
4286.5,4295.5,4258.25,4279.5,927144,13523.25,13575.5,13411.25,13502.5,1088505,69.35059871057712,4144.775,0.0022797685158122416,63.90887494148405,13089.225,0.0022233338891668453,-9236.75
4231.5,4288.25,4220.75,4287.5,1074101,13268.5,13535.0,13227.0,13534.75,1066297,61.48117733356103,4158.1,-0.012830980986819118,56.62485319855014,13131.475,-0.018837927273399502,-9037.0
4141.25,4222.5,4131.5,4221.25,993636,12909.75,13229.0,12875.5,13227.5,1124261,51.212041879582266,4166.6625,-0.02132813423136004,48.27965558857539,13159.2375,-0.027037720917963637,-8768.5
4130.5,4162.0,4118.0,4146.75,1097866,12896.5,13019.0,12823.5,12935.5,1233531,50.13779797020634,4177.025,-0.0025958345910050973,47.99829452685767,13198.4375,-0.0010263560487228096,-8766.0
4142.75,4158.5,4110.5,4129.0,886146,12929.75,13012.0,12825.75,12890.5,1005492,51.38914109151511,4182.9375,0.0029657426461686676,48.80458468016798,13213.975,0.0025782188965999264,-8787.0
4201.0,4202.75,4143.0,4149.25,954051,13156.0,13161.5,12925.0,12945.25,1153812,56.92488427385191,4189.3125,0.014060708466598237,54.02793768359967,13234.9,0.017498404841547632,-8955.0
4059.5,4217.0,4043.0,4196.75,1292734,12620.5,13220.0,12555.25,13155.5,1388520,43.85882033678747,4185.6125,-0.033682456557962426,42.87726734426294,13217.35,-0.04070386135603532,-8561.0
4031.25,4064.0,4006.25,4024.5,1266462,12492.75,12610.0,12401.5,12484.25,1519231,41.79616912552974,4181.15,-0.006958985096686798,40.71824208539776,13193.8625,-0.010122419872429789,-8461.5
3987.5,4072.75,3964.5,4035.75,1399280,12358.75,12659.0,12247.5,12502.0,1780281,38.75629635959727,4175.8375,-0.010852713178294615,38.52683753732408,13165.575,-0.010726221208300801,-8371.25
3956.5,4018.5,3953.0,3987.75,1342949,12285.25,12513.0,12276.25,12360.5,1435639,36.718449330327346,4165.85,-0.007774294670846449,37.33977801972557,13116.2625,-0.005947203398401935,-8328.75
3968.75,3971.25,3903.25,3958.25,1360135,12292.25,12300.0,12018.25,12290.0,1578434,38.10346512927475,4156.675,0.0030961708580816705,37.53716849129564,13064.525,0.0005697889745832629,-8323.5
3924.5,4019.25,3906.0,3968.0,1498278,12104.25,12462.0,12040.5,12300.0,1594950,35.11383318025685,4145.5625,-0.011149606299212578,34.4026512631776,13008.3,-0.0152941894282983,-8179.75
3910.5,3962.5,3886.5,3929.25,1520018,12019.0,12244.75,11930.0,12111.5,1937449,34.19956566668769,4134.0,-0.003567333418269869,33.054731601410566,12950.0875,-0.007042980771216678,-8108.5
3980.0,3988.75,3883.5,3908.5,1196763,12263.25,12306.25,11922.25,12019.25,1333511,42.23974281189081,4126.775,0.017772663342283668,40.27499673540397,12911.675,0.02032199018221159,-8283.25
4005.5,4011.5,3942.5,3979.25,1549342,12321.75,12379.5,12117.0,12262.75,1484712,44.90002857335989,4116.55,0.006407035175879372,41.891508380884154,12858.1625,0.004770350437282023,-8316.25
4067.25,4077.0,4005.75,4010.25,685778,12592.5,12614.25,12329.25,12346.25,699465,50.808446104515575,4109.425,0.015416302583947106,48.79869189385128,12822.225,0.021973339825917648,-8525.25
4110.75,4119.5,4062.25,4076.25,469325,12740.75,12774.0,12573.25,12614.75,616332,54.50912239838884,4100.9125,0.010695187165775444,52.15245203634217,12780.375,0.01177288068294624,-8630.0
3931.25,4162.0,3919.75,4118.5,408701,12036.5,12889.0,12002.75,12771.75,571848,40.85189259150546,4082.5625,-0.04366599768898616,39.06273119677014,12698.1375,-0.05527539587543906,-8105.25
3947.5,3962.75,3911.25,3939.0,279796,12142.0,12174.0,12001.0,12045.0,402665,42.26224269192541,4064.55,0.004133545310015974,41.4341611849693,12622.325,0.00876500643874878,-8194.5
3902.0,3959.75,3887.5,3955.5,232882,11934.75,12187.75,11866.5,12160.0,208567,39.4274123614372,4045.8125,-0.011526282457251402,38.282400408119955,12544.4,-0.017068851918959016,-8032.75
3871.239990234375,3890.0,3845.75,3890.0,1698060,11814.580078125,11885.0,11740.0,11880.0,1443532,37.591612865393174,4025.0494995117188,-0.007883139355618907,36.546493877037875,12458.96650390625,-0.010068909853578889,-7943.340087890625
3917.25,3927.0,3845.75,3892.0,1589529,12024.0,12066.5,11792.25,11920.5,1233530,41.94583791704595,4009.3369995117187,0.01188508330191107,41.52294313428954,12396.74150390625,0.017725549320432243,-8106.75
3872.75,3936.25,3843.25,3923.0,1760205,11922.25,12092.5,11828.5,12043.75,1334120,39.10410881522738,3995.911999511719,-0.011360010211245108,39.886173938621845,12347.36650390625,-0.008462242182302071,-8049.5
3806.25,3925.0,3791.75,3878.75,1603255,11710.0,12139.0,11647.0,11948.0,1558233,35.25978646888005,3979.699499511719,-0.017171260732038007,36.64150369008736,12288.04150390625,-0.017802847616850803,-7903.75
3772.0,3833.0,3763.25,3794.25,1715831,11565.5,11795.75,11510.0,11663.75,1588742,33.43655207620999,3961.161999511719,-0.008998357963875159,34.579131245876084,12219.82900390625,-0.012339880444064866,-7793.5
3709.0,3783.75,3660.25,3776.5,1679789,11376.75,11600.0,11228.75,11580.0,1524511,30.32986207906984,3936.5619995117186,-0.016702014846235458,32.04213918255171,12130.86650390625,-0.01632008992261469,-7667.75
3670.0,3730.5,3657.5,3704.75,2106309,11316.25,11537.75,11256.5,11362.5,1768686,28.560752176146877,3917.0869995117187,-0.010514963602049066,31.250699412477047,12065.65400390625,-0.0053178631858834535,-7646.25
3661.0,3732.25,3635.25,3667.75,2078536,11333.75,11568.0,11233.5,11316.0,1656254,28.152652469008288,3898.574499511719,-0.0024523160762942586,31.7756316541238,12007.70400390625,0.001546448691041702,-7672.75
3732.0,3751.25,3613.5,3666.75,1834646,11555.75,11612.5,11141.75,11357.5,1665831,35.93032551332196,3885.7994995117188,0.019393608303742038,38.220028503512125,11967.55400390625,0.019587515164883662,-7823.75
3654.25,3736.25,3622.25,3730.5,1771818,11228.25,11566.25,11091.5,11540.0,1515724,31.8626394740933,3870.6869995117186,-0.02083333333333337,33.23286556851919,11914.70400390625,-0.028340869264219082,-7574.0
3601.5,3693.5,3595.5,3656.75,1779266,11035.5,11357.0,11024.5,11224.75,1629802,29.428418778708206,3852.324499511719,-0.014435246630635556,30.694301810515086,11851.86650390625,-0.017166521942421964,-7434.0
3690.25,3711.5,3571.0,3595.5,1436684,11285.75,11357.75,10890.5,11028.75,1456881,38.00935956587111,3840.6119995117188,0.024642510065250534,37.38210009539901,11810.94150390625,0.022676815731049738,-7595.5
3803.25,3809.0,3686.25,3695.0,1479065,11640.75,11676.25,11282.75,11315.0,1412590,46.867806144320525,3835.2494995117186,0.030621231623873646,45.42716719879397,11792.02900390625,0.03145559665950426,-7837.5
3794.0,3820.0,3734.25,3801.5,1274191,11623.75,11711.0,11368.0,11632.0,1397613,46.284740764298526,3825.949499511719,-0.0024321304147768563,45.1281583539537,11760.05400390625,-0.0014603870025556853,-7829.75
3756.75,3819.5,3749.75,3795.5,1524068,11541.75,11730.0,11505.5,11628.75,1579103,43.91539391908459,3813.511999511719,-0.009818133895624692,43.63617270395891,11721.05400390625,-0.0070545219916120505,-7785.0
3653.25,3776.0,3632.25,3745.5,1363836,11101.5,11577.0,11043.25,11498.25,1462387,38.08213970488556,3792.8119995117186,-0.02755040926332597,36.633475415045055,11646.50400390625,-0.038144128923256915,-7448.25
3625.25,3667.75,3598.75,3638.75,1440236,10984.5,11136.5,10876.75,11066.75,1411118,36.66331665456761,3768.536999511719,-0.007664408403476375,35.02481019553613,11558.69150390625,-0.010539116335630316,-7359.25
3599.25,3653.25,3579.0,3625.25,1625444,10845.0,11039.75,10767.25,10989.0,1707261,35.34641815027092,3751.9369995117186,-0.007171919177987762,33.15535825752352,11499.11650390625,-0.012699713232281806,-7245.75
3588.5,3635.5,3585.25,3607.75,1471904,10840.5,10976.75,10805.75,10876.5,1480012,34.79000820310475,3733.9869995117188,-0.002986733347225101,33.09399467648994,11434.04150390625,-0.0004149377593360981,-7252.0
3681.75,3697.75,3502.0,3595.0,1924222,11083.75,11142.25,10484.5,10855.0,2055351,43.14998576734075,3722.974499511719,0.025985787933677118,39.601413572843455,11391.49150390625,0.022439001891056742,-7402.0
3597.5,3734.0,3591.25,3680.25,1820032,10744.0,11253.75,10726.75,11070.0,1790065,38.364497723931756,3709.2875,-0.022883139811231024,34.54725860292679,11337.9625,-0.030652982970565068,-7146.5
3689.25,3702.5,3588.5,3591.25,1353247,11110.25,11149.0,10705.0,10720.5,1323283,45.458531506314,3697.8875,0.02550382209867963,42.99352718862171,11292.275,0.034088793745346235,-7421.0
3732.75,3777.25,3697.25,3702.25,2002737,11198.75,11431.75,11081.5,11161.75,1736014,48.48584081224166,3690.8875,0.011791014433828018,44.84563909577733,11256.1,0.007965617335343511,-7466.0
3707.25,3774.25,3677.0,3759.25,1625084,11153.25,11382.5,11050.25,11323.75,1520065,46.844407196387294,3685.9375,-0.006831424552943499,44.05318668283047,11228.2625,-0.004062953454626594,-7446.0
3675.25,3747.75,3665.75,3708.25,1806578,11090.75,11329.0,11008.0,11141.75,1466865,44.79498123986709,3681.1,-0.008631735113628691,42.93096934714414,11204.525,-0.0056037477865196195,-7415.5
3764.0,3774.5,3641.25,3676.5,1919929,11358.5,11386.25,10937.0,11062.75,1638860,51.17497203853091,3683.85,0.024148017141691014,48.93270228573242,11203.6125,0.0241417397380701,-7594.5
3809.25,3822.0,3736.75,3771.0,1622370,11478.75,11530.75,11207.75,11393.75,1415346,54.08836555622786,3690.8125,0.012021785334750179,51.40449776978311,11211.7375,0.01058678522692258,-7669.5
3870.25,3874.25,3790.0,3803.75,1477922,11713.5,11732.75,11430.5,11459.75,1219402,57.74848198575764,3701.275,0.016013650981164362,55.8928211232258,11230.725,0.020450833061091078,-7843.25
3841.0,3897.5,3824.0,3843.25,1681031,11446.0,11703.5,11413.5,11520.0,1518876,55.465129816362875,3706.725,-0.00755765131451458,50.20274124579447,11225.2375,-0.022836897596789973,-7605.0
3819.5,3870.75,3757.25,3845.0,1759601,11235.25,11537.75,10924.5,11423.0,1602442,53.781816096931124,3714.9875,-0.005597500650872167,46.21122167728989,11225.5875,-0.018412545867552033,-7415.75
3911.25,3924.25,3776.75,3796.0,1335826,11587.0,11627.0,11062.0,11124.5,1338252,59.43906495904036,3730.475,0.02402146877863598,52.93698774417694,11253.1625,0.03130771455908854,-7675.75
3883.0,3914.75,3872.5,3911.75,1310909,11447.25,11600.0,11367.0,11593.5,1114645,57.12069391072275,3740.1125,-0.007222754873761561,50.24869089583935,11261.2375,-0.012060930352981836,-7564.25
3866.0,3927.75,3852.5,3883.0,1461393,11332.0,11619.0,11288.75,11451.75,1299271,55.71244840682414,3743.25,-0.004378058202420765,48.080197797496375,11245.8,-0.010067920242853079,-7466.0
3768.75,3907.25,3760.25,3862.0,1413500,10944.5,11459.75,10908.25,11319.0,1309285,48.366396356668304,3741.9875,-0.025155199172271048,41.582502121865645,11211.8375,-0.03419519943522764,-7175.75
3727.75,3782.5,3704.25,3767.25,1556532,10728.0,10995.75,10708.0,10944.75,1412676,45.63444204941782,3740.5375,-0.010878938640132674,38.455538054061535,11171.15,-0.019781625473982323,-7000.25
3779.5,3805.75,3709.75,3725.0,2054562,10890.25,10974.25,10636.0,10724.5,1860620,49.5109284612168,3746.85,0.013882368721078508,41.97700719031214,11160.5875,0.015123974645786742,-7110.75
3815.25,3821.75,3738.25,3755.25,1252534,11014.25,11038.5,10775.75,10829.25,1244725,52.05432585137303,3756.35,0.009458923137981134,44.586592087446995,11162.075,0.011386331810564476,-7199.0
3835.25,3867.0,3792.75,3812.75,1425892,11094.25,11231.5,10928.25,11014.5,1323757,53.466603932752136,3768.15,0.005242120437717102,46.265689791509025,11174.5375,0.0072633179744421295,-7259.0
3755.5,3848.75,3750.0,3830.25,1545006,10830.75,11164.75,10822.0,11079.0,1377872,47.46300833625557,3776.5,-0.020793950850661602,41.77556178174813,11174.05,-0.023751042206548445,-7075.25
3961.0,3973.5,3750.0,3756.5,1695239,11632.25,11677.0,10809.0,10841.75,1432721,59.944287781468866,3790.4625,0.05471974437491678,55.8207020712999,11201.475,0.07400226207788019,-7671.25
4000.25,4009.75,3948.0,3972.75,1470248,11848.0,11876.75,11569.5,11670.0,1496274,61.81045644199475,3810.6,0.009909113860136376,58.708168117950116,11256.675,0.018547572481678154,-7847.75
3966.0,4017.5,3964.25,3984.75,1145138,11734.75,11898.5,11702.0,11796.0,1151123,59.21780383617248,3824.4375,-0.008561964877195183,56.61640521456119,11287.9,-0.00955857528696824,-7768.75
3999.5,4051.0,3960.0,3975.0,1872579,11904.25,12118.5,11761.5,11769.0,1652360,60.94342496219954,3837.775,0.00844679778113977,58.972563612389585,11323.175,0.014444278744753847,-7904.75
3968.5,4016.0,3962.0,3994.25,1136638,11739.5,11962.25,11706.0,11889.0,1289654,58.47757981259644,3850.8375,-0.007750968871108932,55.800392496793926,11352.4875,-0.013839595102589364,-7771.0
3955.25,3990.5,3912.5,3977.5,1148349,11710.5,11828.25,11528.0,11773.75,1290893,57.408393949532126,3864.8375,-0.0033387929948343054,55.237150379314535,11383.475,-0.002470292601899571,-7755.25
3974.0,3995.0,3942.5,3961.0,1305174,11708.0,11844.0,11606.5,11746.5,1234910,58.56296992184778,3875.3375,0.004740534732317725,55.18543627071018,11400.95,-0.00021348362580586588,-7734.0
3958.0,3982.0,3939.75,3972.25,982652,11588.0,11755.25,11553.25,11720.0,978909,57.139531873182555,3882.775,-0.004026170105686955,52.63800139955391,11406.4125,-0.010249402118209794,-7630.0
4010.25,4013.0,3945.25,3958.5,885864,11754.5,11759.25,11525.5,11587.75,910314,60.514746563821355,3889.775,0.013201111672561883,55.69403736695436,11408.4625,0.014368312046945109,-7744.25
4033.0,4039.5,4001.5,4010.0,919169,11862.75,11892.75,11720.25,11741.0,912095,61.920832071618555,3899.375,0.005672963032229861,57.60916938685282,11429.3,0.009209239014845272,-7829.75
4032.5,4049.25,4024.75,4038.75,353379,11782.75,11932.75,11766.25,11878.0,536492,61.868686073842575,3910.025,-0.00012397718819734393,55.69321316846113,11456.675,-0.006743798866198802,-7750.25
3970.25,4023.5,3960.25,4021.25,985460,11616.25,11788.25,11574.75,11735.25,908381,55.59173866378943,3912.975,-0.015437073775573462,51.82970662612339,11458.1375,-0.014130826844327538,-7646.0
3962.0,3990.75,3941.5,3972.0,1171139,11524.75,11704.25,11465.0,11625.5,1024726,54.79824489213062,3916.925,-0.0020779547887412875,49.785730582528295,11462.0125,-0.007876896588830284,-7562.75
4081.25,4093.5,3942.75,3962.0,1339151,12042.25,12077.75,11497.75,11519.25,1338839,63.01573794122283,3927.6875,0.03009843513377075,59.51111562376477,11497.525,0.04490336015965646,-7961.0
4081.75,4110.0,4054.25,4093.5,1256318,12062.75,12144.75,11943.75,12074.75,1249676,63.04607272803102,3943.3375,0.0001225114854517262,59.84291080307254,11553.4375,0.0017023396790467604,-7981.0
4075.5,4085.75,4006.75,4077.5,1283141,12010.25,12068.0,11740.25,12039.0,1094953,62.357566545208826,3960.725,-0.0015312059778281872,58.520303379493136,11617.55,-0.0043522414043232205,-7934.75
4003.25,4075.5,3987.5,4073.0,1087179,11805.75,12015.0,11745.25,12000.0,938136,54.89444186314764,3971.9125,-0.017727886148938832,53.55509235381113,11663.325,-0.017027122666056105,-7802.5
3945.0,4014.75,3921.5,4006.25,1302364,11566.0,11846.0,11502.0,11813.0,1130245,49.72709743584487,3978.4,-0.014550677574470705,48.37322629560338,11690.9125,-0.0203079008110455,-7621.0
3936.75,3961.5,3914.0,3944.0,1313675,11509.5,11596.0,11423.25,11568.5,1197842,49.0232415234271,3983.475,-0.0020912547528516567,47.21383716703629,11711.675,-0.004885007781428308,-7572.75
3965.75,3977.25,3916.0,3935.0,1326162,11645.5,11685.5,11434.25,11500.0,955939,51.61576820987609,3993.9875,0.007366482504604033,50.301585176217465,11752.4125,0.011816325644033121,-7679.75
3936.25,3990.0,3925.0,3964.5,890679,11569.75,11748.0,11516.5,11638.75,905825,48.891837353492306,3992.75,-0.007438693815797759,48.59646554956992,11749.2875,-0.006504658451762513,-7633.5
3991.75,3994.75,3924.5,3933.0,340054,11711.75,11717.25,11523.0,11555.0,447210,53.828601339122024,3992.325,0.014099714194982571,51.88884126267881,11742.475,0.01227338533676181,-7720.0
4022.25,4148.0,3985.0,3987.5,466356,11839.75,12228.25,11675.5,11699.0,593596,56.32534045211676,3995.1375,0.007640759065572711,54.70509676085521,11747.725,0.010929195039170114,-7817.5
3998.0,4062.0,3965.25,4020.0,240964,11750.75,11948.5,11611.5,11831.5,312661,53.832791909008115,3995.0625,-0.006028963888370931,52.407953112316896,11740.05,-0.0075170506133998005,-7752.75
3897.0,4010.25,3878.5,4006.25,205066,11347.25,11779.25,11298.25,11765.25,220689,44.91725809658461,3991.4875,-0.02526263131565787,43.4913153824532,11720.4375,-0.03433823372976197,-7450.25
3871.469970703125,3904.75,3842.0,3890.0,1276282,11327.0400390625,11381.5,11205.5,11333.0,1108183,42.97959875317856,3987.2984985351563,-0.0065512007433602415,43.095816143152554,11701.264501953125,-0.001781044829143652,-7455.570068359375
3845.5,3899.0,3827.25,3873.5,1217275,11193.25,11411.0,11131.5,11327.0,925805,41.040151492257934,3980.873498535156,-0.006708038781044312,40.471958207004064,11675.527001953125,-0.011811562297044165,-7347.75
3849.25,3866.5,3803.5,3843.5,1372355,11175.75,11247.25,11042.75,11182.25,1131393,41.450998005648955,3975.435998535156,0.0009751657781822409,40.12780677368777,11654.914501953124,-0.0015634422531436432,-7326.5
3905.75,3918.75,3855.25,3855.25,1251789,11334.5,11389.75,11181.0,11201.5,961542,47.398360266611675,3970.2109985351562,0.01467818406183019,44.720035284024966,11633.914501953124,0.014204863208285845,-7428.75
3849.25,3919.75,3788.25,3914.0,1238805,11054.25,11384.25,10870.5,11359.75,1040361,42.72458881816374,3961.0234985351562,-0.014465851629008486,39.0288737458446,11593.489501953125,-0.024725395915126347,-7205.0
3869.75,3872.5,3821.25,3849.75,1064229,11075.25,11143.25,10915.75,11053.5,1027774,44.849513768352345,3952.8859985351564,0.005325712801194982,39.648662979709314,11558.114501953125,0.0018997218264469318,-7205.5
3855.0,3900.75,3837.25,3878.0,854326,10915.5,11184.0,10895.75,11101.75,847658,43.59623633141572,3947.123498535156,-0.003811615737450702,36.60066261907156,11523.077001953125,-0.014424053633100842,-7060.5
3807.5,3875.0,3804.5,3857.25,1014540,10772.75,10996.5,10758.25,10918.0,927100,39.744530381735785,3939.3984985351562,-0.012321660181582317,34.079506725073045,11485.477001953124,-0.013077733498236488,-6965.25
3871.75,3882.75,3806.25,3810.5,763578,11032.75,11071.5,10777.5,10786.75,769734,46.61501619659265,3928.9234985351563,0.016874589625738734,41.92598091089662,11435.002001953126,0.024134970179387816,-7161.0
3861.0,3870.75,3821.5,3869.75,937282,11022.25,11051.75,10855.5,11032.75,870635,45.67658039042941,3917.8859985351564,-0.00277652224446312,41.71005958097044,11382.977001953124,-0.0009517119485169534,-7161.25
3846.0,3907.25,3814.25,3885.75,1314699,10945.5,11181.75,10844.25,11117.0,1079765,44.33537108914439,3906.410998535156,-0.0038850038850039015,40.08500473919098,11329.739501953125,-0.006963188096804185,-7099.5
3874.5,3896.5,3836.5,3844.0,1386997,10999.25,11068.0,10863.25,10941.75,1214791,47.4902398158376,3899.973498535156,0.007410296411856532,41.795295953932175,11289.414501953124,0.004910693892467233,-7124.75
3829.0,3885.5,3822.25,3871.0,1298712,10820.25,11046.25,10804.75,10983.75,1114944,43.273514041046546,3894.1734985351563,-0.011743450767841002,37.91386519681169,11252.127001953126,-0.016273836852512713,-6991.25
3915.5,3928.75,3802.0,3833.25,1469517,11113.5,11166.0,10751.0,10837.75,1283376,51.999357892944786,3893.1109985351563,0.022590754766257604,46.65430850685674,11232.327001953125,0.02710196159977829,-7198.0
3913.75,3973.25,3909.75,3917.25,1253733,11185.5,11385.5,11120.25,11128.75,1080273,51.82566858130208,3890.5109985351564,-0.00044694164219127863,48.56876265226578,11209.327001953125,0.006478607099473566,-7271.75
3940.75,3943.75,3891.5,3913.25,1314683,11282.0,11289.25,11094.25,11181.25,1175089,54.35871625311024,3890.7359985351563,0.006898754391568174,51.10166913063935,11194.939501953126,0.008627240624022203,-7341.25
3990.0,3992.25,3934.5,3941.25,1023441,11476.5,11479.5,11239.5,11281.75,967889,58.63162201100878,3890.6484985351562,0.012497621011228865,55.82399149636786,11183.177001953125,0.017239851090232294,-7486.5
4003.5,4021.75,3953.75,3992.0,1680724,11534.25,11580.0,11288.5,11471.75,1514447,59.744139369275395,3889.7109985351562,0.0033834586466165995,57.14728743561903,11167.902001953125,0.005032021957914079,-7530.75
4018.25,4024.25,3961.5,4003.0,1051309,11608.0,11619.25,11389.5,11529.75,1036574,60.97889441118991,3890.723498535156,0.003684276258274055,58.84283762829529,11160.764501953125,0.0063940004768408,-7589.75
4009.5,4035.25,3996.75,4019.5,1238268,11624.5,11685.0,11510.25,11612.5,1202686,59.806957804366654,3896.348498535156,-0.002177564860324721,59.23149217410933,11174.627001953126,0.0014214334941420326,-7615.0
3945.75,4033.75,3943.75,4008.75,1444193,11475.75,11759.5,11467.75,11622.0,1282025,51.970210087813506,3900.0625,-0.015899738121960327,54.25717767233012,11182.0625,-0.01279624930104517,-7530.0
3915.5,3948.75,3901.75,3945.75,1490087,11356.5,11486.75,11308.5,11470.0,1188800,48.70868704809975,3903.5625,-0.007666476588734761,50.58921739163341,11190.225,-0.010391477681197303,-7441.0
3988.5,3990.25,3911.75,3924.25,1203293,11677.0,11686.0,11365.25,11405.5,1039642,55.901118296701945,3910.525,0.01864385135997959,58.67519551709521,11215.2875,0.028221723242196184,-7688.5
4036.5,4056.5,3980.25,3987.25,1210789,11934.0,11983.0,11650.25,11677.75,1081571,59.884460359966475,3917.0625,0.012034599473486285,63.792065204619945,11245.2625,0.022009077674060018,-7897.5
4032.75,4047.25,4005.25,4035.75,1258632,11909.5,12010.0,11835.75,11933.0,984207,59.43279075747263,3926.2375,-0.00092902266815309,62.991324448839684,11288.025,-0.002052957935310906,-7876.75
4032.0,4040.0,3963.25,4039.0,1448351,11873.25,11976.5,11604.5,11973.0,1256734,59.336398403963344,3934.35,-0.00018597731076808177,61.75613941672961,11327.925,-0.003043788572148265,-7841.25
4075.5,4077.0,4027.5,4030.5,1360344,12106.75,12113.25,11867.25,11875.0,1148274,63.076880053367844,3945.375,0.010788690476190466,66.33533445882422,11387.4875,0.01966605605036542,-8031.25
4084.25,4109.25,4055.0,4066.25,1226201,12222.25,12308.0,12016.0,12050.25,1149579,63.79824460318884,3959.2125,0.002146975831186282,68.35383244925765,11459.9625,0.009540132570673432,-8138.0
4032.5,4085.75,4029.5,4077.75,1461206,11968.0,12252.0,11960.0,12213.25,1161133,56.73803376326593,3967.25,-0.012670624961743315,59.847134042480505,11506.725,-0.02080222544948762,-7935.5
4090.0,4091.25,4007.5,4038.25,1194127,12152.0,12156.0,11871.25,11984.25,1067678,61.796864247434726,3978.7,0.014259144451332917,63.39733113463123,11563.2125,0.015374331550802145,-8062.0
4132.25,4163.25,4048.5,4085.25,1378527,12414.25,12525.0,12055.0,12121.25,1081997,65.03244805656394,3993.0125,0.010330073349633206,67.77117028800261,11636.65,0.02158080974325216,-8282.0
4191.5,4208.5,4136.75,4145.0,1553276,12846.75,12950.0,12501.25,12514.0,1400476,68.99788695253577,4008.8625,0.01433843547704039,73.41358639006604,11729.025,0.034838995509193005,-8655.25
4147.75,4194.0,4132.5,4175.25,1552686,12624.0,12877.75,12550.5,12739.5,1501923,63.29048037390667,4024.8,-0.010437790767028554,66.91579859472878,11819.2125,-0.017339015704361027,-8476.25
4123.5,4143.0,4104.0,4135.5,1114776,12515.5,12608.75,12456.5,12578.25,1087789,60.31245498325783,4035.2,-0.005846543306612051,63.94683516880761,11889.3125,-0.008594740177439775,-8392.0
4175.75,4188.0,4098.25,4123.25,1433457,12776.75,12818.75,12459.25,12517.0,1281583,64.21907201675995,4048.3,0.012671274402813237,67.66677911488489,11968.875,0.02087411609604084,-8601.0
4130.5,4179.5,4121.25,4166.75,1078550,12545.25,12809.0,12512.5,12746.0,1056940,58.81920884947801,4057.7875,-0.010836376698796668,61.60133627448019,12032.0375,-0.018118848690003353,-8414.75
4091.75,4170.5,4078.5,4132.25,1195398,12425.5,12729.5,12366.0,12557.25,1183273,54.58628844808094,4062.875,-0.00938143081951337,58.67162812238958,12079.4875,-0.009545445487335824,-8333.75
4099.75,4104.25,4060.5,4097.75,1150173,12346.25,12451.5,12243.0,12445.75,1161148,55.30147133558243,4067.6875,0.0019551536628581445,56.74811951820766,12120.0875,-0.0063780129572250654,-8246.5
4147.25,4150.75,4078.75,4105.0,778496,12540.5,12567.75,12265.0,12353.25,901532,59.39072164429232,4074.1375,0.01158607232148312,60.1929833788796,12166.7125,0.015733522324592464,-8393.25
4145.5,4186.5,4103.75,4149.0,1553479,12631.0,12685.75,12390.5,12547.75,1517022,59.17592640306023,4080.9375,-0.00042196636325275705,61.72259709022192,12217.0375,0.007216618157170673,-8485.5
4158.25,4161.75,4113.0,4141.75,1103282,12730.0,12756.75,12524.25,12618.75,1058771,60.302415403382795,4091.5625,0.003075624170787661,63.380305546430755,12279.75,0.00783785923521485,-8571.75
4099.75,4168.75,4094.75,4159.0,1210689,12482.5,12792.5,12455.25,12743.75,1198917,53.06696996873853,4100.775,-0.01406841820477367,56.761982839272996,12336.05,-0.019442262372348806,-8382.75
4087.5,4096.5,4055.5,4094.75,1214617,12390.0,12464.0,12265.5,12461.0,1120246,51.66891322877135,4105.725,-0.0029879870723824586,54.47257720751578,12371.7,-0.007410374524334018,-8302.5
4005.75,4089.5,4002.25,4083.25,1134998,12096.75,12418.0,12091.5,12383.0,1052640,43.44343719204349,4104.1875,-0.020000000000000018,47.879398519031774,12379.8375,-0.02366828087167072,-8091.0
3999.0,4026.5,3983.5,4007.5,1227850,12097.5,12190.75,12034.25,12111.25,1075725,42.837047322255906,4102.5,-0.00168507770080506,47.89676810681568,12389.2375,6.200012400014998e-05,-8098.5
4018.75,4034.5,3974.25,4009.0,1161651,12207.5,12261.0,12028.0,12175.5,1012344,45.24527408557901,4101.8375,0.004938734683670898,50.50221350478229,12405.95,0.009092787766067367,-8188.75
3975.75,4023.25,3947.25,4016.5,1164020,11997.0,12214.25,11922.75,12191.25,1027180,41.17773940303,4096.85,-0.010699844479004628,45.78402407854766,12400.4625,-0.0172434978496826,-8021.25
3988.0,4024.5,3973.0,3975.75,1087848,12083.25,12189.5,11987.75,12002.25,849862,42.75657167042568,4092.0375,0.003081179651638122,47.930566610655674,12393.5125,0.007189297324331045,-8095.25
3975.5,4004.0,3965.0,3992.0,1063486,12072.25,12173.75,12025.75,12092.0,914267,41.531584908859344,4089.1875,-0.0031344032096288776,47.67133509551118,12398.725,-0.0009103511058696778,-8096.75
3956.5,3991.0,3943.0,3969.5,1264094,11961.75,12142.0,11925.0,12042.75,968760,39.67108002006885,4082.5125,-0.004779273047415433,45.03626669119045,12389.2125,-0.009153223301373026,-8005.25
3984.75,3995.25,3924.5,3960.75,1232501,12062.0,12096.25,11831.5,11968.5,976826,43.70885339804854,4075.1375,0.007140149121698469,47.852538312390806,12371.6,0.008380880723974249,-8077.25
4049.75,4053.75,3974.0,3983.5,993285,12311.25,12329.75,12012.25,12050.75,877371,51.71633905108234,4068.05,0.01631219022523367,54.14372480449984,12344.825,0.020664068976952388,-8261.5
4052.5,4082.5,4041.75,4049.5,993029,12323.5,12485.75,12276.0,12307.75,900558,52.02726329664413,4063.2875,0.0006790542626087248,54.43467553897409,12329.8,0.0009950248756218638,-8271.0
3989.75,4064.5,3982.5,4052.25,1142485,12169.0,12381.75,12142.25,12322.5,1077645,44.919188076845025,4056.6,-0.01548426896977173,50.115784070239584,12312.475,-0.012537022761390793,-8179.25
3995.0,4003.5,3970.75,3989.75,1115449,12228.25,12254.5,12108.5,12174.75,1024321,45.58897733502637,4047.5625,0.001315871921799605,51.698495944625805,12285.05,0.0048689292464458855,-8233.25
3920.0,4019.75,3909.25,3997.75,1501340,12007.25,12353.75,11977.0,12223.0,1204893,38.40434078977775,4037.0375,-0.018773466833541974,45.854507531582854,12258.15,-0.018072904953693292,-8087.25
3862.75,3942.0,3846.25,3919.5,1958961,11840.25,12112.0,11796.5,12008.75,1664090,33.99962410447027,4025.5875,-0.014604591836734682,41.991694248380796,12228.8875,-0.013908263757313244,-7977.5
3856.75,3938.5,3808.75,3885.0,1020831,11931.75,12095.75,11677.0,11888.0,857903,33.56512747849516,4013.4375,-0.0015532975211960398,44.73853440364309,12208.1625,0.007727877367454283,-8075.0
3920.5,3938.25,3855.0,3865.75,303023,12207.0,12223.0,11903.0,11956.25,362006,42.04035952490157,4002.1,0.016529461334024775,52.08833250839197,12191.4875,0.023068703249732758,-8286.5
3892.75,3931.25,3833.5,3920.0,299348,12247.75,12280.0,11971.5,12203.25,302259,39.66808879599749,3989.4625,-0.007078178803723967,53.083202517935845,12172.325,0.0033382485459163558,-8355.0
3960.5,3966.5,3863.0,3892.75,161305,12583.0,12600.0,12189.0,12265.5,154357,47.46273307971612,3979.575,0.01740414873803875,60.373377713117286,12164.975,0.027372374517768527,-8622.5
3957.050048828125,3976.0,3922.75,3961.0,1293523,12594.650390625,12636.0,12500.0,12580.75,1277399,47.12882711182418,3972.4400024414062,-0.0008710898047911142,60.602482858305585,12170.58251953125,0.0009258833843279746,-8637.600341796875
3983.0,3989.25,3897.0,3963.25,1344261,12688.5,12750.0,12525.5,12689.25,1165935,49.97937804776574,3967.2150024414063,0.006557903198510129,62.48413532264947,12185.50751953125,0.007451545415254834,-8705.5
4035.75,4043.5,3981.75,3986.0,901843,12867.25,12897.5,12676.25,12698.75,878604,55.25990610396383,3968.7150024414063,0.013243786090886278,65.83144180306388,12224.03251953125,0.014087559601213773,-8831.5
3970.5,4074.0,3966.0,4038.5,1109519,12707.0,13081.75,12677.5,12873.5,1119564,48.44692451924827,3967.290002441406,-0.01616799851328754,60.61032065599818,12254.50751953125,-0.01245409858361346,-8736.5
3978.0,4039.5,3948.5,3972.0,1473848,12854.0,13031.5,12695.0,12698.25,1367957,49.22186658394247,3965.2525024414062,0.0018889308651304226,63.47224020796042,12286.83251953125,0.011568426851341851,-8876.0
4001.25,4011.0,3937.0,3988.0,1342728,12890.25,12925.25,12726.0,12872.0,1275463,51.64832342742461,3966.5275024414063,0.005844645550527883,64.1637102595631,12331.49501953125,0.0028201338104869578,-8889.0
4007.25,4034.5,3997.5,4008.0,961869,12788.5,12976.25,12765.75,12916.0,974514,52.28203369217322,3967.4900024414064,0.001499531396438547,60.69087013009368,12366.75751953125,-0.007893562964255918,-8781.25
4001.5,4024.0,3980.75,4014.25,829837,12732.5,12833.5,12634.75,12812.0,821787,51.58428679766023,3968.790002441406,-0.001434899245118193,58.804427336888736,12399.77001953125,-0.004378934198694173,-8731.0
4057.5,4061.5,4006.0,4006.25,825817,12965.0,12993.0,12742.0,12747.0,823177,57.52914270800006,3973.8400024414063,0.01399475196801192,63.83104497407795,12449.93251953125,0.01826035735322984,-8907.5
4080.0,4087.75,4052.5,4058.0,862962,13082.0,13112.0,12931.25,12965.0,853717,59.67175455148274,3978.602502441406,0.005545286506469571,66.0744117370279,12500.93251953125,0.009024296182028602,-9002.0
4137.75,4142.5,4078.0,4081.75,877764,13301.75,13311.5,13056.5,13080.0,817919,64.60715206219218,3983.0025024414062,0.014154411764705888,69.85614440883262,12550.45751953125,0.016797890230851653,-9164.0
4153.75,4157.75,4122.0,4127.25,827677,13270.0,13278.75,13154.25,13262.5,818610,65.85397737664616,3988.0650024414062,0.0038668358407347725,68.66517798464477,12597.78251953125,-0.0023869039787998148,-9116.25
4129.0,4171.75,4115.25,4152.75,992255,13219.0,13348.75,13168.75,13261.75,906773,62.20353838361824,3995.0275024414063,-0.005958471260908871,66.6981091479944,12650.28251953125,-0.0038432554634514338,-9090.0
4117.25,4135.75,4099.0,4133.25,880310,13079.75,13247.25,13006.0,13232.0,846841,60.48923177130207,4001.140002441406,-0.0028457253572293784,61.51628336148148,12692.85751953125,-0.010534079733716673,-8962.5
4132.0,4135.25,4096.25,4114.5,68211,13170.75,13191.25,12952.5,13075.25,86869,61.90842388890144,4011.7400024414064,0.0035824883113728667,63.51135238220522,12751.03251953125,0.006957319520632943,-9038.75
4136.25,4143.0,4098.75,4139.0,727461,13158.0,13206.25,12967.5,13178.0,766868,62.3283013025662,4025.415002441406,0.001028557599225488,63.018403609186,12816.92001953125,-0.0009680542110358514,-9021.75
4136.5,4151.75,4128.75,4138.5,704860,13074.75,13209.25,13051.75,13168.75,830152,62.35458832424987,4039.4025024414063,6.04412209126437e-05,59.75704693359848,12874.07001953125,-0.006326949384404923,-8938.25
4119.0,4177.75,4113.5,4137.5,1107157,12952.25,13241.0,12938.0,13076.0,1147937,59.238478208695035,4049.327502441406,-0.004230629759458426,55.22780795509579,12911.33251953125,-0.009369204000076459,-8833.25
4172.75,4177.0,4110.25,4118.0,824166,13209.75,13228.5,12925.25,12955.0,847188,65.0205383469502,4063.327502441406,0.013049283806749301,61.784715164141794,12959.43251953125,0.01988071570576544,-9037.0
4163.75,4189.25,4138.0,4169.5,1155628,13181.25,13255.0,13056.0,13181.0,1018374,63.39886848404426,4073.4900024414064,-0.0021568509975435912,60.724708900920334,12989.34501953125,-0.0021574973031284195,-9017.5
4176.75,4180.5,4147.75,4174.0,832732,13186.5,13218.0,13077.0,13210.0,881577,64.76584566055347,4084.475,0.003122185529870869,60.85792917038339,13018.9375,0.0003982930298720433,-9009.75
4180.0,4198.25,4164.5,4176.75,877748,13193.0,13298.5,13138.25,13185.75,915110,65.11660575642796,4094.325,0.0007781169569640589,61.03415668311096,13044.1625,0.0004929283737156176,-9013.0
4178.5,4187.5,4150.75,4176.5,803932,13183.0,13227.0,13065.0,13174.0,824835,64.79598840055773,4101.4625,-0.0003588516746411141,60.582252195135354,13059.95,-0.0007579777154551604,-9004.5
4152.5,4173.5,4136.75,4173.25,952818,13074.25,13199.75,13022.0,13166.0,971192,59.34188481269783,4110.5625,-0.006222328586813486,55.74812656707464,13078.3125,-0.008249260411135606,-8921.75
4156.75,4161.0,4135.25,4153.75,916521,13090.5,13121.75,12982.75,13090.0,898611,59.93554074775706,4119.5,0.00102347983142681,56.309138258129934,13090.1375,0.0012429011224353026,-8933.75
4159.5,4165.0,4133.25,4150.25,816228,13056.5,13134.0,12967.25,13071.25,834869,60.33907357828095,4127.4125,0.0006615745474227719,54.74528077438911,13098.45,-0.002597303387953054,-8897.0
4093.25,4158.25,4090.5,4156.75,982508,12809.5,13059.75,12801.0,13050.25,992431,47.83838422287315,4131.7125,-0.015927395119605725,44.97342637159335,13099.5,-0.018917780415884766,-8716.25
4076.0,4118.0,4066.0,4110.75,1142361,12887.75,13012.5,12863.0,12929.75,1076220,45.211893214021764,4135.4375,-0.004214255176204773,48.13207454309255,13107.2625,0.00610874741402867,-8811.75
4153.75,4168.0,4080.75,4085.5,867059,13231.25,13331.5,12936.0,12962.0,966685,56.74050139012872,4140.25,0.019075073601570125,59.203003281405344,13120.575,0.026653217202382118,-9077.5
4188.5,4193.75,4131.75,4151.75,1027456,13320.25,13336.75,13168.75,13220.0,965388,60.718941811741985,4145.675,0.008365934396629582,61.49617711132015,13132.4875,0.0067264997638167845,-9131.75
4185.75,4206.25,4178.5,4189.5,710363,13306.75,13367.25,13258.75,13316.25,810359,60.24674016365489,4148.075,-0.0006565596275516228,60.93665680568386,13132.7375,-0.001013494491469702,-9121.0
4136.75,4191.75,4105.5,4179.5,1028199,13184.5,13334.5,13111.0,13288.5,932745,52.423645397091164,4147.225,-0.011706384757809274,55.97043409909319,13128.4625,-0.009187066714261505,-9047.75
4107.5,4167.0,4094.75,4133.5,1084088,13100.75,13310.0,13079.75,13163.25,1018257,48.384703582669815,4146.15,-0.007070768115066128,52.795979980801306,13122.55,-0.006352155940687942,-8993.25
4075.75,4118.0,4062.25,4088.25,1205872,13043.75,13172.0,13001.75,13067.75,1014116,44.38710027063365,4144.075,-0.007729762629336556,50.68882105182486,13120.75,-0.004350895941072075,-8968.0
4150.25,4163.25,4076.75,4077.5,822864,13317.75,13358.75,13055.75,13059.0,780711,53.99253714284788,4144.9875,0.01827884438446903,59.13255135598284,13128.1,0.021006229036895085,-9167.5
4152.75,4161.0,4137.5,4150.5,647107,13352.25,13368.0,13254.5,13315.5,673681,54.277925288795466,4145.8125,0.0006023733510029938,60.05991729942571,13137.8125,0.002590527679225074,-9199.5
4134.0,4153.25,4131.0,4150.5,595983,13264.75,13347.25,13249.25,13336.0,664563,51.68824938373368,4145.6875,-0.004515080368430513,56.55469228468027,13147.3125,-0.006553202643749145,-9130.75
4152.0,4173.0,4112.25,4133.5,1143687,13409.5,13448.0,13202.0,13261.5,1150356,53.95926610184252,4147.3375,0.004354136429608024,60.646453247239535,13170.175,0.010912380557492662,-9257.5
4143.75,4168.5,4121.5,4152.5,946289,13446.5,13472.0,13361.5,13408.5,946253,52.735669816537616,4145.8875,-0.0019869942196532042,61.640949298193355,13182.0125,0.002759237853760421,-9302.75
4138.0,4164.75,4110.75,4145.0,807959,13396.25,13494.75,13310.0,13444.0,853854,51.8531072934902,4144.6,-0.0013876319758672206,59.4438721824678,13192.7625,-0.0037370319413974062,-9258.25
4150.0,4156.25,4123.0,4132.25,730307,13468.0,13479.0,13350.0,13379.25,719512,53.598414648124134,4143.2625,0.002899951667472145,61.55118709506084,13206.8375,0.005355976485956981,-9318.0
4123.0,4152.0,4120.0,4148.5,796936,13483.25,13554.25,13426.25,13466.75,785954,49.27069110249045,4140.4125,-0.006506024096385565,62.003098973281794,13221.35,0.0011323136323135863,-9360.25
4171.5,4179.0,4122.0,4126.25,855812,13643.5,13669.25,13474.0,13500.5,801492,56.12395829935377,4140.0625,0.011763279165656115,66.46374954002295,13244.375,0.01188511671889203,-9472.0
4212.0,4215.5,4161.0,4171.25,959113,13894.0,13913.75,13628.25,13641.5,974758,60.87697279031911,4143.0375,0.009708737864077666,71.99773019705562,13285.3625,0.01836039139516976,-9682.0
4204.75,4227.25,4191.5,4215.0,1009984,13858.0,13960.5,13814.25,13908.25,913863,59.63163804895534,4145.4375,-0.0017212725546058572,70.20477580223549,13323.7375,-0.002591046494889837,-9653.25
4205.0,4221.75,4186.5,4189.25,809436,13902.5,13946.75,13794.25,13813.75,778815,59.6622810345462,4147.7125,5.945656697781132e-05,71.16081482061537,13366.0375,0.003211141578871368,-9697.5
4158.75,4222.75,4153.0,4207.25,983009,13728.75,13977.25,13711.0,13911.5,879671,51.824682533833325,4150.9875,-0.01099881093935795,62.70113634969971,13412.0,-0.012497752202841217,-9570.0
4126.0,4166.0,4114.0,4158.75,1150731,13650.25,13845.25,13566.75,13732.0,966440,47.105774062231106,4153.4875,-0.007874962428614407,59.27269185604317,13450.125,-0.005717927706455406,-9524.25
4159.75,4175.75,4132.0,4153.75,1181842,13976.5,14031.5,13803.0,13871.25,1144408,51.96035604383431,4153.7875,0.00817983519146881,67.28020754321005,13487.3875,0.023900661160052072,-9816.75
4213.25,4221.25,4146.0,4157.25,916757,14332.5,14372.5,13924.75,13981.75,979505,58.467576698840006,4155.025,0.012861349840735725,73.4211202615987,13538.0,0.02547132687010345,-10119.25
4215.0,4243.0,4200.0,4230.25,1061118,14396.75,14570.0,14336.25,14418.25,1222423,58.664811987930456,4156.4875,0.0004153563163828977,74.35654061314132,13592.5,0.00448281876853307,-10181.75
4190.5,4217.75,4173.0,4213.0,968077,14300.5,14430.0,14252.5,14398.0,1032191,54.74509019160014,4159.175,-0.005812574139976268,70.36153201047748,13648.3,-0.006685536666261482,-10110.0
4228.0,4239.75,4178.0,4190.0,906092,14472.25,14528.25,14248.0,14290.0,947341,59.234788205913176,4165.2,0.008948812790836369,73.13524845806549,13716.875,0.012010069577986782,-10244.25
4288.0,4297.75,4228.75,4231.75,1062730,14575.25,14627.75,14470.0,14494.5,960375,65.18605396636886,4175.8125,0.014191106906338735,74.66643393164539,13793.45,0.007117068873188304,-10287.25
4281.0,4305.75,4273.0,4288.5,943839,14588.75,14695.25,14512.75,14582.75,955175,64.01193508873124,4182.35,-0.0016324626865671377,74.86861598616971,13857.0,0.0009262276804857805,-10307.75
4289.75,4294.75,4268.5,4279.75,916910,14586.5,14624.0,14505.0,14582.0,825671,64.8638692053591,4189.2,0.002043914973137051,74.76152378242098,13918.7125,-0.00015422842944046167,-10296.75
4274.25,4304.75,4269.25,4291.5,1003342,14331.5,14675.5,14305.5,14593.5,1110723,62.06117424699907,4196.2125,-0.003613264176234088,63.649451410364634,13972.05,-0.017481918212045366,-10057.25
4298.25,4302.5,4262.5,4273.25,757383,14503.0,14527.0,14257.0,14318.75,961594,64.61097259291739,4203.525,0.005615020178978858,67.18236359861754,14026.725,0.011966646896696131,-10204.75
4304.75,4325.75,4284.0,4296.5,923629,14556.25,14688.0,14460.25,14518.75,987711,65.29134475545517,4211.575,0.0015122433548537817,68.21531515487698,14082.2125,0.0036716541405226177,-10251.5
4342.75,4346.5,4304.5,4305.25,241053,14800.5,14826.75,14553.75,14561.5,346323,69.03890901145533,4221.8125,0.008827458040536529,72.49220511334654,14152.425,0.01677973379132669,-10457.75
4371.75,4378.0,4336.0,4345.0,227193,14914.25,14968.25,14779.5,14825.0,320709,71.56240836849672,4232.9,0.006677796327211993,74.23122840612027,14224.7375,0.007685551163812088,-10542.5
4374.25,4394.75,4339.75,4372.25,216347,15012.75,15059.5,14793.0,14928.0,201554,71.77597460332288,4245.4625,0.000571853376794218,75.66584359741347,14301.2125,0.0066044219454548525,-10638.5
4426.5,4441.0,4348.25,4378.25,132675,15188.0,15252.0,14883.0,15041.0,152424,75.85694119424684,4258.2125,0.011944904840829773,78.01139944871619,14378.4375,0.011673410934039508,-10761.5
4453.35009765625,4459.5,4415.0,4424.75,977259,15316.6103515625,15326.0,15130.25,15193.75,1000125,77.64569097550753,4270.280004882812,0.006065762488704385,79.56788598736128,14449.568017578125,0.008467892517941777,-10863.26025390625
4434.75,4462.0,4410.5,4458.25,913269,15256.5,15321.75,15126.25,15302.5,1052906,73.57878659883997,4281.780004882812,-0.00417665291261049,76.83047915556719,14519.493017578125,-0.0039245205161446695,-10821.75
4409.25,4438.5,4403.0,4430.5,896803,15044.0,15273.0,15002.5,15247.0,945397,68.29725942681506,4291.992504882813,-0.005750042279722645,67.93282443695261,14576.568017578125,-0.013928489496280227,-10634.75
4423.75,4427.0,4391.5,4410.0,733378,15214.75,15238.0,14964.0,15042.0,994988,69.63211402596004,4305.242504882813,0.003288541135113787,70.85369293136397,14650.868017578125,0.011350039883009755,-10791.0
4389.0,4426.25,4381.75,4425.5,790518,15058.25,15236.5,14984.75,15236.0,998278,62.80690384174424,4318.392504882812,-0.007855326363379489,65.0089827857208,14721.268017578124,-0.010286071082337811,-10669.25
4370.25,4403.25,4368.5,4389.0,921154,14856.5,15152.25,14853.5,15058.25,1039539,59.42245328409396,4328.917504882813,-0.0042720437457279825,58.32908887778262,14765.268017578124,-0.013397971211794202,-10486.25
4418.75,4424.75,4371.25,4375.5,797621,15111.5,15139.75,14862.5,14874.75,961486,64.71851243545319,4339.1925048828125,0.011097763285853102,63.44222412908483,14804.218017578125,0.017164204220375012,-10692.75
4417.5,4430.25,4399.25,4414.25,928921,15130.0,15218.75,15021.25,15087.0,1099390,64.48490960864513,4349.3175048828125,-0.00028288543140031486,63.78936571879476,14840.880517578125,0.001224233199880853,-10712.5
4435.75,4438.0,4409.75,4423.0,844829,15100.25,15202.75,15028.5,15160.5,988008,66.39224309566188,4361.580004882812,0.004131295981890215,62.75733809642244,14880.868017578125,-0.00196629213483146,-10664.5
4488.25,4498.25,4433.0,4435.25,727472,15337.0,15376.5,15098.75,15107.0,782655,71.18621172712218,4374.592504882812,0.011835653497153764,67.29236512253783,14924.105517578126,0.015678548368404543,-10848.75
4492.25,4494.0,4479.5,4485.0,279434,15364.75,15392.0,15307.5,15331.5,429677,71.51955204705379,4384.805004882813,0.0008912159527656449,67.78749748550601,14963.580517578124,0.0018093499380582578,-10872.5
4483.75,4493.75,4466.25,4491.75,603752,15360.75,15431.75,15255.25,15356.5,868758,69.6749289610734,4394.9425048828125,-0.0018921475875117721,67.62857545714208,15002.180517578125,-0.00026033615906539964,-10877.0
4447.0,4483.25,4419.25,4482.0,776142,15238.0,15365.75,15112.0,15355.0,954281,62.20477306761629,4402.805004882813,-0.00819626428770559,62.76559690349936,15034.755517578125,-0.007991146265644566,-10791.0
4434.0,4476.0,4431.25,4442.25,773300,15181.75,15359.75,15172.0,15214.0,1042065,59.763805190268364,4410.792504882813,-0.002923319091522325,60.61462256393643,15077.268017578124,-0.0036914293214332927,-10747.75
4444.25,4448.25,4411.0,4437.75,715537,15187.0,15219.75,15063.5,15195.75,1025927,61.06124035346447,4418.092504882812,0.0023116824537663394,60.74982255116971,15111.468017578125,0.0003458099362720901,-10742.75
4473.5,4478.5,4439.0,4445.5,660458,15260.0,15279.75,15109.0,15192.75,930817,64.57200726983586,4426.530004882812,0.006581537942284887,62.6687662043009,15146.655517578125,0.004806742608810088,-10786.5
4507.5,4523.5,4469.0,4471.5,852494,15444.75,15507.75,15253.25,15260.0,1077628,68.16504556737574,4434.767504882812,0.007600312954062716,67.05825075942494,15178.868017578125,0.012106815203145382,-10937.25
4543.5,4551.5,4509.25,4510.0,659144,15711.5,15741.25,15455.75,15459.75,873031,71.46495573299721,4443.355004882813,0.00798668885191356,72.15004002768167,15218.730517578126,0.017271241036598273,-11168.0
4536.75,4560.5,4531.0,4539.0,740811,15694.25,15857.5,15658.0,15699.5,992104,69.99981040781779,4451.480004882813,-0.0014856388246946572,71.38165353270745,15252.805517578125,-0.001097921904337551,-11157.5
4553.75,4565.75,4527.75,4535.75,510362,15840.75,15886.75,15661.0,15690.25,797555,71.5801112796669,4457.842504882812,0.003747175841736894,73.92177445985664,15285.443017578125,0.009334628924606125,-11287.0
4587.75,4594.75,4544.75,4550.0,629801,15974.75,16030.0,15733.5,15827.0,957136,74.47598398682388,4464.5625,0.007466373867691445,76.01848433229853,15318.35,0.008459195429509236,-11387.0
4597.0,4609.5,4581.5,4582.75,736591,15959.25,16062.5,15911.0,15952.0,1093845,75.21589225802185,4472.675,0.0020162388970628164,75.26467230697847,15353.4875,-0.0009702812250582671,-11362.25
4565.5,4594.75,4557.0,4594.0,814754,15592.25,15925.75,15547.5,15925.75,1206792,67.9879552638334,4480.4875,-0.00685229497498363,60.074768869898506,15380.9,-0.022996068110970103,-11026.75
4564.75,4590.0,4561.75,4566.5,720036,15540.0,15719.5,15522.25,15594.0,1151784,67.8208449190096,4487.5375,-0.0001642755448472144,58.271643117164814,15397.1625,-0.00335102374577112,-10975.25
4583.5,4592.5,4559.75,4564.25,566464,15561.25,15618.25,15484.5,15555.75,912619,69.81813920326658,4497.2625,0.0041075633933951305,58.813083334746594,15422.3125,0.0013674388674389526,-10977.75
4596.0,4608.75,4579.25,4585.25,548982,15673.0,15736.0,15549.0,15569.25,826753,71.10571498426012,4508.55,0.002727173557325102,61.63248033102436,15463.1375,0.007181299702787358,-11077.0
4595.25,4611.5,4573.5,4604.5,712849,15610.75,15739.5,15515.0,15725.25,1110099,70.91024875726742,4517.375,-0.00016318537859005833,59.2013670578599,15488.1,-0.003971798634594514,-11015.5
4564.25,4634.5,4553.75,4594.25,989662,15571.0,15904.0,15512.5,15639.25,1350572,63.179389590773866,4524.7125,-0.0067460965127033035,57.63790903104788,15510.15,-0.002546322245888244,-11006.75
4606.5,4616.5,4558.25,4567.0,831730,15847.5,15895.75,15546.5,15584.0,1156299,68.2585831591602,4533.25,0.009256723448540338,64.63437215707413,15547.5125,0.0177573694688844,-11241.0
4614.5,4619.25,4595.25,4608.75,688609,15857.5,15916.5,15791.25,15849.5,912108,69.12700453794321,4539.5625,0.0017366764354715958,64.86041322937561,15573.5375,0.0006310143555765535,-11243.0
4601.25,4622.0,4590.5,4617.5,629398,15817.25,15889.0,15728.0,15867.5,891307,65.91060443781814,4545.0125,-0.0028713836818723415,63.11190436100327,15596.1625,-0.0025382311209206643,-11216.0
4537.25,4593.5,4527.75,4584.75,968273,15473.0,15790.0,15413.25,15769.5,1263570,53.06679229714762,4547.6875,-0.013909263787014403,50.558186512591035,15601.775,-0.02176421312175003,-10935.75
4521.75,4547.75,4505.75,4534.25,967087,15438.75,15552.25,15339.25,15452.5,1206265,50.50013661999277,4551.425,-0.0034161661799547716,49.503155390339785,15611.8125,-0.0022135332514703343,-10917.0
4498.0,4560.75,4493.25,4524.0,1175683,15354.0,15610.25,15336.5,15444.0,1403814,46.767581060601515,4554.625,-0.0052523912202133705,46.89539436555894,15620.425,-0.00548943405392277,-10856.0
4537.75,4541.75,4499.75,4500.0,790299,15485.5,15495.25,15334.5,15369.75,1063835,53.02555293651198,4559.3,0.008837261004891017,51.19173772902507,15635.35,0.008564543441448524,-10947.75
4518.5,4541.0,4482.0,4539.0,851780,15354.25,15498.0,15216.25,15490.75,1058237,49.962331540759905,4561.55,-0.004242190512919408,47.09620023037043,15640.0625,-0.008475670788802403,-10835.75
4485.75,4536.25,4478.25,4516.5,950820,15178.25,15432.75,15145.0,15351.5,1120131,45.1803487022387,4560.4625,-0.007247980524510367,42.21853255657964,15626.7375,-0.011462624354820372,-10692.5
4485.75,4545.0,4473.5,4493.5,1548994,15201.25,15441.75,15136.0,15202.25,1460558,45.1803487022387,4557.575,0.0,43.048632429054024,15601.225,0.0015153262069078632,-10715.5
4480.75,4496.0,4458.75,4487.25,925821,15095.75,15266.75,15037.25,15218.75,1132060,44.4274359849572,4554.775,-0.001114640806999967,40.196072925634944,15571.3,-0.006940218732012116,-10615.0
4506.0,4507.75,4464.75,4484.5,819398,15270.25,15282.25,15020.0,15105.0,1044116,49.045438687242005,4552.3875,0.005635217318529229,46.509688503298264,15542.775,0.011559544905022978,-10764.25
4454.0,4517.75,4447.0,4506.0,974915,15106.5,15335.0,15076.0,15281.75,1172726,41.41309258813095,4545.7,-0.011540168664003536,42.02598492733776,15499.3625,-0.010723465562122447,-10652.5
4420.0,4467.25,4417.0,4453.25,939469,14942.25,15165.5,14921.75,15113.0,1130557,37.32331322924557,4536.85,-0.007633587786259555,38.06231555722906,15448.5125,-0.010872803098004202,-10522.25
4384.5,4436.75,4377.75,4420.75,1004262,14778.0,15018.0,14738.75,14942.5,1188060,33.593001358632534,4527.8,-0.008031674208144768,34.55279796067359,15407.8,-0.0109923204336696,-10393.5
4382.75,4396.0,4350.0,4380.25,1046797,14744.0,14802.75,14609.25,14750.0,1318274,33.41570088064687,4518.7,-0.0003991333105257677,33.85688105189065,15368.0,-0.0023007172824468514,-10361.25
4412.5,4420.75,4372.0,4382.5,980941,14985.75,15013.75,14720.5,14763.25,1103987,39.282590751579924,4510.15,0.0067879755861046664,42.694631367137895,15339.225,0.016396500271296688,-10573.25
4399.25,4440.0,4393.75,4409.5,963377,14958.5,15118.5,14931.0,14972.0,1141176,37.68974791160656,4500.3125,-0.0030028328611898525,42.01319165366187,15303.5,-0.0018183941411007432,-10559.25
4447.0,4476.0,4399.0,4400.0,768740,15195.5,15355.75,14955.25,14964.0,1023851,46.16208486427787,4492.9,0.0108541228618515,49.554446030336635,15282.7375,0.015843834609085228,-10748.5
4386.0,4485.5,4378.5,4473.0,1075766,14862.0,15417.75,14816.75,15341.25,1514736,38.8876881871699,4483.9875,-0.013717112660220354,41.39603932702366,15247.2875,-0.021947287025764206,-10476.0
4414.25,4429.0,4365.25,4384.5,1279078,14979.25,15049.0,14752.75,14838.0,1589191,43.34072112911284,4474.375,0.006440948472412167,44.83470808668601,15203.875,0.00788924774592914,-10565.0
4442.25,4449.5,4414.5,4417.75,908100,15092.5,15126.75,14973.25,14991.75,1170233,47.429499488666686,4465.7625,0.006343093390723142,48.00799942487908,15165.625,0.0075604586344442115,-10650.25
4506.75,4509.5,4433.25,4444.0,850386,15415.75,15430.0,15050.0,15096.0,1019044,55.41181184859828,4461.0375,0.01451966908661162,55.819885008499874,15145.55,0.021417922809342294,-10909.0
4524.25,4530.75,4496.5,4508.25,823777,15501.25,15524.5,15361.25,15424.25,1117435,57.3059722450074,4460.3875,0.0038830642924501113,57.63313601853718,15146.9625,0.005546275724502614,-10977.0
4516.0,4542.0,4513.0,4527.0,777514,15538.5,15606.75,15458.5,15512.5,1116087,56.09612545682959,4460.1,-0.001823506658562235,58.43355759567221,15151.95,0.0024030320135473016,-11022.5
4521.5,4547.75,4507.25,4517.25,793983,15516.25,15661.25,15453.5,15534.75,1064967,56.751656693277084,4461.275,0.001217891939769622,57.7319454744558,15160.0625,-0.0014319271486952223,-10994.75
4502.5,4531.25,4499.0,4520.5,714786,15534.5,15587.0,15418.5,15517.75,1165851,53.76512715623317,4459.5125,-0.004202145305761351,58.17553641882776,15162.5125,0.0011761862563441916,-11032.0
4471.5,4503.75,4446.75,4500.5,826885,15399.5,15532.75,15310.5,15512.5,1022363,49.21447247635948,4457.1625,-0.006885063853414808,53.687091762297264,15164.775,-0.008690334416942891,-10928.0
4456.25,4471.75,4433.25,4469.75,889064,15282.25,15395.5,15157.5,15388.75,1159920,47.102398808227015,4455.6875,-0.0034104886503411036,50.07359230814332,15169.975,-0.00761388356764825,-10826.0
4461.75,4477.5,4443.0,4457.75,868284,15297.5,15390.5,15222.75,15287.0,1029955,47.969660997499034,4454.4875,0.0012342215988778715,50.5398810679677,15174.7875,0.0009978897086488914,-10835.75
4490.25,4493.75,4459.0,4463.5,354980,15475.75,15498.0,15297.75,15308.0,458735,52.330976856078,4454.9625,0.00638762817280214,55.74286304542954,15193.7875,0.011652230756659554,-10985.5
4465.0,4490.25,4458.5,4488.0,228506,15304.75,15480.75,15289.5,15464.0,290478,48.455665065792,4452.9125,-0.0056232949167640545,50.27860001138309,15195.5125,-0.011049545256288096,-10839.75
4468.75,4481.25,4446.5,4463.75,211605,15356.25,15424.25,15212.5,15308.0,240973,49.05901561113499,4453.65,0.0008398656215005129,51.81070559459556,15208.0,0.0033649683921659346,-10887.5
4506.0,4514.75,4470.0,4472.75,129972,15478.0,15517.75,15336.75,15373.25,144086,54.72791742503469,4457.95,0.008335664335664239,55.316144554667154,15234.7875,0.00792836792836793,-10972.0
4491.72021484375,4517.5,4480.0,4510.0,924903,15435.2001953125,15524.0,15400.0,15476.0,1185757,52.32403665733917,4463.311010742187,-0.0031690601767088156,53.83361657197356,15267.647509765626,-0.002765202525358612,-10943.47998046875
4501.5,4514.5,4487.25,4499.5,711250,15414.5,15460.75,15330.5,15383.75,980761,53.82009776894277,4469.248510742187,0.002177291703060913,53.09247477643143,15301.172509765625,-0.0013411031311914012,-10913.0
4490.0,4509.5,4462.25,4502.5,772277,15375.25,15442.5,15248.5,15424.5,1051906,51.76314772486772,4473.123510742187,-0.0025547039875597477,51.64073081127036,15320.647509765626,-0.002546303804859096,-10885.25
4447.0,4508.0,4443.0,4491.5,752785,15152.0,15436.5,15127.75,15378.75,1177026,44.85935718253188,4475.511010742188,-0.009576837416481077,44.23220001378224,15330.322509765625,-0.014520089104242184,-10705.0
4372.0,4447.0,4366.25,4445.0,1005561,14862.75,15148.0,14838.5,15133.0,1261759,35.87252938707023,4471.761010742188,-0.016865302451090636,36.8548421658704,15313.685009765624,-0.01908988912354803,-10490.75
4361.0,4399.0,4357.5,4369.5,867474,14869.5,15027.25,14835.75,14850.0,1134088,34.77225173001963,4470.511010742188,-0.0025160109789570395,37.11841513982391,15314.060009765624,0.0004541555230357375,-10508.5
4378.75,4383.5,4338.5,4364.0,879375,14935.25,14956.0,14782.5,14879.0,1171444,38.07298763756595,4468.736010742187,0.004070167392799862,39.756260972890345,15311.860009765625,0.0044218030196039315,-10556.5
4314.75,4383.0,4305.5,4382.5,866988,14715.0,14952.5,14666.25,14952.5,1255260,31.820513849423207,4462.361010742187,-0.014616043391378786,34.53066617087485,15292.985009765625,-0.014746991178587576,-10400.25
4313.5,4336.5,4277.25,4320.0,1122157,14739.0,14821.25,14587.25,14726.5,1373653,31.710977245901134,4452.698510742188,-0.0002897039225910891,35.52515636178518,15259.147509765626,0.0016309887869521145,-10425.5
4337.5,4355.5,4301.0,4322.5,1153304,14859.75,14948.0,14656.25,14771.0,1429002,36.24859349776875,4443.361010742187,0.005563927205285646,40.42818046526957,15227.072509765625,0.008192550376552088,-10522.25
4325.5,4371.0,4310.75,4342.0,1131503,14866.5,15060.75,14811.0,14877.0,1471532,34.99644598007178,4433.836010742188,-0.0027665706051873684,40.69965697252959,15193.472509765625,0.0004542472114268392,-10541.0
4324.25,4356.75,4295.25,4348.75,1218620,14984.75,15046.25,14824.75,14962.25,1554218,34.86135633293931,4423.9735107421875,-0.0002889839324933252,45.39438811102239,15166.897509765626,0.007954125046244931,-10660.5
4264.75,4335.75,4251.0,4325.25,1279043,14714.5,15031.0,14651.5,14992.0,1498571,29.1026791656503,4412.086010742188,-0.013759611493322499,37.991671014030516,15125.897509765626,-0.018035002252289822,-10449.75
4297.75,4304.0,4235.75,4263.0,1190498,14923.75,14955.75,14589.25,14715.0,1524342,35.469533512606006,4403.398510742188,0.007737850987748374,45.414218219800546,15102.110009765625,0.014220666689320094,-10626.0
4290.75,4302.25,4257.75,4291.0,1131659,14861.75,14958.75,14716.0,14904.25,1359928,34.756516138596766,4395.123510742187,-0.0016287592344831348,43.74341045003856,15081.085009765626,-0.004154451796632874,-10571.0
4341.5,4358.5,4242.5,4289.25,1165806,15112.0,15160.5,14660.25,14856.0,1579512,43.607449354322036,4389.111010742187,0.011827769038047053,51.49957890778387,15071.810009765624,0.016838528437095324,-10770.5
4368.75,4375.75,4299.25,4320.0,784239,15187.0,15212.75,14949.25,15076.0,1125602,47.7094022619096,4383.0360107421875,0.006276632500287871,53.56583129454561,15057.372509765624,0.004962943356273231,-10818.25
4391.5,4419.0,4366.25,4368.0,804751,15270.75,15383.5,15173.0,15199.0,1161981,50.91921717599549,4379.361010742187,0.005207439198855468,55.82883343055008,15055.672509765625,0.005514584842299275,-10879.25
4409.75,4419.75,4377.0,4391.75,858066,15380.0,15417.5,15253.0,15278.75,1166562,53.39090277175123,4376.4110107421875,0.00415575543663893,58.659229234268224,15056.860009765625,0.007154200022919666,-10970.25
4380.5,4430.5,4355.5,4417.5,1067431,15315.0,15469.5,15216.25,15408.25,1323805,49.12119317021339,4370.136010742188,-0.006633029083281339,56.345850006381966,15048.710009765626,-0.004226267880364065,-10934.5
4357.25,4407.75,4341.0,4381.5,1274056,15120.25,15367.0,15062.0,15326.0,1499806,45.97398823007266,4363.4125,-0.005307613286154589,49.9852102971609,15032.9625,-0.012716291217760411,-10763.0
4401.0,4414.5,4354.25,4356.25,918536,15289.5,15338.0,15083.0,15119.75,1210425,52.182440002212324,4358.3875,0.01004073670319583,54.76440837365917,15026.7125,0.011193597989451298,-10888.5
4401.75,4423.25,4365.75,4406.0,1126816,15240.75,15309.25,15050.0,15304.75,1308204,52.283671418494414,4353.975,0.00017041581458765442,53.18788670458029,15019.9875,-0.003188462670460135,-10839.0
4342.25,4399.75,4331.0,4398.75,1388365,15025.25,15243.0,14979.0,15243.0,1565886,44.27552497389931,4348.7375,-0.013517351053558224,46.777348628747156,15013.65,-0.014139724094942796,-10683.0
4303.0,4366.5,4292.75,4347.5,1592336,14890.0,15138.0,14839.25,15048.0,1984316,39.93062830538755,4345.2875,-0.00903909263630609,43.25379677485875,15015.0125,-0.00900151411790151,-10587.0
4248.5,4304.25,4243.25,4296.5,1195912,14664.0,14887.75,14645.0,14850.25,1473441,34.82090573366433,4339.6625,-0.012665582151986987,38.090599469282225,15004.7375,-0.015177971793149725,-10415.5
4241.75,4280.5,4213.25,4256.0,1159320,14712.0,14854.25,14514.25,14678.75,1379601,34.23655553506383,4332.8125,-0.0015887960456631989,39.73599368983457,14993.575,0.003273322422258529,-10470.25
4271.25,4290.5,4242.25,4250.5,1096359,14846.5,14950.0,14705.75,14746.0,1352289,39.05055270603812,4330.6375,0.00695467672540806,44.21037069926581,15000.15,0.00914219684611206,-10575.25
4209.75,4273.5,4203.75,4269.75,1225507,14478.25,14854.5,14440.0,14831.5,1407896,33.53861624956784,4325.45,-0.014398595258999114,36.27020238878578,14987.1125,-0.02480382581753271,-10268.5
4156.5,4205.0,4147.0,4202.75,1468332,14194.0,14459.25,14136.5,14430.75,1797107,29.637826456480568,4316.4,-0.012649207197577006,31.55862785866657,14953.825,-0.019632897622295475,-10037.5
4137.75,4185.25,4122.25,4165.25,1462121,14265.25,14407.5,14209.5,14244.0,1468765,28.38590662143534,4307.0125,-0.004511006856730448,33.87728143094746,14923.7625,0.00501972664506134,-10127.5
4185.75,4197.25,4143.5,4146.75,1011151,14416.5,14476.25,14302.25,14329.0,1193512,35.85576623576139,4300.0875,0.011600507522204095,38.63026795718508,14895.35,0.010602688351062817,-10230.75
4212.25,4215.25,4166.75,4184.5,1030524,14490.25,14503.5,14311.25,14412.0,1248926,39.601439163815805,4297.4625,0.006331004001672413,40.86245458238532,14884.1375,0.005115666077064374,-10278.0
4256.0,4265.0,4191.5,4204.75,1143672,14744.5,14762.0,14411.0,14458.0,1287302,45.28233295311609,4295.375,0.010386373078520972,47.8982357659176,14875.175,0.01754628112006351,-10488.5
4335.75,4340.0,4257.5,4257.5,875849,14998.0,15015.75,14759.75,14760.0,1049634,53.810747975268534,4297.625,0.01873825187969924,53.80013055661238,14881.9875,0.017192851571772527,-10662.25
4376.0,4391.75,4325.75,4328.25,899091,15178.75,15228.5,14924.25,14931.25,1085949,57.41807810653249,4299.35,0.009283284322204821,57.49707464142407,14885.325,0.012051606880917554,-10802.75
4384.25,4389.5,4364.25,4379.25,675380,15232.5,15257.5,15138.0,15187.0,857920,58.139716894332956,4300.125,0.001885283363802559,58.5590553470294,14887.6,0.0035411348101788143,-10848.25
4396.0,4403.5,4366.0,4380.0,741353,15374.25,15412.75,15175.75,15216.75,988596,59.20024162846174,4300.35,0.0026800478987283327,61.30494189531609,14892.775,0.009305760709010347,-10978.25
4399.5,4407.75,4375.0,4397.25,792594,15386.5,15417.75,15286.5,15372.0,940237,59.52915067619768,4299.8375,0.0007961783439489611,61.542099046052186,14893.1,0.000796786835130181,-10987.0
4362.25,4413.0,4356.75,4393.25,992315,15256.0,15453.25,15236.75,15360.0,1243724,54.494028002794806,4298.925,-0.008466871235367601,57.49912404652209,14890.15,-0.008481461021024872,-10893.75
4430.5,4435.5,4354.25,4365.0,916688,15596.25,15616.25,15207.0,15254.75,1090380,61.00248918271337,4302.5875,0.015645595736145435,64.11791580461059,14913.95,0.022302700576822154,-11165.75
4425.25,4437.0,4407.25,4425.75,717892,15547.0,15601.0,15465.25,15585.75,874797,60.28818455966378,4303.8,-0.0011849678365872807,62.59829194452898,14926.825,-0.0031578103710827587,-11121.75
4511.0,4524.0,4420.25,4427.5,842775,15879.75,15918.75,15551.75,15559.5,1016422,67.0705332141601,4309.2625,0.01937743630303368,68.09942047955919,14958.775,0.021402842992217064,-11368.75
4519.25,4542.0,4510.75,4515.0,823918,15889.25,16049.0,15832.0,15894.25,1081674,67.64310729163834,4318.1125,0.0018288627798714874,68.24303210937603,15001.975,0.0005982461940521322,-11370.0
4523.25,4529.5,4501.75,4514.5,827939,15897.5,15907.25,15797.75,15844.0,1063757,67.93423219222461,4329.125,0.0008851026165845877,68.37617575752603,15052.35,0.0005192189687996951,-11374.25
4527.5,4539.5,4512.5,4528.0,711211,15895.75,15940.0,15824.5,15898.25,871649,68.26098521068994,4343.075,0.0009395898966451099,68.31075142979257,15113.9375,-0.00011008020128955298,-11368.25
4562.25,4571.0,4520.0,4526.5,662538,16086.5,16116.75,15837.5,15891.25,861071,70.87437273910164,4359.1,0.007675317504141299,71.51059681677609,15182.6625,0.012000062909897302,-11524.25
4551.25,4567.0,4536.0,4561.5,612169,15990.25,16122.5,15912.0,16089.75,868972,68.93928913570333,4373.1,-0.0024110910186859735,67.790885509889,15239.85,-0.005983277903832351,-11439.0
