MES=F_Close,MES=F_High,MES=F_Low,MES=F_Open,MES=F_Volume,MNQ=F_Close,MNQ=F_High,MNQ=F_Low,MNQ=F_Open,MNQ=F_Volume,RSI_MES=F,SMA20_MES=F,Return_MES=F,RSI_MNQ=F,SMA20_MNQ=F,Return_MNQ=F,Spread_MES=F_MNQ=F
6474.75,6479.75,6469.75,6479.5,58463,23578.0,23598.0,23557.25,23596.25,82105,47.893324279973704,6474.85,-0.0007330812562698075,57.01054887034672,23540.6625,-0.000773427981141106,-17103.25
6468.75,6475.5,6468.25,6474.5,47201,23552.25,23584.75,23549.25,23578.25,65588,41.0853948887151,6474.1125,-0.0009266767056642644,50.65377103105046,23539.725,-0.001092119772669431,-17083.5
6454.5,6471.0,6453.25,6469.0,74328,23495.5,23573.75,23488.75,23552.5,97367,30.13075007660997,6472.675,-0.0022028985507246412,40.05391244172928,23535.775,-0.0024095362438832924,-17041.0
6459.5,6461.25,6453.0,6454.5,22220,23502.25,23518.5,23485.5,23495.75,30845,36.52585291279846,6471.675,0.0007746533426291613,41.618802662426,23533.1,0.0002872890553509144,-17042.75
6462.0,6463.75,6458.25,6461.25,0,23511.5,23520.5,23498.25,23510.25,0,39.50724767379348,6471.0625,0.00038702685966396366,43.78451916520747,23531.9,0.00039357933814843094,-17049.5
6459.75,6463.0,6457.75,6462.0,6018,23496.5,23516.75,23489.0,23511.75,11531,37.786995312599444,6470.4625,-0.00034818941504177747,41.12059298067404,23530.5125,-0.0006379856665886807,-17036.75
6441.5,6463.25,6430.5,6459.75,58684,23417.75,23509.5,23371.25,23496.25,83230,27.374989829267847,6468.6625,-0.002825186733232732,30.595911074920807,23523.975,-0.003351562998744506,-16976.25
6441.5,6449.75,6438.75,6441.25,15383,23424.25,23456.75,23410.0,23417.25,28526,27.374989829267847,6466.7625,0.0,32.139786690769654,23517.475,0.00027756722998573125,-16982.75
6446.25,6452.75,6441.75,6441.75,8038,23448.75,23475.5,23423.25,23425.0,18867,32.951721725714606,6464.9875,0.0007374058837228414,37.75977978692446,23511.6375,0.001045924629390571,-17002.5
6447.0,6448.25,6444.5,6446.5,3196,23451.75,23457.5,23440.25,23449.0,8096,33.81589257681203,6463.625,0.00011634671320526202,38.43215909377292,23508.1125,0.00012793858947701686,-17004.75
6447.75,6448.75,6444.75,6447.5,2711,23455.5,23460.25,23440.5,23456.5,7464,34.72196670112628,6462.3125,0.00011633317822234979,39.31467310790921,23504.5875,0.00015990277911037687,-17007.75
6452.75,6454.75,6447.75,6448.0,4844,23476.25,23484.25,23455.5,23455.5,11377,40.56386505439995,6461.4,0.000775464309255236,44.09025923690533,23502.9,0.0008846539191234015,-17023.5
6446.75,6454.25,6445.25,6452.75,7442,23453.75,23484.25,23443.5,23476.5,15699,36.35888950938553,6460.2375,-0.0009298361163845303,40.37957632150447,23500.3875,-0.0009584154198392092,-17007.0
6442.5,6448.5,6435.0,6446.75,16005,23443.0,23464.75,23415.25,23454.0,28667,33.6944556004414,6459.175,-0.0006592469073564144,38.70358037378262,23498.55,-0.00045834887811113667,-17000.5
6446.25,6448.0,6441.5,6442.25,7814,23459.75,23469.25,23440.0,23443.0,16845,38.0109979634698,6458.075,0.0005820721769498327,42.69471960778235,23496.675,0.0007144989975684801,-17013.5
6449.5,6451.25,6444.25,6446.25,5469,23474.25,23481.5,23452.5,23459.5,11052,41.56174842874026,6457.3375,0.0005041690905565055,45.97417019309493,23496.4125,0.000618079902812374,-17024.75
6451.75,6453.5,6449.0,6449.75,6260,23491.25,23505.75,23470.75,23474.25,14568,43.95520014631006,6456.2625,0.00034886425304292423,49.61478841646994,23495.0,0.0007241977911967012,-17039.5
6449.25,6452.75,6443.75,6451.75,9800,23469.5,23495.0,23443.25,23491.25,23196,41.901670537861314,6455.0375,-0.00038749176579999656,45.39956669385314,23489.9375,-0.0009258766562018073,-17020.25
6450.75,6452.0,6443.0,6448.75,14971,23470.5,23480.0,23438.5,23469.25,28247,43.60411920112984,6453.6125,0.0002325851843236748,45.62828857031721,23483.425,4.260849187232019e-05,-17019.75
6454.25,6457.75,6444.5,6450.75,108605,23494.5,23518.5,23427.0,23470.75,212747,47.471913998246556,6452.35,0.000542572569081079,50.94000675464277,23478.3375,0.001022560235188763,-17040.25
6456.0,6461.75,6452.5,6454.5,109419,23522.5,23551.5,23482.0,23494.25,210441,49.34265287293623,6451.4125,0.00027113917186349923,56.30341650425405,23475.5625,0.0011917682861946055,-17066.5
6456.5,6458.25,6451.5,6456.0,57421,23517.75,23538.5,23493.0,23522.0,121482,49.89174787120765,6450.8,7.744733581160901e-05,55.20091290787998,23473.8375,-0.00020193431820592078,-17061.25
6462.25,6465.0,6456.75,6456.75,52767,23539.5,23556.25,23517.75,23517.75,75992,55.82224634038748,6451.1875,0.0008905753891428336,59.14578123034394,23476.0375,0.0009248333705391687,-17077.25
6457.75,6465.25,6453.25,6462.25,59008,23502.25,23545.0,23479.0,23539.25,91518,50.75904986068716,6451.1,-0.0006963518898216448,50.88199331294203,23476.0375,-0.0015824465260519949,-17044.5
6468.25,6469.5,6457.0,6457.75,51934,23550.0,23556.0,23498.75,23502.75,74686,59.898834037436245,6451.4125,0.001625953311912065,58.824016546928085,23477.9625,0.002031720367198897,-17081.75
6480.75,6485.0,6465.5,6468.25,130420,23587.0,23600.0,23534.5,23549.75,132332,67.60721545702583,6452.4625,0.0019325165230161812,63.71931256021575,23482.4875,0.0015711252653927144,-17106.25
6487.25,6487.5,6479.25,6480.75,24600,23607.25,23611.0,23583.0,23587.0,25832,70.75526732068634,6454.75,0.001002970335223452,66.09508900973158,23491.9625,0.0008585237630898135,-17120.0
6486.75,6489.0,6485.0,6486.75,0,23616.25,23625.0,23600.75,23607.25,0,70.19018552352608,6457.0125,-7.707426105052484e-05,67.12545607246282,23501.5625,0.0003812388143473733,-17129.5
6486.5,6488.25,6486.0,6487.0,3178,23614.0,23624.25,23609.75,23616.0,7354,69.88963326842965,6459.025,-3.854010097503746e-05,66.58069959245645,23509.825,-9.527338167569788e-05,-17127.5
6484.0,6487.0,6483.25,6486.5,4623,23598.25,23616.75,23594.5,23614.5,11303,66.80884231605172,6460.875,-0.0003854158637169869,62.742232292237425,23517.15,-0.000666977216905229,-17114.25
6488.5,6489.25,6483.75,6484.0,5010,23627.5,23629.0,23598.0,23598.25,12592,69.42172349459263,6462.9125,0.0006940160394817152,66.59403081988529,23525.75,0.001239498691640195,-17139.0
6486.75,6489.25,6486.0,6488.75,3636,23611.75,23628.75,23609.25,23627.75,9251,67.20600018241058,6464.6125,-0.00026970794482550353,62.827546175007534,23532.525,-0.000666596127393948,-17125.0
6487.25,6488.5,6486.25,6486.5,2197,23613.0,23621.5,23609.5,23611.75,5757,67.52492399756997,6466.6375,7.708020195007492e-05,63.00637680454637,23540.4875,5.293974398346002e-05,-17125.75
6487.5,6488.5,6486.25,6486.5,1936,23616.5,23621.75,23607.25,23608.25,6186,67.69409625451178,6468.8875,3.85371305251514e-05,63.53535212888374,23549.1625,0.000148223436242656,-17129.0
6484.25,6487.5,6483.0,6487.25,3329,23600.75,23617.25,23592.25,23616.5,10425,63.09273474694732,6470.7875,-0.0005009633911368105,59.4179489250603,23556.2125,-0.0006669066119027178,-17116.5
6484.5,6487.5,6483.0,6484.0,5119,23603.25,23619.75,23595.25,23600.25,11668,63.2993917626003,6472.5375,3.855496009563808e-05,59.86258175361155,23562.6625,0.00010592883700732969,-17118.75
6482.5,6487.75,6478.5,6484.5,8067,23595.0,23615.5,23575.75,23602.75,17277,60.386317835306315,6474.075,-0.00030842778934381254,57.6190498618158,23567.85,-0.0003495281370150538,-17112.5
6482.25,6484.75,6478.0,6482.75,6407,23587.5,23600.0,23567.5,23595.5,13456,60.01452327934126,6475.725,-3.8565368299270375e-05,55.57973051584905,23573.75,-0.00031786395422761515,-17105.25
6484.75,6486.5,6481.5,6482.25,4831,23596.75,23603.5,23584.75,23587.0,9061,62.50091650852476,6477.425,0.00038566855644250886,57.57414273340945,23580.0625,0.00039215686274518546,-17112.0
6484.75,6486.5,6483.75,6485.0,3435,23600.25,23606.25,23591.0,23596.25,7628,62.50091650852476,6478.95,0.0,58.33639991697881,23585.35,0.0001483255109284709,-17115.5
6486.25,6488.0,6484.0,6484.75,5386,23608.0,23615.0,23597.0,23600.25,9841,64.05620885715872,6480.4625,0.000231311924129729,60.04809624746411,23589.625,0.0003283863518395158,-17121.75
6480.5,6488.75,6477.5,6486.0,17153,23581.75,23621.0,23563.5,23607.75,35974,54.691901236141334,6481.6625,-0.0008864906533050387,52.22214840793378,23592.825,-0.001111911216536754,-17101.25
6482.0,6483.75,6472.25,6480.5,108587,23535.0,23585.75,23488.5,23581.75,216117,56.47928797031456,6482.65,0.00023146362163406486,41.778975230800995,23592.6,-0.001982465253850929,-17053.0
6490.5,6492.5,6481.0,6482.0,99358,23600.0,23616.0,23526.25,23534.75,174155,64.92369062714342,6484.2875,0.0013113236655353244,55.19492393341146,23597.4875,0.002761844062035168,-17109.5
6494.0,6495.5,6487.5,6490.5,58032,23623.75,23631.75,23574.0,23600.25,109746,67.7025995419678,6485.575,0.0005392496725984408,58.91977802953571,23601.175,0.0010063559322033289,-17129.75
6491.5,6494.75,6482.0,6494.0,72472,23600.5,23624.75,23542.0,23623.25,128746,63.81366396453563,6486.1125,-0.0003849707422235449,54.171894088984345,23601.85,-0.0009841790570929154,-17109.0
6496.25,6497.25,6488.75,6491.5,34548,23621.25,23624.5,23587.0,23600.5,57310,67.61947777277896,6486.5625,0.000731726103365915,57.466123112340185,23602.55,0.0008792186606216834,-17125.0
6498.75,6502.25,6494.25,6496.25,43624,23626.75,23657.5,23614.25,23621.25,67027,69.44115307798222,6487.1625,0.00038483740619588147,58.32131806511358,23603.075,0.0002328411917236206,-17128.0
6494.25,6502.5,6486.5,6498.75,93267,23620.0,23646.5,23552.5,23626.75,122639,62.612920969488066,6487.55,-0.0006924408540104343,56.811609837457155,23603.375,-0.00028569312326076624,-17125.75
6485.25,6507.0,6459.0,6494.25,70973,23542.25,23685.0,23429.0,23620.25,104530,51.66976649856383,6487.6125,-0.0013858413211687015,43.00310120331697,23600.575,-0.003291701947502168,-17057.0
6477.75,6486.25,6474.25,6485.0,0,23518.5,23550.75,23498.5,23543.0,0,44.664223675802226,6487.075,-0.0011564704521799252,39.819264305808254,23595.125,-0.0010088245600994306,-17040.75
6476.0,6479.75,6474.5,6477.75,6389,23508.25,23526.0,23502.25,23518.0,12915,43.192667689123176,6486.5375,-0.0002701555323993965,38.494629642095866,23589.95,-0.000435827114824483,-17032.25
6479.25,6480.0,6471.0,6475.75,11610,23521.5,23523.5,23486.75,23508.25,23330,46.704528573982905,6486.1375,0.0005018529956763995,41.21690486019046,23585.375,0.0005636319164548098,-17042.25
6486.25,6487.25,6478.5,6479.25,8582,23547.5,23552.5,23517.5,23521.0,15016,53.38837570461345,6486.075,0.001080371956630799,46.2447514607682,23581.925,0.001105371681227707,-17061.25
6487.75,6489.75,6485.75,6486.5,6106,23554.25,23564.0,23544.75,23548.25,12629,54.699421466935384,6486.25,0.00023125843129689905,47.5002096298658,23579.6,0.00028665463424992765,-17066.5
6492.75,6493.75,6487.25,6487.75,6332,23578.0,23584.5,23553.75,23554.5,13094,58.853893053471026,6486.6625,0.0007706832106662009,51.76852446258888,23578.3375,0.0010083106021205879,-17085.25
6488.0,6491.25,6487.5,6488.75,4346,23561.25,23575.0,23557.5,23562.0,10984,53.80556541704297,6486.9375,-0.0007315852296793102,48.75774876123099,23576.65,-0.0007104080074645802,-17073.25
6485.5,6490.0,6485.0,6488.0,4044,23542.75,23567.25,23539.0,23561.25,12445,51.3108959174506,6487.1,-0.00038532675709002095,45.603116506979994,23574.4125,-0.0007851875431057476,-17057.25
6496.75,6499.5,6484.5,6485.5,10144,23605.75,23613.0,23540.0,23542.75,20965,60.24371956629431,6487.7,0.0017346388096524112,56.03505723339836,23574.8625,0.002675983052107256,-17109.0
6504.25,6504.5,6496.75,6497.0,9967,23632.5,23634.0,23602.75,23606.0,20126,64.87090931911382,6488.675,0.001154423365528956,59.579595486719946,23576.475,0.0011331984791840277,-17128.25
6499.0,6506.75,6498.75,6504.25,10552,23616.5,23662.0,23614.5,23631.75,25886,59.63828634801084,6489.3125,-0.0008071645462581767,56.63826402151598,23576.9,-0.0006770337459007791,-17117.5
6497.75,6501.75,6496.25,6499.0,6470,23614.25,23628.25,23608.75,23616.5,12374,58.42980681051766,6490.175,-0.00019233728265888317,56.217955029608234,23578.525,-9.527237312900727e-05,-17116.5
6495.25,6499.25,6492.0,6497.75,7930,23611.5,23625.75,23597.5,23614.75,14300,55.98631597153191,6490.8375,-0.000384748566811588,55.67414506231187,23582.35,-0.00011645510655644564,-17116.25
6497.5,6497.75,6490.5,6495.5,10610,23618.25,23619.0,23583.0,23611.25,21388,57.70080822350234,6491.1875,0.0003464069897232136,56.77929134033157,23583.2625,0.0002858776443681599,-17120.75
6498.75,6503.25,6492.0,6497.25,27404,23633.25,23653.5,23593.5,23617.75,55630,58.66416400727941,6491.425,0.00019238168526358734,59.212936486539185,23583.7375,0.0006351020926613771,-17134.5
6487.0,6508.5,6480.75,6498.75,136957,23610.0,23743.25,23572.5,23633.25,280451,47.67308286442679,6491.2,-0.0018080400076937453,54.125664122793125,23584.2125,-0.0009837834407032675,-17123.0
6496.5,6499.5,6483.25,6486.75,128965,23714.0,23730.0,23593.25,23609.5,258384,55.01203853556114,6491.2125,0.001464467396331104,67.55405301600098,23588.85,0.004404913172384672,-17217.5
6498.25,6504.5,6488.5,6496.75,90836,23687.5,23754.25,23664.75,23714.25,163705,56.2298669673262,6491.1875,0.0002693758177481076,62.53122535479248,23591.8875,-0.0011174833431728537,-17189.25
6504.5,6512.0,6497.0,6498.25,74595,23732.0,23766.0,23682.75,23687.5,104934,60.35729687445102,6491.7,0.0009617974069942026,66.97217331717232,23597.4875,0.0018786279683378204,-17227.5
6511.75,6513.0,6502.0,6504.5,45102,23766.25,23774.5,23722.25,23732.25,73085,64.5350593961603,6493.025,0.0011146129602583876,69.9266046820569,23608.6875,0.001443199056126776,-17254.5
6517.5,6518.5,6511.0,6511.5,42148,23788.25,23792.5,23761.25,23766.0,57915,67.46368203051237,6495.0125,0.0008830191576765234,71.67906534646538,23622.175,0.0009256824278125464,-17270.75
6517.0,6523.0,6515.25,6517.75,81498,23766.5,23803.75,23765.0,23788.75,98425,66.94598513871713,6497.0625,-7.671653241270171e-05,67.4917309388155,23635.0875,-0.0009143169421877984,-17249.5
6516.5,6519.0,6514.0,6517.25,24314,23761.25,23774.5,23751.25,23766.5,29928,66.39727816841582,6498.925,-7.67224182905979e-05,66.48216385130078,23647.075,-0.00022089916479073324,-17244.75
6513.0,6518.0,6511.5,6516.5,0,23741.0,23762.75,23734.75,23761.0,0,62.5335065664513,6500.2625,-0.0005370981355021787,62.59296162361954,23656.75,-0.0008522278920510828,-17228.0
6514.25,6515.25,6511.75,6512.75,4242,23748.25,23752.5,23736.5,23741.0,8091,63.353703077695286,6501.5875,0.0001919238446184135,63.41808609062802,23666.45,0.00030537888041792804,-17234.0
6514.0,6516.75,6512.5,6514.0,5486,23746.25,23755.75,23738.0,23747.5,10835,63.05638683893939,6502.65,-3.83774033848594e-05,63.00521043256814,23674.8625,-8.42167317591791e-05,-17232.25
6512.25,6515.5,6511.25,6514.25,4648,23733.0,23751.5,23729.5,23746.0,11347,60.90182168353625,6503.8625,-0.0002686521338655101,60.20857988296102,23683.45,-0.0005579828393956765,-17220.75
6511.25,6512.25,6509.75,6512.25,3613,23726.75,23733.25,23718.0,23732.5,8730,59.64761172689929,6505.15,-0.000153556758416884,58.88093432642243,23692.65,-0.0002633463953145565,-17215.5
6511.75,6514.5,6510.0,6510.75,4348,23728.25,23741.0,23724.25,23726.75,9844,60.09017409448409,6505.9,7.679017085804318e-05,59.11395517955607,23698.775,6.321978357770597e-05,-17216.5
6509.5,6511.5,6509.5,6510.75,2257,23720.25,23727.5,23718.5,23723.25,5545,57.05757006664008,6506.1625,-0.0003455292356125961,57.250519555925365,23703.1625,-0.00033715086447594356,-17210.75
6511.5,6511.5,6509.0,6509.75,2904,23724.5,23728.25,23713.5,23720.75,8088,59.03654800916937,6506.7875,0.00030724325985098666,58.007834066219345,23708.5625,0.00017917180468174365,-17213.0
6508.75,6512.75,6508.5,6511.5,4821,23717.25,23734.25,23714.0,23724.25,10515,55.265225559531345,6507.3375,-0.0004223297243338697,56.179493821265396,23713.7125,-0.0003055912664123861,-17208.5
6503.0,6512.0,6502.75,6509.0,8725,23685.25,23737.0,23683.75,23717.25,19956,48.315340953184844,6507.725,-0.0008834261570962454,48.85942189584929,23717.4,-0.0013492289367443844,-17182.25
6493.0,6504.75,6492.25,6502.75,15357,23632.5,23697.0,23624.5,23684.75,34575,39.10501599166649,6507.5,-0.001537751806858334,39.680840594513214,23718.1125,-0.002227124476203546,-17139.5
6495.75,6497.75,6488.75,6493.0,10408,23646.0,23660.25,23612.0,23632.5,21566,42.35916577966102,6507.35,0.00042353303557685074,42.65015035956752,23718.75,0.0005712472231038657,-17150.25
6495.0,6498.5,6492.25,6495.75,7625,23636.75,23661.75,23622.75,23646.25,17805,41.7046000964992,6507.75,-0.00011546010853247246,41.155230498407455,23720.0875,-0.00039118667004989227,-17141.75
6495.75,6498.5,6494.0,6494.5,9601,23639.25,23654.5,23630.5,23636.25,16258,42.658838743382965,6507.7125,0.00011547344110862667,41.74949528575723,23716.35,0.00010576750187740735,-17143.5
6501.0,6505.75,6492.25,6495.5,26187,23667.0,23680.75,23621.0,23639.25,46941,48.957359591623124,6507.85,0.0008082207597275293,48.024041216605795,23715.325,0.0011738951108855034,-17166.0
6478.75,6504.0,6477.5,6501.0,122294,23513.75,23670.5,23507.0,23666.5,227645,32.60923113214929,6506.5625,-0.003422550376865119,29.271772694677395,23704.4125,-0.006475260911818159,-17035.0
6462.5,6477.75,6455.25,6476.25,219149,23435.0,23515.75,23413.5,23507.5,344836,25.82626447673715,6504.1,-0.0025081998842368947,24.07044720591621,23687.85,-0.003349104247514778,-16972.5
6462.25,6472.0,6461.0,6462.25,81674,23432.0,23498.5,23424.75,23435.0,153272,25.737565641458943,6501.3375,-3.868471953583086e-05,23.89624643529693,23670.0375,-0.00012801365478987137,-16969.75
6471.5,6474.75,6461.5,6462.0,53940,23478.25,23491.5,23429.0,23432.0,88653,34.67697849689135,6499.0625,0.0014313899957445475,32.059609585284946,23655.625,0.001973796517582782,-17006.75
6470.75,6474.5,6458.5,6471.25,72637,23459.75,23477.75,23401.5,23477.75,126782,34.31628008397999,6496.775,-0.0001158927605655613,30.643658259877725,23640.55,-0.0007879633277607656,-16989.0
6469.25,6471.75,6465.75,6470.75,37576,23459.25,23467.25,23436.5,23459.5,68099,33.5643187695613,6494.5875,-0.0002318123865084898,30.6043163230692,23626.4625,-2.131310009700904e-05,-16990.0
6475.5,6476.25,6462.25,6469.0,112465,23473.25,23495.0,23425.75,23459.0,127249,39.51187876580459,6492.65,0.0009661088997952039,33.1907103860425,23612.7125,0.0005967795219370409,-16997.75
6473.75,6479.25,6470.75,6475.25,34371,23459.25,23488.0,23450.75,23473.0,37592,38.47329964194892,6490.6375,-0.0002702494015905943,31.90993537948279,23598.3625,-0.0005964235885529412,-16985.5
6469.25,6471.5,6467.25,6469.0,104831,23438.0,23450.75,23427.25,23440.0,233148,35.862846993247345,6488.4875,-0.0006951148870438795,30.01657610857808,23583.6125,-0.0009058260600829371,-16968.75
6464.25,6469.5,6463.0,6469.5,6661,23413.25,23439.0,23404.75,23437.5,16308,33.16981445319867,6486.1375,-0.0007728871198361409,27.937387666556944,23567.9375,-0.0010559774724805404,-16949.0
6471.0,6472.0,6463.25,6464.25,7087,23447.5,23448.0,23406.25,23413.0,14196,39.747735596583844,6484.1,0.0010442046641141456,34.68029189592879,23553.9,0.0014628468922512905,-16976.5
6430.25,6472.5,6427.5,6471.5,39859,23278.0,23452.0,23270.0,23447.25,64191,24.237631820743402,6480.1375,-0.006297326533766023,23.14040139738573,23531.7875,-0.0072289156626506035,-16847.75
6441.5,6446.0,6428.25,6430.25,21203,23310.0,23333.5,23267.5,23278.25,37982,32.11344936668233,6476.6375,0.0017495431748377754,28.010660762954217,23511.0625,0.0013746885471259684,-16868.5
6437.75,6444.75,6437.25,6441.5,8514,23292.5,23331.25,23290.5,23310.25,17941,30.958185905332215,6473.0875,-0.0005821625397811614,27.002945421086352,23489.825,-0.0007507507507507061,-16854.75
6426.5,6441.0,6421.75,6438.0,18585,23253.75,23311.5,23231.25,23292.5,32912,27.73471518546168,6469.2625,-0.0017475049512640783,24.86941686373727,23468.25,-0.0016636256305677666,-16827.25
6422.5,6428.0,6420.75,6426.75,19694,23224.75,23260.75,23214.5,23254.25,35151,26.671343079334804,6465.7375,-0.0006224227806738147,23.38055916957427,23447.8625,-0.0012471106810729715,-16802.25
6396.0,6422.5,6387.0,6422.25,67521,23096.0,23224.5,23060.0,23224.5,99613,20.94256507607959,6460.75,-0.0041261191124951635,18.177528881073897,23420.3625,-0.005543654937082199,-16700.0
6414.5,6416.5,6383.25,6396.0,190111,23233.25,23261.0,23025.0,23096.0,270244,31.93407586398756,6456.725,0.0028924327704815678,34.82756582282009,23400.1875,0.005942587461032156,-16818.75
6399.25,6424.5,6394.75,6413.25,189776,23162.0,23280.25,23135.0,23230.0,308823,28.425681853472597,6451.9,-0.0023774261438926914,31.270185735812206,23376.325,-0.003066725490407096,-16762.75
6375.0,6402.25,6371.5,6399.25,130950,23048.25,23179.25,23026.5,23162.0,195388,23.924527026892378,6445.6,-0.0037895065828026375,26.59903164265731,23345.3875,-0.004911061220965407,-16673.25
6392.25,6392.5,6372.75,6374.75,89514,23126.5,23131.0,23037.75,23048.0,121486,32.1544617873147,6441.275,0.0027058823529411136,33.91261059655314,23326.025,0.003395051685052053,-16734.25
6406.5,6413.75,6388.0,6392.25,95182,23189.0,23226.75,23104.25,23126.75,124353,38.11077120914528,6438.475,0.0022292619969495053,39.12954158388699,23313.725,0.0027025274036278635,-16782.5
6403.75,6412.75,6396.0,6406.75,78378,23189.25,23232.75,23157.5,23189.25,105669,37.42787663698751,6435.55,-0.00042925154140327493,39.150233470313076,23301.5875,1.078097373752307e-05,-16785.5
6426.0,6427.25,6403.5,6403.5,103405,23276.5,23286.0,23188.5,23189.0,120007,45.87797839352157,6433.275,0.0034745266445441736,46.04381419248873,23291.5,0.0037625192707828603,-16850.5
6447.5,6447.5,6424.25,6426.25,55259,23379.25,23386.5,23269.5,23276.5,80283,52.54667315108041,6432.1125,0.0033457827575473775,52.82217855166262,23287.475,0.004414323459283054,-16931.75
6437.0,6449.0,6435.75,6449.0,0,23341.75,23387.5,23335.0,23381.5,0,49.34867749307748,6430.5,-0.0016285381930980503,50.3367408507374,23281.6,-0.0016039864409679305,-16904.75
6434.75,6438.0,6433.5,6437.0,7675,23334.5,23345.75,23326.0,23341.25,12551,48.66519248559437,6428.4625,-0.00034954171197765227,49.84839313745239,23274.6625,-0.00031060224704659856,-16899.75
6434.5,6435.5,6432.0,6434.75,7988,23330.75,23343.25,23317.75,23333.75,19492,48.584674121588655,6426.5,-3.8851548234242195e-05,49.580456237099064,23268.2375,-0.00016070625040176534,-16896.25
6433.5,6434.75,6429.25,6434.5,6789,23336.5,23340.5,23311.75,23330.5,13437,48.24085017236613,6424.7125,-0.0001554122309426198,50.024027983415515,23263.1625,0.00024645585761273736,-16903.0
6430.5,6434.0,6428.75,6433.25,4691,23322.0,23339.25,23313.0,23336.5,8974,47.162549096012384,6423.025,-0.00046630916297507596,48.85674977756906,23258.6,-0.0006213442461380225,-16891.5
6430.0,6433.0,6426.25,6430.5,5973,23325.75,23333.0,23299.75,23322.0,12855,46.97409009047693,6420.975,-7.775445144231341e-05,49.18698140326774,23252.5125,0.00016079238487254344,-16895.75
6431.0,6432.25,6428.75,6430.75,3626,23331.5,23337.5,23319.5,23327.5,7857,47.42657135847757,6421.0125,0.00015552099533433505,49.72305018976817,23255.1875,0.0002465086867518007,-16900.5
6427.0,6431.25,6425.5,6431.0,5819,23316.75,23336.75,23308.0,23331.0,11502,45.74505422575154,6420.2875,-0.0006219872492614353,48.3149425602172,23255.525,-0.0006321925294130448,-16889.75
6434.0,6437.75,6425.75,6426.5,11720,23345.75,23365.5,23309.25,23316.5,20531,49.14326838997071,6420.1,0.0010891551268088495,51.23871706176888,23258.1875,0.0012437410874157617,-16911.75
6442.5,6444.0,6428.0,6433.5,12892,23376.5,23382.5,23319.75,23345.75,24645,52.99340201079344,6420.9,0.0013211066210754296,54.19741523586325,23264.325,0.0013171562275788862,-16934.0
6451.75,6454.0,6441.0,6442.5,14126,23419.0,23431.75,23370.0,23376.0,29959,56.82408648591051,6422.3625,0.0014357780364764317,57.991373231760655,23274.0375,0.0018180651508994394,-16967.25
6455.25,6457.75,6447.25,6451.75,8088,23438.0,23444.5,23398.25,23419.0,17699,58.211745578265614,6425.325,0.0005424884721199064,59.60241674355926,23291.1375,0.0008113070583715132,-16982.75
6457.25,6458.25,6452.75,6455.25,6582,23441.0,23448.0,23422.5,23437.75,16582,59.022214507251405,6427.4625,0.00030982533596679573,59.86414681381816,23301.525,0.0001279972693914999,-16983.75
6449.75,6460.25,6448.5,6457.0,17624,23415.5,23458.5,23407.75,23441.25,33203,54.73510985751137,6429.9875,-0.0011614851523481518,56.51258656045174,23314.2,-0.0010878375495926296,-16965.75
6445.75,6456.0,6444.25,6450.0,20026,23423.25,23448.0,23396.0,23416.5,35761,52.543074875516034,6433.525,-0.0006201790767084159,57.29512184079876,23332.95,0.0003309773440669517,-16977.5
6441.25,6454.5,6440.25,6446.0,105458,23382.0,23457.0,23369.75,23422.75,201182,50.111668476941766,6435.975,-0.0006981344296629333,51.93798902809914,23345.725,-0.0017610707310043994,-16940.75
6461.75,6463.75,6438.5,6441.0,150971,23510.75,23526.0,23372.0,23382.5,274241,59.3419447999437,6438.7375,0.003182612070638413,63.4310402201544,23361.8125,0.005506372423231598,-17049.0
6445.75,6464.5,6443.0,6461.75,112017,23415.0,23515.0,23401.75,23505.0,192315,51.35550007070834,6440.8375,-0.002476109413084737,53.23548568840126,23373.1,-0.004072605084907921,-16969.25
6440.0,6453.25,6436.0,6445.5,92393,23411.0,23464.0,23390.5,23415.0,136135,48.813006751255344,6441.5375,-0.000892060660124927,52.85328899234655,23379.825,-0.00017083066410417125,-16971.0
6431.5,6450.5,6428.0,6440.0,96655,23365.25,23462.0,23346.25,23411.25,143611,45.24687630951722,6440.7375,-0.0013198757763974722,48.55918200628388,23379.125,-0.0019542095596086773,-16933.75
6430.75,6434.75,6426.25,6431.75,85362,23341.75,23366.0,23318.25,23365.5,127756,44.93493506223826,6440.425,-0.0001166135427194126,46.470650452357816,23379.125,-0.0010057671114154232,-16911.0
6458.25,6459.25,6427.5,6430.75,103779,23452.0,23454.75,23330.5,23342.25,123554,56.71777320892819,6441.6,0.004276328577537569,56.02626192573462,23385.0,0.0047232962395706846,-16993.75
6460.25,6462.75,6457.75,6458.25,29760,23455.5,23480.0,23447.5,23452.0,35486,57.431196340722835,6442.8875,0.00030968141524412296,56.29300404936954,23391.2375,0.00014924100289959163,-16995.25
6455.0,6460.5,6454.75,6460.25,0,23434.5,23460.25,23434.25,23456.0,0,54.874258073616474,6443.9625,-0.0008126620486823555,54.16980164059793,23396.1375,-0.0008953124000767865,-16979.5
6455.75,6459.5,6454.75,6455.0,4501,23438.0,23456.75,23432.25,23435.0,8996,55.181244249355515,6445.225,0.00011618900077459138,54.477972805420904,23401.9375,0.00014935245044700451,-16982.25
6467.25,6471.5,6454.5,6455.75,16336,23504.0,23515.25,23430.5,23438.0,27447,59.70750795156221,6447.0875,0.0017813577043721551,59.947285928448544,23410.85,0.0028159399266149965,-17036.75
6465.5,6469.0,6462.5,6467.25,7593,23497.5,23509.75,23484.75,23503.75,15082,58.735421173703,6448.8125,-0.00027059414743513255,59.193000610727275,23419.15,-0.00027654867256632354,-17032.0
6462.75,6472.25,6461.25,6465.5,9352,23480.5,23532.5,23475.75,23498.25,20235,57.16052605705491,6450.6,-0.00042533446755854687,57.16703511077456,23427.3375,-0.00072348122140653,-17017.75
6460.25,6464.0,6458.5,6462.75,6684,23467.75,23484.5,23458.75,23480.0,12078,55.69839524273265,6451.9125,-0.0003868322308614447,55.629197661265785,23433.4375,-0.0005430037690850043,-17007.5
6466.0,6466.75,6463.0,6463.0,5243,23491.0,23495.25,23478.25,23478.25,9824,58.33802140274604,6453.0875,0.0008900584342710349,57.85559243080512,23439.1625,0.0009907213090305511,-17025.0
6462.5,6469.0,6460.5,6466.0,6165,23468.5,23502.75,23460.0,23490.5,12569,56.145116317942914,6453.625,-0.0005412929167954994,54.980462195547744,23441.6375,-0.0009578136307522023,-17006.0
6459.5,6466.0,6458.75,6462.25,7500,23454.25,23484.0,23452.0,23468.5,15264,54.26231559749815,6453.8375,-0.0004642166344294152,53.17801990522698,23442.45,-0.0006071968809254757,-16994.75
6466.0,6469.75,6458.5,6459.25,10966,23488.25,23506.0,23450.5,23454.0,20840,57.58145095912529,6454.275,0.0010062698351265276,56.81572393960489,23444.8125,0.001449630663952206,-17022.25
6466.75,6469.25,6463.25,6466.0,6887,23496.75,23509.75,23476.75,23488.0,14449,57.9605393773267,6455.125,0.00011599133931339267,57.700508278105964,23448.875,0.0003618830691942687,-17030.0
6470.0,6470.25,6465.25,6466.5,5036,23516.25,23518.0,23492.0,23496.75,9000,59.64361542723928,6456.3375,0.0005025708431591891,59.73849860482624,23453.525,0.0008299020077244812,-17046.25
6469.5,6472.0,6467.0,6470.0,9606,23509.25,23528.75,23503.0,23516.5,17685,59.25059902389816,6457.75,-7.727975270477305e-05,58.646166469671606,23459.8875,-0.00029766650720242094,-17039.75
6465.5,6472.25,6462.75,6469.25,10289,23497.0,23521.25,23480.5,23508.75,20720,56.067621868085986,6457.9375,-0.0006182858026122506,56.69250728466286,23459.2,-0.0005210714931356275,-17031.5
6465.75,6471.0,6461.5,6465.75,18614,23485.0,23529.0,23469.25,23496.75,37447,56.22590064887597,6458.9375,3.866676977803962e-05,54.76780162164814,23462.7,-0.000510703494063125,-17019.25
6469.75,6474.75,6461.25,6465.0,110239,23476.0,23548.25,23457.25,23484.75,197531,58.78450519592484,6460.425,0.0006186443954683263,53.30609086930597,23465.95,-0.0003832233340430591,-17006.25
6478.0,6479.25,6456.0,6470.25,187716,23521.75,23530.25,23410.0,23479.25,278152,63.52052170299138,6462.75,0.0012751651918543327,59.2586631867895,23473.775,0.001948798773215188,-17043.75
6483.5,6487.25,6474.5,6478.0,101766,23538.25,23556.0,23492.0,23522.25,150155,66.30066655662958,6465.3875,0.0008490274776165041,61.18073362538447,23483.6,0.0007014784189101064,-17054.75
6481.0,6487.25,6479.5,6483.25,62542,23538.0,23565.25,23512.75,23538.5,97508,63.91619724898436,6466.525,-0.0003855942006631974,61.13367326338142,23487.9,-1.06210104829918e-05,-17057.0
6493.0,6496.25,6480.5,6481.0,71488,23583.25,23604.25,23536.5,23538.5,93774,69.57286668396574,6468.1625,0.0018515661163400754,66.20129207491186,23494.2875,0.0019224233154897519,-17090.25
6497.75,6498.25,6492.25,6492.75,46674,23620.0,23624.5,23582.5,23583.5,68573,71.47882319862782,6470.3,0.0007315570614507827,69.66111234904471,23503.5625,0.001558309393319357,-17122.25
6511.25,6512.75,6497.5,6498.0,103170,23666.0,23680.5,23616.5,23620.0,105591,76.06729954999231,6473.075,0.002077642260782664,73.33986774599693,23514.9625,0.0019475021168500195,-17154.75
6512.75,6516.75,6508.5,6511.25,34934,23683.75,23709.0,23658.5,23666.25,45906,76.51931572897864,6475.35,0.0002303705125743516,74.61877498870237,23523.95,0.0007500211273556712,-17171.0
6516.5,6517.75,6513.0,6514.25,0,23707.5,23714.0,23691.75,23694.0,0,77.65552199543066,6477.9,0.0005757936355610394,76.25978536937203,23534.45,0.0010027972766137871,-17191.0
6515.75,6518.0,6515.0,6516.25,5110,23706.25,23722.0,23704.5,23707.0,10390,76.85452560961633,6480.55,-0.0001150924576076573,75.98134205687607,23545.7375,-5.272593061267372e-05,-17190.5
6519.5,6520.0,6514.5,6515.75,6226,23729.75,23731.75,23701.75,23706.25,12873,78.0724039929365,6483.5125,0.0005755285270305777,77.63467017860306,23558.8375,0.000991299762720832,-17210.25
6519.5,6521.0,6518.0,6519.5,4141,23734.75,23739.5,23724.5,23729.5,9186,78.0724039929365,6486.1875,0.0,77.98194720149263,23571.025,0.00021070597035377503,-17215.25
6519.5,6521.0,6517.5,6519.75,3494,23737.0,23742.25,23718.0,23734.75,9704,78.0724039929365,6489.0375,0.0,78.1463923560597,23584.45,9.479771221521105e-05,-17217.5
6520.5,6520.5,6518.0,6519.5,2280,23742.25,23743.25,23729.5,23736.5,6035,78.45006879075662,6492.0875,0.00015338599585867918,78.54897194501577,23598.85,0.00022117369507523854,-17221.75
6520.5,6522.5,6520.5,6521.0,2975,23744.75,23751.0,23742.5,23743.5,6470,78.45006879075662,6494.8125,0.0,78.74972334730094,23611.675,0.00010529751813748156,-17224.25
6525.5,6527.25,6519.75,6520.75,6242,23761.25,23770.25,23740.75,23745.0,10961,80.40691902796831,6497.75,0.0007668123610151678,80.07508835415301,23624.9,0.0006948904494676889,-17235.75
6526.5,6530.75,6524.75,6525.25,8366,23772.75,23788.0,23759.0,23761.5,13936,80.78277126505894,6500.575,0.00015324496207180793,80.9661272306683,23637.725,0.0004839812720289771,-17246.25
6522.25,6528.0,6519.5,6526.5,10140,23756.0,23776.0,23743.5,23772.25,18765,74.26261150512585,6503.2125,-0.0006511912970198486,75.65896573574628,23650.0625,-0.0007045882365313005,-17233.75
6526.25,6527.5,6520.5,6522.25,5990,23787.25,23787.5,23748.5,23756.0,14525,76.20891052724168,6506.25,0.0006132852926521437,78.49157942923912,23664.575,0.0013154571476678978,-17261.0
6523.5,6526.75,6522.75,6526.5,4227,23783.75,23792.0,23777.25,23786.75,10195,72.16828276308061,6509.1375,-0.0004213752154759165,77.4051022287104,23679.5125,-0.00014713764726903555,-17260.25
6522.75,6525.5,6521.5,6523.25,4464,23776.5,23789.75,23774.25,23783.75,8885,71.06167983971264,6511.7875,-0.00011496895838125631,75.08656314658296,23694.5375,-0.000304829978451715,-17253.75
6517.5,6526.25,6517.25,6522.75,9936,23769.25,23800.0,23768.0,23776.25,17937,63.6986221461571,6513.7625,-0.0008048752443371443,72.74015405752787,23706.9125,-0.00030492292810124777,-17251.75
6535.5,6536.25,6503.0,6517.5,64850,23874.25,23877.0,23725.0,23769.5,102808,73.74371401404132,6516.3625,0.002761795166858372,81.67270984758677,23723.7125,0.004417472154148783,-17338.75
6530.0,6541.75,6524.5,6535.75,154471,23852.75,23902.5,23821.5,23874.25,268882,67.58934011344323,6518.8125,-0.0008415576466987984,76.16889471396499,23739.45,-0.0009005518497963161,-17322.75
6460.5,6530.25,6459.5,6529.75,366959,23547.5,23854.0,23544.75,23852.75,463533,31.6473151510164,6517.1875,-0.010643185298621738,37.51497983100731,23737.6625,-0.012797266562555643,-17087.0
6475.25,6488.0,6452.0,6460.5,221416,23618.5,23669.0,23505.0,23547.75,279201,39.05457141134873,6516.0625,0.0022831050228311334,44.562075315263186,23737.5875,0.0030151820787769346,-17143.25
6483.5,6486.25,6470.75,6475.5,123395,23654.25,23658.5,23594.25,23618.25,158375,42.7890305371514,6514.675,0.0012740820817729315,47.757028462096905,23737.0,0.0015136439655354383,-17170.75
6470.5,6484.5,6464.75,6483.5,104421,23614.0,23661.75,23586.0,23654.0,130211,38.75879079401109,6512.5625,-0.002005089843448715,44.63788291665287,23733.5125,-0.0017015969646047013,-17143.5
6482.0,6482.0,6467.5,6470.25,71881,23657.5,23663.5,23602.75,23614.0,91960,43.801483006089214,6510.8375,0.00177729696314044,48.54899499929353,23731.0125,0.0018421275514526325,-17175.5
6490.75,6493.0,6477.75,6481.75,136377,23690.5,23693.75,23641.25,23657.0,137513,47.353561825426134,6509.5875,0.0013498920086392197,51.356507432039265,23730.225,0.001394906477861113,-17199.75
6488.75,6492.0,6485.25,6490.75,22275,23684.0,23696.25,23666.75,23690.75,25058,46.628104079741405,6508.05,-0.00030813080152525263,50.76887003897843,23727.9375,-0.0002743715835461513,-17195.25
6498.5,6500.5,6480.0,6484.0,23428,23740.5,23749.0,23650.5,23676.5,30932,50.601251848052776,6507.0,0.0015026006549798687,55.53188986520546,23728.225,0.0023855767606824063,-17242.0
6505.0,6506.25,6498.25,6498.75,13870,23777.75,23784.5,23740.25,23740.75,24255,53.107471671758034,6506.275,0.0010002308224974499,58.390146897097196,23730.2625,0.0015690486721005037,-17272.75
6500.0,6507.5,6500.0,6505.0,11244,23764.25,23792.0,23763.75,23778.0,20476,50.96546632343525,6505.25,-0.000768639508070712,56.96117488972103,23731.3625,-0.0005677576726140776,-17264.25
6501.5,6504.0,6499.0,6500.25,7575,23767.75,23779.5,23757.25,23764.75,15026,51.59620616594872,6504.3,0.0002307692307692566,57.25325779166038,23732.5125,0.00014728005302089286,-17266.25
6496.75,6502.0,6495.25,6501.75,6559,23741.0,23771.25,23735.75,23768.75,13929,49.42796311244332,6502.8625,-0.0007306006306236901,54.22438662494016,23731.5,-0.0011254746452651343,-17244.25
6499.75,6501.5,6496.75,6496.75,6884,23756.25,23763.0,23741.5,23741.5,10695,50.83327840899548,6501.525,0.0004617693462116712,55.66439165761033,23730.675,0.000642348679499527,-17256.5
6494.75,6499.5,6493.75,6499.25,5888,23733.25,23755.75,23726.25,23754.0,10443,48.4183368364225,6500.15,-0.0007692603561675337,52.958513128868454,23729.5375,-0.0009681662720336659,-17238.5
6493.75,6498.75,6493.5,6494.75,4842,23731.25,23751.25,23729.25,23734.0,9533,47.927924026972235,6498.525,-0.00015397051464649536,52.71852986082421,23726.7375,-8.426995881305466e-05,-17237.5
6498.75,6501.5,6493.75,6493.75,9756,23752.5,23763.0,23730.25,23731.0,15337,50.621001828356704,6497.2875,0.0007699711260826803,55.04927865102623,23725.175,0.0008954437713983854,-17253.75
6500.25,6507.25,6497.75,6498.75,10242,23752.75,23782.0,23749.5,23752.75,18160,51.4325149770211,6496.1625,0.00023081361800336708,55.07733529770179,23723.9875,1.0525207872813525e-05,-17252.5
6503.25,6505.25,6498.75,6500.5,6971,23764.75,23769.0,23740.75,23753.5,11697,53.09289166245975,6495.45,0.0004615207107419028,56.48144012808758,23723.7625,0.000505204660512959,-17261.5
6506.0,6506.75,6500.25,6503.25,4387,23781.5,23785.25,23755.0,23765.0,9520,54.62426406368393,6493.975,0.0004228654903317697,58.43436996320387,23719.125,0.0007048254242101315,-17275.5
6504.75,6508.25,6504.5,6506.0,6993,23771.75,23790.0,23769.25,23781.25,11374,53.76504448047663,6492.7125,-0.00019213034122345096,56.835524514175425,23715.075,-0.0004099825494606746,-17267.0
6500.75,6507.0,6500.5,6505.0,8986,23763.0,23782.25,23759.75,23771.75,13866,51.00047535439978,6494.725,-0.0006149352396326302,55.371289205675936,23725.85,-0.0003680839652108192,-17262.25
6504.75,6505.5,6496.75,6501.0,17490,23778.75,23779.25,23744.0,23762.75,26411,53.57144693926994,6496.2,0.0006153136176594298,57.494035384303345,23733.8625,0.0006627951016284772,-17274.0
6501.75,6509.0,6498.5,6505.0,117367,23845.5,23876.5,23766.75,23778.75,211309,51.393441032029,6497.1125,-0.0004612014297243894,65.07573245692284,23743.425,0.002807128213215604,-17343.75
6512.0,6516.0,6495.25,6501.75,130148,23859.75,23888.0,23806.25,23846.5,211220,57.71848452069624,6499.1875,0.0015764986349828813,66.45147832494918,23755.7125,0.0005975970308862433,-17347.75
6512.0,6516.5,6503.0,6511.75,94505,23872.75,23884.75,23829.75,23859.5,132000,57.718484520696244,6500.6875,0.0,67.70146921874468,23766.475,0.0005448506375800299,-17360.75
6503.75,6512.25,6495.75,6512.0,88765,23811.25,23873.75,23790.0,23872.75,133268,51.466823088623,6501.3375,-0.0012668918918918859,56.90043180212245,23772.5125,-0.0025761590097496123,-17307.5
6494.0,6505.75,6490.0,6503.5,64183,23782.75,23817.0,23762.25,23811.5,97832,45.2315263749802,6501.6,-0.0014991351143570641,52.70413234708483,23777.45,-0.0011969132237912294,-17288.75
6500.0,6503.75,6491.25,6494.0,62158,23793.5,23819.75,23772.25,23782.5,81685,49.30206041640725,6501.675,0.0009239297813365965,54.07976753423359,23780.1,0.00045200828331459775,-17293.5
6506.75,6507.75,6491.0,6500.0,106136,23803.0,23812.5,23758.5,23793.75,118809,53.49003442276977,6501.7625,0.0010384615384615437,55.316642229243676,23781.3625,0.0003992687078404611,-17296.25
6506.75,6508.5,6504.75,6507.0,20575,23798.5,23810.25,23791.75,23803.25,23487,53.49003442276977,6502.1,0.0,54.56687866694859,23783.075,-0.00018905180019324064,-17291.75
6513.0,6513.5,6506.75,6508.0,0,23825.25,23829.0,23798.5,23799.75,0,57.27964137947962,6502.675,0.0009605409766779704,58.1943151642387,23785.95,0.0011240204214550964,-17312.25
6509.75,6514.25,6509.0,6513.25,4959,23807.25,23831.25,23803.75,23825.75,9125,54.78010733282215,6503.325,-0.0004990019960079417,55.01148119558605,23789.2625,-0.0007555009915950484,-17297.5
6508.0,6512.25,6507.5,6509.75,5675,23807.5,23827.0,23802.25,23807.5,10841,53.42813394317932,6503.7375,-0.0002688275279388863,55.04825445879549,23791.825,1.0501002845719754e-05,-17299.5
6508.0,6509.5,6504.25,6508.0,6025,23813.75,23818.75,23790.75,23807.0,12461,53.42813394317932,6504.4,0.0,56.016193439510914,23795.85,0.00026252231439682916,-17305.75
6512.25,6515.5,6508.25,6508.25,5684,23827.25,23847.5,23814.5,23814.5,13571,56.455069106821334,6505.325,0.0006530424093422749,58.114199202706125,23800.65,0.0005668993753609186,-17315.0
6514.75,6515.5,6512.0,6512.25,3251,23837.25,23843.25,23826.25,23827.75,6748,58.177055998860574,6506.125,0.00038389189604215446,59.649568877366484,23804.8875,0.0004196875426245583,-17322.5
6513.75,6514.5,6512.25,6514.0,2819,23838.0,23841.0,23830.5,23837.0,4739,57.20262107818946,6506.8,-0.00015349783184315235,59.76868110654504,23809.15,3.146336091619517e-05,-17324.25
6512.25,6514.25,6508.25,6513.5,5621,23834.5,23842.25,23815.0,23837.0,12659,55.69567229552373,6507.25,-0.00023028209556708035,58.894950203689696,23812.6375,-0.00014682439801994018,-17322.25
6515.75,6518.0,6511.25,6512.5,8099,23850.0,23855.75,23830.25,23835.0,13296,58.44643020768754,6507.7375,0.0005374486544589274,61.5739812786185,23816.0625,0.0006503178166104018,-17334.25
6514.5,6523.5,6513.75,6516.0,11212,23855.5,23885.25,23846.75,23850.5,17475,57.0832858928829,6508.225,-0.0001918428423435259,62.50775090049412,23820.25,0.00023060796645713033,-17341.0
6512.75,6516.0,6510.75,6514.75,10806,23842.75,23857.25,23834.0,23854.75,16238,55.14420276479121,6508.825,-0.0002686315143142215,58.93253981744016,23824.2375,-0.000534467942403194,-17330.0
6511.75,6515.25,6511.0,6512.75,4717,23844.0,23856.5,23835.75,23843.25,10138,54.01505973371414,6509.175,-0.00015354496948294383,59.17905032217264,23827.5,5.242683834705275e-05,-17332.25
6511.5,6514.5,6510.0,6511.75,4667,23845.5,23860.0,23837.75,23844.5,10948,53.71891703014848,6509.6625,-3.839213729028845e-05,59.493268077171415,23827.5,6.290890790139336e-05,-17334.0
6513.75,6514.5,6507.0,6511.5,10936,23849.5,23853.25,23811.0,23845.5,22631,56.05415523029365,6509.75,0.00034554250172780243,60.369325348193286,23826.9875,0.00016774653498563552,-17335.75
6511.75,6515.25,6510.5,6513.5,11294,23839.0,23857.75,23833.75,23849.5,23711,53.471410553264924,6509.7375,-0.00030704279408944046,56.89105547666415,23825.3,-0.0004402608021132348,-17327.25
6507.5,6512.75,6502.25,6511.5,115095,23815.0,23857.75,23800.5,23839.25,170639,48.371029627428484,6509.925,-0.0006526663339347927,49.82466024418627,23825.4875,-0.0010067536389949394,-17307.5
6500.5,6515.0,6488.75,6507.75,208741,23785.75,23850.75,23726.5,23816.0,282968,41.37140107026402,6510.25,-0.001075681905493675,42.84058875677219,23825.6375,-0.0012282175099727066,-17285.25
6499.75,6505.5,6495.0,6500.25,107404,23784.75,23812.75,23752.0,23785.5,138778,40.69196864340063,6510.2375,-0.00011537574032771669,42.620629117343825,23825.2,-4.204197891599648e-05,-17285.0
6507.5,6509.5,6498.75,6499.75,70589,23821.25,23833.75,23781.75,23784.5,93636,49.85606373100079,6510.275,0.0011923535520597106,52.256285803743175,23826.1125,0.0015345967479161171,-17313.75
6515.25,6517.0,6507.5,6507.5,74494,23839.5,23855.25,23821.0,23821.0,80244,57.00976189757935,6510.7,0.0011909335382251918,56.215429939729596,23828.1625,0.0007661226845778746,-17324.25
6516.0,6518.5,6513.0,6515.25,49592,23844.0,23849.0,23822.0,23839.0,64454,57.63958221769219,6510.85,0.00011511453896617674,57.15879782729799,23829.1,0.00018876234820353055,-17328.0
6521.25,6526.25,6512.75,6516.0,84421,23867.25,23887.75,23835.0,23844.25,95990,61.85261041564682,6511.425,0.0008057090239410591,61.74490699183312,23832.1,0.000975088072471042,-17346.0
6530.5,6536.25,6516.5,6521.25,43467,23889.0,23918.0,23850.5,23867.5,54032,67.90865616807713,6512.55,0.0014184397163119478,65.4689408888984,23836.175,0.0009112905759984802,-17358.5
6533.5,6537.25,6530.75,6533.0,0,23895.5,23911.75,23890.0,23900.25,0,69.59458583064975,6513.825,0.000459382895643623,66.51794044981108,23840.2625,0.00027209175771281124,-17362.0
6530.0,6534.25,6526.5,6534.0,11398,23885.75,23898.25,23874.0,23896.0,11860,65.28536400294405,6514.7125,-0.0005357006198821734,63.406406864349414,23843.1875,-0.00040802661589001143,-17355.75
6531.25,6533.75,6529.0,6529.75,6347,23886.0,23899.0,23881.0,23885.5,10043,66.09286150693808,6515.5375,0.0001914241960183638,63.45361319259602,23845.625,1.0466491527472144e-05,-17354.75
6535.5,6537.0,6529.75,6531.5,6241,23902.5,23906.75,23877.5,23886.5,11406,68.75410799084602,6516.625,0.0006507177033492351,66.52312103851129,23848.85,0.0006907812107510569,-17367.0
6536.0,6537.0,6533.25,6535.5,3755,23910.75,23916.5,23897.25,23902.75,8499,69.06175689037465,6517.8125,7.65052406090927e-05,67.97160651308144,23852.6625,0.0003451521807342761,-17374.75
6537.25,6537.75,6535.75,6536.0,2489,23917.25,23919.75,23911.0,23911.5,4780,69.86070795054187,6518.8875,0.00019124847001217304,69.10580775512356,23856.025,0.0002718442541533861,-17380.0
6539.25,6539.5,6537.25,6538.0,3155,23921.75,23924.5,23916.25,23919.5,4838,71.14467864355274,6520.125,0.0003059390416459973,69.90049841342031,23859.3375,0.0001881487211112809,-17382.5
6537.75,6540.0,6536.5,6539.25,4158,23918.75,23930.0,23911.5,23921.5,12372,68.77811451810376,6521.375,-0.00022938410368156248,68.63299929582746,23863.1375,-0.00012540888521950233,-17381.0
6539.75,6541.75,6535.5,6538.0,7375,23943.75,23948.25,23912.25,23918.75,15091,70.2014097459203,6522.775,0.00030591564376125646,73.02299906627658,23868.125,0.0010452051215050773,-17404.0
6541.0,6543.75,6537.75,6539.5,8969,23938.0,23953.75,23935.0,23943.75,12080,71.0885067065132,6524.25,0.00019113880500021274,70.57639608278008,23872.75,-0.00024014617593315357,-17397.0
6532.75,6541.5,6530.75,6541.0,9119,23895.75,23940.75,23887.0,23938.25,20320,58.67352291477061,6525.2,-0.0012612750343984347,55.78619366905627,23875.0625,-0.001764976188486922,-17363.0
6535.75,6536.0,6529.25,6532.75,8179,23908.75,23910.5,23881.0,23896.25,14116,61.31895691994556,6526.4,0.00045922467567249825,58.65708687258255,23878.55,0.0005440297960934704,-17373.0
6539.75,6540.0,6534.5,6535.5,7553,23924.5,23927.5,23903.25,23909.0,12056,64.57508022137574,6528.0125,0.0006120185135600753,61.886062995596255,23884.025,0.0006587546400376176,-17384.75
6543.75,6545.5,6539.75,6540.0,11982,23949.0,23957.5,23921.75,23924.75,18590,67.51956420501747,6530.175,0.0006116441760006808,66.29584761169872,23892.1875,0.001024054839181554,-17405.25
6554.75,6565.0,6539.75,6543.5,43787,24004.25,24041.0,23930.0,23948.5,63779,73.935584017525,6532.925,0.0016809933142312161,73.68889560290204,23903.1625,0.0023069856778987763,-17449.5
6552.75,6559.0,6543.75,6554.75,143245,23930.5,24015.0,23905.25,24004.25,224727,71.18238028881068,6535.1875,-0.00030512223959722196,56.02345636155396,23908.625,-0.003072372600685269,-17377.75
6550.75,6562.25,6549.5,6552.75,139174,23967.0,23990.75,23923.75,23930.5,205863,68.43786303738253,6536.9625,-0.00030521536759375856,61.00584326056415,23915.0,0.0015252502037148563,-17416.25
6549.75,6553.0,6540.0,6551.0,127504,23949.75,23979.0,23920.75,23966.75,142158,67.04592302102773,6538.65,-0.00015265427622790373,57.67984976874983,23920.2875,-0.0007197396420077773,-17400.0
6546.0,6550.75,6538.0,6549.75,83889,23924.0,23950.75,23897.0,23950.0,110702,61.95695094225816,6539.8875,-0.000572540936677024,53.03191437610616,23923.125,-0.0010751677992463238,-17378.0
6540.0,6551.25,6535.5,6546.0,83412,23898.0,23940.5,23875.5,23924.0,111734,54.79103274064575,6540.3625,-0.0009165902841430373,48.75947615872286,23923.575,-0.001086774786824951,-17358.0
6536.25,6540.75,6530.25,6539.75,81846,23862.5,23899.75,23835.75,23897.5,112189,50.833736659227576,6540.5,-0.0005733944954128267,43.595121417744785,23921.925,-0.001485479956481739,-17326.25
6539.0,6543.75,6522.5,6536.25,140798,23874.0,23892.75,23785.0,23862.25,162567,53.486821778463856,6540.95,0.00042073054121249953,45.60500162781767,23921.3375,0.0004819277108434328,-17335.0
6537.25,6541.25,6536.0,6539.0,21035,23859.0,23885.5,23856.75,23873.75,26058,51.57938488862688,6541.25,-0.00026762501911603565,43.43113551983543,23919.9875,-0.0006282985674792574,-17321.75
6544.0,6547.5,6535.25,6536.75,0,23897.25,23908.5,23851.5,23856.75,0,57.82667451258603,6541.675,0.001032544265554991,49.97897156715623,23919.725,0.0016031686156168234,-17353.25
6545.5,6548.0,6543.0,6544.25,7856,23900.75,23913.5,23892.0,23897.25,11017,59.089852511593634,6542.15,0.00022921760391203527,50.54308783160747,23919.225,0.0001464603667786779,-17355.25
6545.75,6547.5,6539.5,6545.25,7483,23904.75,23912.75,23870.75,23900.5,15627,59.30860986725088,6542.575,3.819417920714052e-05,51.22015699304974,23918.6,0.00016735876489226698,-17359.0
6546.5,6547.75,6544.25,6545.75,3799,23907.5,23916.75,23898.75,23904.5,10547,59.9996469954368,6542.9375,0.00011457816140247878,51.70962465309927,23917.8875,0.00011503989792815972,-17361.0
6546.0,6547.5,6544.0,6546.5,3021,23907.25,23916.5,23900.0,23907.25,7198,59.27691402812283,6543.35,-7.637668983428991e-05,51.658876462900324,23917.3125,-1.0456969570249441e-05,-17361.25
6546.0,6547.25,6545.0,6545.75,1859,23912.75,23919.0,23904.75,23907.5,4520,59.27691402812283,6543.6625,0.0,52.757352940123106,23915.7625,0.0002300557362306943,-17366.75
6539.5,6546.75,6539.5,6546.75,4755,23879.0,23915.5,23878.0,23914.25,10469,50.16618793653559,6543.5875,-0.0009929728078216238,45.869363037617276,23912.8125,-0.0014113809578572,-17339.5
6540.5,6542.75,6537.0,6539.75,5022,23885.5,23896.25,23871.5,23880.0,11186,51.40367914291699,6543.975,0.00015291688967056238,47.296524222023024,23912.3,0.00027220570375652287,-17345.0
6547.5,6549.0,6538.75,6540.5,7619,23917.75,23923.25,23878.25,23884.75,13346,59.066365389168745,6544.5625,0.001070254567693496,53.804298748631595,23912.75,0.0013501915387996721,-17370.25
6548.75,6549.5,6544.25,6547.75,7214,23930.75,23935.25,23906.25,23918.25,13377,60.27107162886965,6545.0125,0.00019091256204650797,56.154559223505416,23913.0625,0.000543529387170727,-17382.0
6547.5,6551.25,6546.5,6548.5,6027,23922.25,23942.0,23917.25,23931.0,10835,58.41948821185647,6545.2,-0.0001908761213972321,54.21244968293644,23911.725,-0.00035519154226260063,-17374.75
6548.0,6549.25,6546.0,6547.5,4080,23920.25,23929.75,23907.75,23922.5,8349,58.96256254514861,6544.8625,7.636502481855878e-05,53.74147879276996,23907.525,-8.360417602859549e-05,-17372.25
6552.75,6553.75,6547.25,6548.0,7114,23945.5,23950.0,23918.25,23920.0,11327,63.79971450975683,6544.8625,0.0007254123396456258,58.62817943948628,23908.275,0.001055590974174514,-17392.75
6553.0,6555.25,6552.0,6553.0,9193,23945.75,23956.0,23939.0,23946.0,12001,64.03996302350939,6544.975,3.815192094913655e-05,58.67472765370864,23907.2125,1.0440375018294645e-05,-17392.75
6558.0,6562.0,6536.0,6553.0,67173,23959.5,23976.0,23845.0,23946.0,94251,68.53733581398765,6545.3875,0.0007630093087136469,61.25664865354873,23907.7,0.0005742146309888341,-17401.5
6572.0,6572.5,6552.0,6557.75,176582,23979.25,23997.75,23909.75,23959.25,215210,77.15331537242375,6546.6875,0.002134797194266458,64.67099602946053,23910.4625,0.0008243076858867049,-17407.25
6582.75,6586.5,6569.75,6571.75,175897,24003.75,24022.0,23946.75,23978.75,219131,81.37171049127818,6548.825,0.0016357273280585005,68.39223817569537,23915.75,0.0010217166925570176,-17421.0
6588.75,6594.25,6581.5,6582.75,126811,24024.25,24048.75,24000.25,24003.5,132648,83.23258717989393,6551.45,0.000911473168508703,71.132189475503,23923.8375,0.0008540332239754811,-17435.5
6588.0,6593.75,6585.0,6588.75,78068,24008.5,24043.5,23994.75,24024.0,82593,82.12817425282134,6553.9,-0.00011383039271484208,66.37178374320197,23930.5625,-0.0006555875833792468,-17420.5
6592.0,6592.25,6585.0,6588.0,64821,24032.5,24034.5,23997.25,24009.0,83697,83.3937633396261,6556.6375,0.0006071645415908211,69.69947698482578,23939.2375,0.0009996459587229278,-17440.5
6591.75,6594.0,6588.0,6592.0,57658,24033.75,24042.25,24014.0,24033.0,58821,82.99816270530579,6559.025,-3.792475728159328e-05,69.86672816736764,23946.0625,5.201289919898322e-05,-17442.0
6592.25,6600.0,6590.25,6591.75,100750,24011.75,24044.25,24007.5,24033.5,85068,83.17011941243535,6561.3625,7.585239124674459e-05,63.24953572054285,23951.6125,-0.0009153794143652583,-17419.5
6591.75,6594.25,6590.25,6592.25,23010,24006.5,24023.75,24003.75,24011.75,32693,82.27399045834431,6563.6625,-7.584663809778736e-05,61.7466090960066,23956.7,-0.0002186429560527836,-17414.75
6592.25,6596.0,6590.25,6594.75,0,24013.0,24029.5,24001.0,24028.0,0,82.47731440757433,6565.95,7.585239124674459e-05,62.921352609512084,23961.975,0.0002707600024993706,-17420.75
6592.75,6594.75,6590.75,6592.25,3693,24019.25,24025.5,24005.25,24013.5,7978,82.69112590741253,6568.2875,7.584663809767633e-05,64.06410701078607,23967.575,0.0002602756840044407,-17426.5
6591.0,6593.5,6590.5,6592.75,5231,24009.25,24023.5,24006.0,24019.75,10980,79.05521171540767,6570.5375,-0.00026544310037546204,60.83355397667604,23972.4,-0.00041633273312036145,-17418.25
6588.0,6592.0,6587.5,6591.25,5409,24004.75,24017.25,24001.0,24010.0,8224,73.11971461557734,6572.9625,-0.000455166135639562,59.382388437170846,23978.6875,-0.00018742776221669644,-17416.75
6588.75,6590.0,6586.25,6588.0,5105,24003.75,24007.0,23992.0,24004.5,9165,73.65230570828713,6575.375,0.00011384335154818181,59.045309712548345,23984.6,-4.1658421770729426e-05,-17415.0
6590.25,6590.75,6588.0,6588.75,2861,24008.5,24009.0,24000.25,24004.0,3942,74.73067698032162,6577.5125,0.00022766078542968415,60.2009551860753,23989.1375,0.00019788574701862238,-17418.25
6591.25,6593.5,6591.0,6591.5,3043,24020.25,24025.5,24012.25,24012.25,7300,75.45200877868268,6579.6375,0.0001517393118621868,62.983518486038264,23993.6125,0.0004894100006247459,-17429.0
6593.25,6594.5,6591.0,6591.75,3195,24034.5,24039.5,24018.25,24020.25,7814,76.87387586752989,6581.925,0.0003034325810733485,66.08079349816654,23999.225,0.0005932494457800974,-17441.25
6589.25,6593.5,6585.25,6593.5,7301,24023.5,24036.0,24006.0,24035.0,12343,68.34722277899427,6583.9875,-0.0006066810753422303,61.783272150707006,24004.3875,-0.0004576754249100423,-17434.25
6584.5,6591.25,6584.0,6588.75,8778,24010.5,24031.5,24006.75,24022.75,12757,59.85676068346394,6585.575,-0.0007208711158326331,57.06033204161081,24007.6375,-0.0005411368035465047,-17426.0
6583.25,6586.5,6578.5,6584.75,12948,24002.75,24019.0,23982.75,24010.25,21932,57.8211339460849,6587.0875,-0.0001898397752296832,54.390947209333596,24010.4875,-0.00032277545240622096,-17419.5
6583.5,6585.5,6581.75,6583.0,5942,24010.75,24019.5,23995.75,24002.5,9969,58.12784184521901,6588.3625,3.797516424253189e-05,56.645616633399364,24013.05,0.00033329514326485565,-17427.25
6586.25,6586.5,6582.5,6583.5,5679,24022.75,24024.25,24005.25,24010.75,8207,61.44867276653007,6589.075,0.0004177109440266502,59.851700783208,24015.225,0.0004997761419365254,-17436.5
6589.5,6589.75,6583.0,6586.25,10594,24044.5,24048.0,24009.5,24023.0,15809,64.9832139904066,6589.4125,0.0004934522679824749,64.91594239569788,24017.2625,0.0009053917640569065,-17455.0
6590.5,6591.0,6584.5,6589.25,23982,24042.0,24047.0,24014.75,24044.5,29124,66.01567506434924,6589.5,0.0001517565824418199,63.91793121641763,24018.15,-0.00010397388176086597,-17451.5
6593.25,6594.5,6585.0,6590.5,109460,24046.75,24063.5,24002.0,24041.75,157714,68.74487886984612,6589.7625,0.00041726727865865065,65.01836134799649,24020.0625,0.00019757091756100742,-17453.5
6597.75,6598.75,6586.75,6594.0,124315,24106.0,24115.75,24018.0,24046.0,189605,72.61976539611331,6590.05,0.000682516209759898,75.18479015934881,24023.7375,0.0024639504298917814,-17508.25
6590.0,6598.0,6585.75,6597.5,93909,24090.75,24111.25,24072.0,24106.25,118917,59.04341233041811,6589.9625,-0.0011746428706755907,69.57976693257476,24026.5875,-0.0006326225835890931,-17500.75
6594.25,6595.75,6586.5,6589.75,67328,24110.5,24124.75,24071.25,24090.75,83207,63.11572777772222,6590.0625,0.0006449165402124812,72.44481967811214,24031.525,0.000819816734638712,-17516.25
6597.25,6598.5,6591.75,6594.5,52728,24124.0,24129.0,24091.5,24110.5,62379,65.70770513435335,6590.3375,0.00045494180536076456,74.2313604315107,24037.4,0.0005599220256735649,-17526.75
6602.0,6605.75,6596.0,6597.5,66307,24154.0,24159.0,24113.0,24124.0,74766,69.37709162569219,6590.825,0.0007199969684337226,77.69259402939984,24044.45,0.0012435748632066979,-17552.0
6587.5,6603.5,6583.0,6602.0,150144,24109.25,24157.5,24087.5,24154.0,136737,51.323234441901555,6590.5625,-0.002196304150257511,63.9038969470796,24048.95,-0.001852695205763033,-17521.75
6588.25,6590.0,6585.5,6587.75,19378,24113.25,24119.25,24096.75,24109.5,28259,52.01874457932861,6590.425,0.00011385199240976362,64.5102124095643,24054.15,0.00016591142403843406,-17525.0
6591.5,6592.75,6586.0,6588.5,3869,24124.75,24129.75,24099.25,24112.25,8722,55.01808961527454,6590.6,0.0004933024703068778,66.26468131496244,24060.15,0.00047691621826184694,-17533.25
6588.25,6592.5,6586.75,6591.25,2522,24111.0,24129.25,24100.0,24124.5,7251,51.54792038920376,6590.575,-0.0004930592429643887,62.29904222662348,24065.5125,-0.0005699540927884827,-17522.75
6588.5,6589.25,6585.25,6588.25,4265,24109.5,24115.5,24091.5,24110.25,8673,51.79976671481635,6590.4875,3.794634386977691e-05,61.864088619812954,24070.5625,-6.221226825930959e-05,-17521.0
6591.0,6591.75,6588.5,6588.75,2255,24114.75,24118.75,24105.25,24109.75,4401,54.354835836928196,6590.475,0.00037944903999398427,62.8419278744046,24075.2875,0.0002177564860323944,-17523.75
6592.25,6592.25,6589.5,6590.75,2027,24118.5,24125.0,24108.75,24114.0,4669,55.62155483301256,6590.425,0.00018965255651637314,63.56064933866478,24079.4875,0.0001555064846203713,-17526.25
6592.0,6593.75,6591.25,6592.0,2210,24122.25,24132.5,24116.5,24118.5,4572,55.291067238588106,6590.5625,-3.792331904883817e-05,64.30419778688862,24084.425,0.00015548230611361902,-17530.25
6594.0,6594.0,6591.75,6592.25,1192,24131.25,24136.0,24120.0,24121.5,3142,57.46827419284524,6591.0375,0.0003033980582525242,66.09245863212766,24090.4625,0.0003730995242980928,-17537.25
6595.75,6596.25,6592.25,6594.0,2357,24140.0,24144.75,24122.75,24131.0,4171,59.33433595870468,6591.6625,0.0002653927813163204,67.78234637538424,24097.325,0.00036260036260027384,-17544.25
6598.5,6599.5,6594.5,6595.75,4128,24147.0,24150.0,24131.5,24140.0,5362,62.14504006762745,6592.4125,0.00041693514763285755,69.10873831072232,24104.1375,0.0002899751449876309,-17548.5
6598.5,6601.0,6596.5,6598.25,4771,24138.5,24159.25,24137.5,24146.75,8254,62.14504006762745,6593.025,0.0,65.5781838229534,24109.925,-0.0003520106017310676,-17540.0
6594.0,6598.75,6586.25,6598.5,11913,24095.25,24141.5,24075.5,24139.0,20479,54.93869893224572,6593.25,-0.0006819731757217173,51.23543865129907,24112.4625,-0.0017917434803322863,-17501.25
6594.5,6594.75,6591.0,6594.0,2660,24095.5,24100.5,24080.5,24095.5,6420,55.55539274525052,6593.45,7.582650894755183e-05,51.30174039013108,24115.1375,1.0375488944891487e-05,-17501.0
6655.75,6656.25,6593.75,6594.5,21650,24127.25,24133.25,24091.25,24095.75,7943,84.15778924985611,6596.575,0.009288043066191465,58.93753172936518,24119.1625,0.0013176734244984,-17471.5
6602.0,6659.75,6598.25,6656.25,0,24143.75,24148.0,24126.25,24127.5,8284,52.33069858486085,6596.7875,-0.008075723998046791,62.2502155431494,24121.05,0.0006838740428354306,-17541.75
6666.75,6667.0,6601.25,6602.0,42573,24173.0,24175.0,24140.25,24144.0,20494,68.0205686585777,6600.625,0.009807634050287728,67.28829210871963,24125.1625,0.0012114936577789504,-17506.25
6677.0,6677.5,6664.0,6666.75,92160,24260.5,24262.25,24162.25,24173.25,83079,69.71963538920426,6604.7625,0.0015374807814902969,77.12386725851601,24132.6625,0.0036197410333842495,-17583.5
6680.25,6681.0,6670.25,6677.0,88605,24262.0,24265.5,24221.0,24260.5,79106,70.2591915405249,6608.9125,0.00048674554440619744,77.25014970130086,24139.5625,6.182889882722087e-05,-17581.75
6676.5,6680.75,6672.5,6678.75,55244,24279.75,24289.75,24240.5,24262.25,58377,68.73724204539114,6612.6375,-0.0005613562366677538,78.74537164980615,24145.85,0.0007315967356360531,-17603.25
6671.25,6679.25,6670.75,6676.25,34713,24265.75,24294.25,24260.0,24280.0,37202,66.56331602321313,6616.825,-0.0007863401482812726,74.58172463592197,24153.675,-0.0005766121974073446,-17594.5
6676.5,6677.0,6665.0,6671.25,50589,24287.25,24288.25,24248.75,24266.25,36126,67.6646398719189,6621.2375,0.0007869589657110154,76.62572999761456,24162.375,0.0008860224802447192,-17610.75
6670.5,6676.5,6663.5,6676.25,46302,24271.0,24292.0,24245.25,24286.75,33839,65.02847806596552,6625.1875,-0.0008986744551786607,71.9183907280154,24169.6875,-0.0006690753378830738,-17600.5
6680.0,6680.5,6667.25,6670.5,76865,24311.0,24315.75,24261.5,24272.0,45857,67.20693668424127,6629.775,0.0014241810958699475,75.85108205454203,24179.6875,0.0016480573523958153,-17631.0
6674.5,6680.5,6673.75,6679.75,16596,24295.75,24313.5,24285.75,24311.25,15838,64.69432856340603,6634.075,-0.0008233532934132093,71.72684040068623,24189.0,-0.0006272880589033303,-17621.25
6672.5,6675.5,6671.25,6674.5,0,24287.25,24297.5,24284.25,24294.5,0,63.76082373795923,6638.15,-0.0002996479137014063,69.4598487415565,24197.625,-0.0003498554273895227,-17614.75
6676.5,6676.5,6675.75,6676.25,8550,24303.0,24303.25,24300.25,24302.0,6188,64.8531477292027,6642.3625,0.0005994754589733198,71.2717075467047,24206.85,0.0006484884044097861,-17626.5
6677.75,6679.0,6675.75,6676.5,3392,24314.5,24320.25,24300.0,24303.5,3707,65.20609596979855,6646.65,0.00018722384482883214,72.55215957656553,24216.4625,0.00047319260996592227,-17636.75
6681.5,6683.5,6677.25,6677.75,3284,24329.25,24344.0,24312.0,24314.5,3813,66.29946634254138,6651.025,0.0005615663958669082,74.1439798810617,24226.3625,0.0006066339015813327,-17647.75
6684.0,6684.0,6683.75,6683.75,5687,24337.0,24343.5,24333.75,24340.75,1865,67.04300770867181,6655.4375,0.0003741674773629633,74.96550172830183,24236.2125,0.00031854660542340874,-17653.0
6687.0,6688.0,6684.0,6684.5,4057,24352.75,24360.25,24338.75,24339.75,4343,67.95664182968896,6659.8625,0.0004488330341112512,76.5931618789949,24246.5,0.0006471627562969484,-17665.75
6683.25,6689.0,6683.0,6687.25,4445,24346.25,24361.5,24342.5,24353.0,3224,65.51186402970049,6664.1,-0.0005607895917452144,74.44206132885857,24256.8875,-0.000266910307870738,-17663.0
6687.75,6688.0,6682.75,6683.5,8712,24360.25,24375.75,24340.25,24346.75,5997,67.04403573009394,6668.7875,0.0006733251038042454,76.00516520380688,24270.1375,0.0005750372233916945,-17672.5
6694.75,6697.0,6687.5,6687.75,10923,24639.25,24646.75,24358.75,24360.0,48574,69.32682908007,6673.8,0.0010466898433703076,89.62417463393493,24297.325,0.011453084430578464,-17944.5
6692.25,6696.75,6691.0,6695.0,7093,24626.5,24645.5,24619.75,24639.5,8092,67.52778529286228,6675.625,-0.0003734269390194278,87.18872720673019,24322.2875,-0.0005174670495246003,-17934.25
6691.5,6693.0,6691.0,6692.25,5291,24626.25,24632.25,24618.5,24626.5,6739,66.96634582834422,6680.1,-0.00011206993163737078,87.13872613605888,24346.4125,-1.0151665888358252e-05,-17934.75
6689.25,6692.0,6687.75,6691.75,8352,24605.0,24627.5,24597.25,24626.75,12325,65.21459956300815,6681.225,-0.00033624747814386957,82.79248808721879,24368.0125,-0.0008629003603878305,-17915.75
6684.5,6689.75,6682.5,6689.5,20387,24597.0,24608.25,24576.25,24605.0,22363,61.553885193270744,6681.6,-0.0007100945546959503,81.15146606671185,24384.8375,-0.000325137167242473,-17912.5
6672.75,6688.25,6670.25,6684.5,116115,24538.5,24609.75,24523.5,24597.25,133606,53.54665524529462,6681.225,-0.001757797890642565,70.19478794520535,24398.6625,-0.002378338821807491,-17865.75
6668.0,6675.0,6666.0,6672.75,118642,24537.75,24561.0,24517.75,24538.0,140408,50.67669712992405,6680.8,-0.000711850436476702,70.06418028198524,24411.5625,-3.056421541658416e-05,-17869.75
6666.25,6670.75,6661.5,6668.25,85641,24509.0,24542.0,24502.5,24538.0,104766,49.62147949203863,6680.55,-0.0002624475104978652,65.06634997037773,24423.725,-0.001171664068628897,-17842.75
6669.0,6670.25,6664.0,6666.0,44865,24524.0,24532.75,24499.0,24508.75,59641,51.336298191733746,6680.175,0.00041252578286132824,66.41252315356815,24435.5625,0.0006120200742585347,-17855.0
6671.0,6673.75,6668.25,6669.0,47785,24534.25,24546.0,24521.75,24524.0,48248,52.599967467787195,6680.2,0.00029989503673721885,67.33872863191013,24448.725,0.00041795791877352606,-17863.25
6674.75,6676.5,6669.25,6671.0,38931,24546.75,24549.0,24523.0,24534.25,41072,54.96152182886274,6679.9375,0.0005621346125017634,68.48024877010076,24460.5125,0.0005094918328458764,-17872.0
6668.25,6679.25,6665.75,6674.75,95533,24524.0,24561.25,24516.75,24546.75,84320,50.284984549542244,6679.625,-0.0009738192441663962,64.08992710797514,24471.925,-0.0009268029372523356,-17855.75
6670.0,6673.75,6667.75,6668.5,21975,24531.0,24544.0,24521.25,24524.5,19950,51.48194125684177,6679.5,0.00026243767105316174,64.83692467033673,24484.1125,0.00028543467623554086,-17861.0
6673.5,6675.0,6668.0,6669.75,0,24546.0,24551.5,24525.25,24531.0,0,53.87389264117214,6679.35,0.0005247376311843244,66.4475872045129,24496.2625,0.0006114711997065037,-17872.5
6672.5,6674.25,6667.5,6673.5,2608,24543.0,24550.25,24522.25,24546.0,4990,53.068874899365184,6679.0875,-0.00014984640743243016,65.79843290937853,24507.6875,-0.00012221950623314548,-17870.5
6672.0,6674.25,6670.25,6672.25,4889,24540.5,24550.0,24530.75,24543.0,8282,52.64528919092807,6678.6125,-7.493443237172048e-05,65.22656377567799,24518.25,-0.00010186203805562233,-17868.5
6668.0,6672.75,6667.75,6672.0,4094,24531.0,24547.25,24527.75,24540.5,6438,49.257995716535795,6677.8125,-0.0005995203836930418,62.98631829667531,24527.95,-0.0003871151769523351,-17863.0
6666.5,6668.75,6664.5,6668.0,4738,24524.25,24533.25,24513.25,24530.75,6547,48.010482006973206,6676.7875,-0.00022495500899821774,61.37338633790025,24536.525,-0.00027516203986788224,-17857.75
6665.25,6666.75,6665.0,6666.5,1847,24518.0,24526.75,24516.25,24524.0,3485,46.943523064891885,6675.8875,-0.0001875046876171904,59.84525571601438,24545.1125,-0.0002548497915328962,-17852.75
6665.5,6666.75,6663.75,6666.0,2465,24518.75,24522.0,24507.75,24518.0,4459,47.1962729100672,6674.775,3.7507970443773075e-05,59.97404745213447,24553.0375,3.05897707806313e-05,-17853.25
6665.0,6666.5,6662.25,6665.75,3963,24518.0,24527.0,24499.75,24519.5,7300,46.71693529209062,6673.2875,-7.501312729729648e-05,59.76760373964793,24546.975,-3.058883507522925e-05,-17853.0
6668.5,6669.25,6663.5,6665.25,4083,24532.0,24534.0,24509.5,24518.25,8278,50.506300393512596,6672.1,0.0005251312828207233,62.37140459012793,24542.25,0.0005710090545720803,-17863.5
6671.25,6673.0,6666.25,6668.5,6415,24550.0,24553.0,24525.25,24531.75,10779,53.315601895842384,6671.0875,0.0004123865936866977,65.46602632076235,24538.4375,0.0007337355291048286,-17878.75
6665.25,6671.5,6653.75,6671.25,26190,24513.0,24550.5,24456.25,24549.5,31994,47.04173877672629,6669.8875,-0.0008993816750983985,55.38321522711223,24533.8375,-0.0015071283095723365,-17847.75
6666.75,6669.75,6664.75,6665.75,8308,24511.75,24533.0,24506.75,24513.75,11158,48.66801195455957,6669.0,0.0002250478226624164,55.07460521272154,24529.575,-5.0993350467098963e-05,-17845.0
6662.25,6668.0,6660.5,6666.5,8950,24500.25,24520.5,24490.0,24511.75,13358,44.275350550055855,6668.475,-0.0006749915626054204,52.193112300940406,24527.6625,-0.0004691627484777472,-17838.0
6662.75,6665.75,6659.75,6662.25,11274,24501.75,24519.5,24486.75,24500.5,16677,44.87074993384033,6668.2125,7.504972043981262e-05,52.54189477970211,24525.8625,6.122386506257627e-05,-17839.0
6668.0,6668.25,6662.0,6663.0,16002,24524.75,24525.75,24498.25,24502.5,16676,50.8134203129131,6668.3,0.0007879629282203648,57.64453452658853,24526.65,0.0009387084595997575,-17856.75
6667.75,6675.75,6665.0,6667.75,117942,24477.5,24540.75,24462.0,24524.75,153614,50.534069960758714,6668.2375,-3.7492501499647446e-05,46.56744669967759,24524.325,-0.0019266251439872262,-17809.75
6662.0,6668.5,6658.75,6667.75,108713,24420.25,24480.75,24409.75,24477.5,154340,44.4775375113266,6667.7875,-0.0008623598665217225,37.23187821253365,24518.625,-0.002338882647329177,-17758.25
6661.25,6665.25,6657.0,6661.75,66783,24411.25,24443.0,24400.0,24420.25,85560,43.74114723926814,6667.1125,-0.00011257880516357677,36.00971357937784,24511.85,-0.000368546595550856,-17750.0
6652.0,6662.25,6650.0,6661.25,63386,24389.75,24421.75,24374.75,24410.75,69991,35.85623079644526,6666.3,-0.0013886282604615996,33.20553372042011,24505.1375,-0.0008807414614163678,-17737.75
6665.5,6665.5,6651.75,6651.75,45361,24454.75,24460.0,24388.0,24390.0,53916,50.01748579639004,6666.075,0.0020294648226097944,46.71531161329987,24501.325,0.0026650539673427343,-17789.25
6645.75,6686.75,6611.0,6664.0,350024,24392.75,24524.25,24241.75,24459.25,373543,37.1096784897624,6664.6875,-0.0029630185282424337,38.67916530890721,24493.6625,-0.002535294779132835,-17747.0
6660.5,6676.0,6643.5,6645.75,217980,24475.25,24550.75,24381.75,24391.75,243203,47.91943490035731,6664.0875,0.002219463566941249,50.80600462452426,24490.275,0.0033821524838322237,-17814.75
6666.25,6669.25,6659.75,6660.5,23738,24501.25,24523.25,24471.5,24475.0,28993,51.424603817072274,6663.8,0.0008632985511598523,53.90016632795424,24488.3125,0.001062297627194786,-17835.0
6681.0,6682.75,6664.0,6665.75,0,24567.5,24573.25,24492.5,24504.0,0,59.04014148692492,6664.45,0.002212638289893043,60.685628927340424,24490.1375,0.002703943676342968,-17886.5
6683.25,6684.5,6680.75,6681.25,9009,24584.0,24588.0,24567.0,24567.25,14175,60.06857035712203,6665.2875,0.0003367759317467467,62.17876224120658,24493.125,0.0006716190088531526,-17900.75
6677.75,6683.5,6676.75,6683.25,7626,24564.5,24584.75,24559.75,24584.25,12652,56.344384827889904,6665.9125,-0.0008229529046497319,59.31178907854517,24495.45,-0.0007931988285063696,-17886.75
6683.25,6684.0,6677.5,6677.75,7394,24593.25,24597.25,24560.5,24564.5,13933,59.07675042238441,6666.8,0.0008236307139379839,62.087366992565954,24499.175,0.0011703881617781686,-17910.0
6687.25,6688.0,6681.5,6683.5,6423,24620.5,24622.75,24587.0,24593.25,11559,60.989097340583854,6667.9125,0.0005985112033815021,64.55538557975981,24504.3,0.0011080276092017005,-17933.25
6690.5,6691.5,6687.25,6687.25,6551,24638.0,24644.75,24620.0,24620.75,14630,62.52154720434364,6669.0125,0.00048599947661598364,66.08240901870366,24509.6,0.0007107897889970793,-17947.5
6692.5,6693.5,6689.0,6689.0,4673,24646.0,24653.75,24630.25,24630.25,8707,63.472484172452056,6670.075,0.00029893132052905,66.78684606435179,24514.4,0.0003247016803311631,-17953.5
6686.75,6693.75,6684.75,6692.25,6642,24614.75,24650.75,24610.75,24645.5,13237,58.849371887684484,6671.15,-0.0008591707134852911,61.42053888614472,24519.4875,-0.001267954231924051,-17928.0
6689.5,6690.0,6679.75,6686.5,10149,24624.5,24626.0,24586.0,24614.25,18843,60.33729605037548,6672.2875,0.0004112610760085289,62.43470859196796,24525.125,0.0003961039620552498,-17935.0
6699.75,6701.0,6688.25,6689.25,16617,24663.25,24671.75,24619.5,24624.75,24246,65.36424870868139,6674.1625,0.0015322520367739845,66.23386838229294,24533.275,0.001573636012913937,-17963.5
6718.0,6719.0,6697.75,6699.5,19797,24728.0,24732.5,24656.5,24663.5,29408,72.13585732507022,6676.925,0.0027239822381432965,71.43287208400685,24544.5875,0.002625363648343093,-18010.0
6715.25,6719.75,6713.75,6718.0,13088,24717.0,24733.5,24708.5,24728.25,17827,69.91761815489805,6679.2875,-0.0004093480202441713,69.47578620444054,24554.2,-0.0004448398576512025,-18001.75
6710.5,6718.0,6707.5,6715.0,10495,24706.5,24729.5,24693.0,24717.5,14803,66.13465704080622,6681.425,-0.0007073452216969089,67.57267493914597,24565.65,-0.0004248088360238045,-17996.0
6710.25,6717.25,6706.5,6710.5,19202,24742.25,24755.75,24700.25,24706.5,31461,65.93245961978032,6683.8375,-3.725504805895952e-05,70.53237235839478,24581.75,0.0014469876348328636,-18032.0
6693.25,6712.5,6693.0,6710.5,30514,24690.0,24766.0,24689.0,24742.75,35730,53.871107276162846,6685.4375,-0.0025334376513542756,61.672585457590664,24595.6875,-0.0021117723731673976,-17996.75
6688.75,6694.0,6670.25,6693.25,219745,24697.25,24713.25,24598.75,24690.0,241484,51.20103076079961,6687.275,-0.0006723191274792262,62.37874759609758,24611.0625,0.0002936411502632019,-18008.5
6695.75,6718.25,6688.0,6688.75,201278,24734.25,24809.0,24694.0,24697.0,209475,54.942205110534786,6688.7875,0.0010465333582507785,65.83803140941853,24625.0375,0.0014981425057445374,-18038.5
6694.0,6708.5,6689.5,6695.75,139184,24736.5,24815.75,24725.25,24734.75,152355,53.83109974756541,6691.2,-0.0002613598177948484,66.04251288369927,24642.225,9.096697898658412e-05,-18042.5
6709.0,6710.5,6691.0,6693.5,84009,24787.75,24793.75,24720.5,24736.0,82944,61.09390916557188,6693.625,0.0022408126680608653,70.39006299964778,24657.85,0.0020718371637054034,-18078.75
6696.25,6711.0,6693.5,6709.0,92048,24734.75,24796.75,24722.75,24787.5,84973,53.40382502382153,6695.125,-0.0019004322551796626,61.60594148997725,24669.525,-0.002138152918276126,-18038.5
6701.0,6703.75,6691.75,6696.25,70266,24756.25,24766.25,24727.5,24734.75,73501,55.64386113470018,6696.125,0.0007093522493932802,63.59086864064399,24678.9625,0.000869222450196494,-18055.25
6692.25,6703.5,6688.25,6701.25,125309,24698.25,24759.25,24696.75,24756.0,102708,50.79922702268544,6696.575,-0.0013057752574242576,55.28704453124063,24684.675,-0.0023428427164857712,-18006.0
6698.75,6700.0,6691.0,6692.25,25930,24713.75,24722.5,24684.75,24698.75,30004,54.0030102410601,6697.625,0.0009712727408570654,56.90655221961273,24692.1375,0.0006275748281761029,-18015.0
6703.75,6705.0,6697.5,6699.0,0,24737.25,24743.0,24711.5,24715.0,0,56.35721886139751,6698.65,0.0007464079119239297,59.31273692244702,24699.3375,0.0009508876637498442,-18033.5
6703.0,6705.75,6702.5,6703.75,5351,24740.0,24748.25,24731.25,24737.5,9521,55.89508784189581,6699.4375,-0.00011187768040277213,59.59703925693315,24705.3125,0.00011116837967040105,-18037.0
6696.75,6706.0,6693.5,6703.25,10397,24710.25,24749.25,24694.75,24739.75,19908,52.06371711962217,6699.75,-0.0009324183201551151,55.110654874379584,24708.925,-0.0012025060630558304,-18013.5
6699.5,6700.5,6695.0,6696.5,5620,24716.25,24721.0,24701.5,24710.0,11040,53.57171433973073,6700.1,0.0004106469556128811,55.83279368928132,24712.4375,0.00024281421677230242,-18016.75
6696.5,6700.5,6694.25,6699.25,5098,24712.0,24723.5,24700.0,24716.5,8122,51.66237212813545,6700.5875,-0.0004477946115382103,55.155944199570655,24717.3,-0.0001719516512416197,-18015.5
6697.75,6703.0,6695.75,6696.25,7948,24710.0,24736.75,24704.0,24712.25,13782,52.42325256779617,6701.0,0.00018666467557681976,54.8191529367649,24721.575,-8.09323405632778e-05,-18012.25
6698.5,6699.25,6690.25,6694.5,8754,24719.75,24722.75,24682.0,24700.25,14666,52.90228711727452,6700.9375,0.0001119779030271939,56.22254277804846,24724.4,0.0003945770942939131,-18021.25
6693.0,6699.5,6691.0,6698.75,6978,24707.0,24723.25,24697.0,24720.5,9261,49.005530402499986,6699.6875,-0.0008210793461222998,53.86624115163186,24723.35,-0.0005157819152701304,-18014.0
6684.25,6695.0,6683.75,6692.75,12604,24672.0,24716.75,24672.0,24705.75,18203,43.5140616827162,6698.1375,-0.0013073360227102704,47.92806790150361,24721.1,-0.0014166025822641704,-17987.75
6687.75,6689.5,6679.5,6684.0,11597,24685.0,24691.5,24655.0,24672.25,19598,46.115148140549714,6697.0,0.0005236189550061887,50.12724179840974,24720.025,0.0005269130998704075,-17997.25
6693.0,6695.5,6687.0,6687.75,7235,24705.75,24714.75,24680.25,24685.5,14472,49.845903681244856,6696.1375,0.0007850173825276752,53.50277472753532,24718.2,0.0008405914522988667,-18012.75
6693.25,6697.75,6692.5,6693.0,6810,24706.75,24730.0,24702.5,24705.75,14199,50.02334822302886,6696.1375,3.7352457791683946e-05,53.665535481195505,24719.0375,4.047640731408286e-05,-18013.5
6696.25,6697.5,6691.25,6693.25,6326,24724.5,24731.75,24700.5,24707.25,14423,52.20845774877136,6696.5125,0.00044821275165274344,56.571438650750444,24720.4,0.0007184271504749873,-18028.25
6699.75,6700.0,6693.5,6696.0,8638,24735.75,24736.5,24713.0,24724.25,14820,54.69710575736232,6696.7125,0.0005226806048161947,58.3541757438171,24720.475,0.00045501425711336196,-18036.0
6702.5,6706.25,6698.75,6699.5,15972,24738.25,24754.75,24731.5,24735.75,24846,56.608989694142,6697.1375,0.0004104630769805606,58.759320146905914,24720.5625,0.00010106829184475252,-18035.75
6705.75,6712.75,6696.75,6702.75,123558,24791.0,24816.0,24734.75,24738.0,195484,58.820804612566555,6696.975,0.00048489369638193835,66.22544370071918,24720.725,0.00213232544743458,-18085.25
6699.25,6708.5,6693.25,6705.75,117873,24764.0,24807.25,24735.5,24790.75,189212,53.00173218052796,6697.125,-0.0009693173768779983,60.216340043653005,24722.1875,-0.0010891049171070089,-18064.75
6700.0,6703.25,6687.25,6699.5,98855,24771.5,24778.5,24708.0,24764.0,138958,53.5724626259926,6697.075,0.00011195283054066252,61.26767373717671,24722.95,0.0003028589888547373,-18071.5
6710.0,6712.25,6699.5,6699.75,74567,24821.5,24834.5,24770.25,24771.0,108521,60.466016653802576,6697.9625,0.0014925373134329067,67.44435961937631,24729.1125,0.0020184486203904672,-18111.5
6712.0,6714.25,6706.75,6710.25,44727,24816.5,24829.0,24796.25,24821.75,63250,61.69114444717496,6698.625,0.00029806259314457684,66.3056392638285,24734.25,-0.00020143826924234887,-18104.5
6716.75,6717.0,6708.5,6711.75,45405,24825.25,24831.75,24804.5,24816.5,56233,64.50454676397706,6699.275,0.0007076877234803991,67.34471605638173,24738.65,0.0003525879958898859,-18108.5
6721.75,6731.5,6716.25,6716.75,122029,24860.25,24888.0,24821.0,24825.25,115811,67.23250074121003,6700.2125,0.0007444076376224018,71.17401486773358,24744.6625,0.0014098548856507076,-18138.5
6719.75,6724.75,6718.0,6721.75,27396,24866.25,24879.5,24852.75,24859.75,32000,65.07801662615029,6701.3625,-0.0002975415628370115,71.78483903856616,24752.4625,0.00024134914170215183,-18146.5
6716.5,6722.5,6712.25,6716.25,14297,24849.75,24867.5,24826.75,24851.5,18432,61.62228597637986,6702.2125,-0.00048364894527330726,67.54598031608458,24759.1375,-0.0006635499924596555,-18133.25
6714.75,6717.25,6714.25,6716.5,5295,24851.25,24854.5,24843.5,24850.25,6756,59.78146521989601,6703.125,-0.0002605523710266233,67.73252086370329,24766.1,6.036278030974174e-05,-18136.5
6711.5,6720.0,6710.5,6714.75,12086,24832.0,24876.0,24828.0,24851.0,20036,56.411163730823944,6703.8125,-0.00048400908447820967,62.747942795923215,24772.2,-0.0007746089230924458,-18120.5
6714.5,6716.25,6710.75,6711.25,7876,24844.5,24852.25,24828.5,24831.75,12916,58.72439080147614,6704.6125,0.0004469939655815658,64.57121449291131,24778.4375,0.0005033827319587125,-18130.0
6716.0,6716.5,6713.75,6714.5,3802,24852.5,24854.75,24842.0,24844.5,6929,59.8711042052716,6705.7625,0.00022339712562358116,65.72736218870729,24785.7125,0.00032200285777528315,-18136.5
6717.75,6719.25,6713.75,6715.75,5469,24857.5,24864.75,24841.0,24852.0,8345,61.22457664944627,6707.4375,0.000260571768910145,66.46396515903635,24794.9875,0.00020118700331961392,-18139.75
6715.75,6718.5,6715.5,6718.0,2937,24852.0,24860.0,24848.0,24858.75,4796,58.78434787629614,6708.8375,-0.0002977187302296569,64.81378749738175,24803.3375,-0.00022126118877607848,-18136.25
6714.75,6718.25,6714.75,6715.5,4646,24840.75,24861.75,24840.0,24852.25,6807,57.54925630958156,6709.925,-0.00014890369653430824,61.45284584811105,24810.0875,-0.00045267986479957667,-18126.0
6710.5,6715.75,6709.25,6715.0,7596,24818.25,24847.0,24815.25,24841.0,14577,52.500605037983185,6710.7875,-0.0006329349566253084,55.27883827112686,24815.6625,-0.0009057697533286779,-18107.75
6702.0,6713.0,6695.0,6710.5,18431,24785.0,24831.0,24748.5,24818.75,32140,44.157062063676264,6711.075,-0.0012666716340064,47.658725515229094,24818.6875,-0.0013397399091394924,-18083.0
6704.0,6711.5,6701.25,6702.25,10781,24781.75,24820.0,24778.5,24785.25,19348,46.31880537626071,6711.2875,0.00029841838257227415,46.97707021960081,24820.9875,-0.00013112769820455838,-18077.75
6702.75,6705.75,6699.25,6704.5,8981,24784.5,24792.5,24760.25,24781.75,15569,45.14258950855508,6711.3,-0.00018645584725540676,47.659246128923684,24823.3,0.00011096875725069566,-18081.75
6701.25,6708.5,6700.75,6703.0,8377,24775.5,24807.5,24772.0,24784.25,13911,43.708227388936905,6711.075,-0.00022378874342621202,45.591892474224714,24822.525,-0.00036313018217026816,-18074.25
6703.75,6703.75,6698.75,6701.25,11204,24789.25,24790.0,24768.0,24775.75,17033,46.74535649787689,6711.3,0.00037306472673015456,49.21629840985264,24823.7875,0.0005549837541118929,-18085.5
6703.25,6704.5,6698.5,6703.5,14482,24798.5,24806.25,24766.25,24789.0,23599,46.20838186570758,6711.4625,-7.458512026847774e-05,51.55433781919663,24825.1375,0.00037314561755597,-18095.25
6718.0,6719.5,6700.0,6703.25,96543,24872.25,24880.5,24783.75,24798.25,156524,60.590501588488294,6711.8625,0.002200425166896558,65.27952118162904,24827.675,0.002973970199810383,-18154.25
6734.25,6734.75,6715.25,6717.75,116751,24926.75,24931.25,24854.75,24872.5,162482,70.08120525955539,6712.975,0.0024188746650788406,71.66754620714838,24833.1875,0.0021911970167556305,-18192.5
6729.75,6737.5,6728.5,6734.0,74089,24911.25,24938.0,24897.5,24926.5,108674,65.38527848811844,6713.625,-0.0006682258603407654,67.84445098843233,24837.4875,-0.000621821938279199,-18181.5
6748.0,6749.25,6729.5,6729.5,93489,24986.75,24995.75,24910.0,24911.25,138331,73.22197927628642,6714.9375,0.002711839221367862,74.8751182276738,24843.8125,0.0030307591951428403,-18238.75
6747.5,6752.5,6745.25,6748.25,52037,24989.0,25001.0,24973.25,24986.25,67931,72.73611569478886,6716.325,-7.409602845287466e-05,75.05019479519538,24849.95,9.00477252943066e-05,-18241.5
6752.0,6752.5,6744.25,6747.75,44273,25012.25,25021.5,24986.75,24988.5,61856,74.38358890092726,6718.1,0.0006669136717303292,76.84567738866136,24858.075,0.0009304093801272284,-18260.25
6751.5,6756.75,6751.0,6752.0,99815,24998.5,25027.25,24989.75,25012.75,97630,73.84961376838918,6719.9375,-7.405213270139654e-05,73.47796062867157,24865.4375,-0.000549730631990375,-18247.0
6750.0,6752.0,6744.75,6751.5,36926,24996.5,25002.0,24980.25,24998.75,34926,72.17567075030814,6721.8625,-0.00022217285047765323,72.97698796298698,24873.6625,-8.000480028802492e-05,-18246.5
6748.5,6751.0,6745.75,6750.0,0,24987.0,25002.0,24974.5,24999.75,0,70.45580747898865,6723.5625,-0.00022222222222223476,70.51756875819044,24880.7875,-0.00038005320744904925,-18238.5
6750.75,6752.0,6747.5,6748.25,4742,24997.5,25005.5,24984.25,24987.0,10385,71.55089212022924,6725.3,0.0003334074238718898,71.6546181106529,24888.0375,0.00042021851362705753,-18246.75
6749.75,6752.5,6748.5,6750.75,5284,24990.0,25003.75,24986.25,24997.75,10469,70.30363636255876,6726.9,-0.00014813168907157337,69.59009338832414,24894.6625,-0.0003000300030002734,-18240.25
6750.5,6753.25,6749.0,6749.75,4089,24995.0,25008.75,24985.5,24989.5,9734,70.71594049887506,6728.6375,0.00011111522648987737,70.20639371898557,24901.8125,0.0002000800320127727,-18244.5
6750.5,6752.5,6750.25,6750.5,2363,24998.75,25005.0,24994.25,24995.0,6330,70.71594049887507,6730.425,0.0,70.68623201613332,24909.7125,0.00015003000600111172,-18248.25
6751.75,6752.5,6750.25,6750.5,1979,25003.25,25006.0,24996.75,24999.0,4998,71.48129447773277,6732.4875,0.00018517146878016533,71.283904350873,24918.9625,0.0001800090004500099,-18251.5
6747.5,6751.0,6746.25,6750.75,3755,24987.0,25000.25,24977.5,24999.25,7327,65.23824294441656,6734.7625,-0.0006294664346280232,66.04705031781447,24929.0625,-0.0006499155109835897,-18239.5
6750.5,6754.0,6746.75,6747.25,5670,24997.0,25015.0,24984.0,24987.0,10168,67.4024858459855,6737.0875,0.0004446091144867381,67.62336187388543,24939.825,0.00040020810821617125,-18246.5
6753.25,6753.75,6749.5,6750.5,4577,25012.75,25014.5,24993.75,24997.0,8733,69.2899590704371,6739.6125,0.0004073772313162305,69.98678918511249,24951.2375,0.000630075609073133,-18259.5
6749.75,6753.25,6747.25,6753.0,9916,25000.5,25012.75,24980.0,25012.5,16833,64.19525156170334,6742.0375,-0.0005182689816014552,65.95411959732579,24962.4875,-0.000489750227384067,-18250.75
6750.5,6754.75,6749.5,6749.5,7958,25002.5,25026.25,24998.25,24999.75,16922,64.79264473592448,6744.375,0.00011111522648987737,66.2955813003205,24973.15,7.999840003192205e-05,-18252.0
6752.25,6753.25,6749.5,6750.75,4166,25013.0,25014.25,24996.0,25003.0,9842,66.20934416525671,6746.825,0.00025924005629218705,68.10423114309643,24983.875,0.00041995800419947216,-18260.75
6749.0,6753.0,6745.75,6752.5,7200,25000.25,25016.5,24987.5,25013.75,12294,61.277857276603804,6748.375,-0.0004813210411344082,63.63849438666315,24990.275,-0.0005097349378323512,-18251.25
6750.75,6751.75,6744.0,6749.25,9421,25000.25,25004.0,24973.0,25000.5,19380,62.88107801752106,6749.2,0.0002592976737294528,63.63849438666315,24993.95,0.0,-18249.5
6752.0,6752.75,6748.0,6751.0,11957,25009.25,25011.0,24983.25,25000.5,21783,64.0267754955984,6750.3125,0.00018516461133954998,65.49097392101585,24998.85,0.0003599964000360334,-18257.25
6752.0,6756.5,6748.5,6751.75,85103,24940.25,25010.75,24932.5,25009.25,156543,64.0267754955984,6750.5125,0.0,46.09987023319537,24996.525,-0.0027589791777042905,-18188.25
6746.0,6755.5,6744.25,6752.0,120558,24944.75,24975.0,24929.5,24940.5,186000,54.63853414359249,6750.4375,-0.0008886255924170916,47.19791552397002,24994.3125,0.00018043123064126476,-18198.75
6738.25,6747.75,6737.25,6746.0,87778,24946.0,24970.0,24929.75,24944.25,113337,45.38212436497926,6749.75,-0.0011488289356655912,47.517749850114996,24991.0,5.0110744745923697e-05,-18207.75
6734.25,6741.25,6731.25,6738.25,112216,24928.25,24955.0,24915.0,24945.75,115447,41.47651532812551,6748.8875,-0.0005936259414536238,43.48937225763503,24987.4875,-0.0007115369197466803,-18194.0
6714.25,6735.0,6702.0,6734.25,191461,24835.0,24930.5,24779.25,24928.75,228124,28.34251509512518,6747.1,-0.00296989271262571,29.391990300746713,24979.4125,-0.003740735912067583,-18120.75
6702.75,6716.0,6701.5,6714.0,111178,24790.75,24846.0,24784.0,24835.25,135685,23.696044950615416,6744.8125,-0.0017127750679525322,25.21500040076012,24969.6,-0.0017817596134487301,-18088.0
6716.0,6718.5,6702.75,6702.75,122749,24830.5,24842.5,24789.75,24790.5,117009,36.59392554413257,6743.075,0.0019768005669313915,34.253852506721245,24961.25,0.0016034206306787535,-18114.5
6716.0,6718.75,6713.0,6715.75,25435,24834.25,24856.25,24824.0,24830.75,29072,36.59392554413257,6741.3875,0.0,35.05138338742907,24953.4625,0.0001510239423290205,-18118.25
6719.75,6722.25,6716.5,6716.75,0,24853.0,24863.0,24839.5,24839.75,0,39.92692993865572,6739.85,0.0005583680762357712,39.03357897712983,24946.3625,0.0007550056877094757,-18133.25
6717.75,6720.0,6717.25,6719.75,3272,24840.75,24855.75,24840.0,24853.0,6082,38.75679411062865,6738.2125,-0.0002976301201681464,37.41933830544474,24938.4625,-0.0004928982416609884,-18123.0
6717.5,6719.0,6711.75,6717.75,9431,24837.5,24847.0,24810.75,24841.0,17230,38.60449305639773,6736.5,-3.721484127872099e-05,36.982363367837614,24930.175,-0.00013083340881414607,-18120.0
6714.75,6718.25,6712.75,6717.75,7903,24822.75,24839.25,24817.25,24837.25,10123,36.887337114461985,6734.8625,-0.0004093784890212282,34.98552825832847,24921.9625,-0.0005938600905888158,-18108.0
6717.5,6718.0,6713.25,6714.5,3250,24835.25,24837.5,24817.5,24823.25,6377,39.77237996800708,6733.2125,0.0004095461484046048,38.03883069111312,24913.875,0.000503570313522772,-18117.75
6718.0,6718.75,6716.75,6717.25,2395,24835.75,24842.0,24832.75,24835.0,4975,40.30667791676947,6731.45,7.443245254923347e-05,38.16392753640627,24905.025,2.013267432388055e-05,-18117.75
6720.75,6721.0,6718.0,6719.0,2719,24851.25,24852.25,24837.75,24841.5,5239,43.28670400282271,6730.0,0.00040934802024406025,42.06862143023222,24897.5625,0.0006241003392286615,-18130.5
6722.5,6722.75,6719.5,6720.5,3355,24861.0,24861.25,24846.0,24851.5,6919,45.16281908672453,6728.6,0.0002603876055500276,44.445053636062646,24890.4875,0.00039233438961816525,-18138.5
6725.0,6728.0,6722.0,6722.75,6726,24881.75,24893.5,24859.5,24861.25,14360,47.81851104137017,6727.2375,0.00037188545927846484,49.21933609356809,24883.925,0.0008346406017456509,-18156.75
6726.5,6726.75,6715.5,6725.5,11018,24898.5,24898.5,24846.25,24881.75,22788,49.40184735439031,6726.1125,0.00022304832713748723,52.74933594233928,24878.8375,0.0006731841610818634,-18172.0
6724.25,6727.75,6722.25,6726.5,7443,24895.75,24906.25,24884.0,24898.5,16780,47.09353822885586,6724.7875,-0.000334497881513407,52.10887802264216,24873.6125,-0.00011044842058760551,-18171.5
6725.75,6727.5,6723.75,6724.25,5656,24905.5,24910.75,24894.5,24896.0,9927,48.81074660693998,6723.475,0.00022307320519021623,54.23067915587765,24868.425,0.0003916331100690673,-18179.75
6725.75,6727.0,6721.75,6725.75,6041,24904.5,24913.25,24883.5,24906.0,12658,48.81074660693998,6722.1625,0.0,53.96658749375194,24866.6375,-4.015177370464418e-05,-18178.75
6725.75,6728.5,6722.5,6725.5,8556,24889.0,24912.75,24876.0,24904.0,16121,48.81074660693998,6721.15,0.0,49.90954428977811,24863.85,-0.000622377481981129,-18163.25
6726.5,6727.5,6723.5,6725.5,10407,24882.0,24896.5,24869.25,24889.0,22707,49.827702973824685,6720.5625,0.00011151172731671544,48.14909378800216,24860.65,-0.0002812487444252554,-18155.5
6712.5,6728.5,6706.0,6726.5,130167,24820.5,24899.25,24785.0,24882.0,183227,35.60725039114041,6719.475,-0.002081320151639088,36.1009403927591,24855.2625,-0.0024716662647696896,-18108.0
6711.25,6719.25,6708.5,6712.5,143416,24794.0,24841.0,24790.25,24821.25,184204,34.656228506723735,6719.325,-0.00018621973929233704,32.34518382192938,24853.2125,-0.0010676658407364759,-18082.75
6685.5,6713.5,6683.75,6711.25,149733,24679.75,24809.75,24676.75,24794.0,193464,21.76186167159871,6718.4625,-0.003836841124976731,21.810204678171303,24847.6625,-0.00460796967008148,-17994.25
6687.0,6693.0,6678.0,6685.75,144751,24685.0,24706.25,24628.0,24679.75,183462,23.546357806617763,6717.0125,0.0002243661655823015,23.050479008418634,24840.3875,0.00021272500734403899,-17998.0
6687.5,6700.0,6685.25,6687.25,96354,24709.75,24755.0,24682.75,24685.25,126549,24.167251614539012,6715.5875,7.477194556604339e-05,28.785520529212533,24834.1625,0.0010026331780432773,-18022.25
6693.0,6693.5,6681.25,6687.25,82603,24739.5,24741.5,24682.0,24709.5,93248,30.822459625336805,6714.25,0.0008224299065420215,35.05159544774082,24828.4875,0.0012039781867481114,-18046.5
6692.5,6695.75,6687.0,6693.25,83559,24739.75,24749.25,24700.75,24739.25,92979,30.55988751940818,6712.9875,-7.470491558347891e-05,35.10327131883807,24823.4375,1.0105297196805196e-05,-18047.25
6697.0,6699.75,6692.0,6692.0,24097,24747.75,24754.75,24738.5,24739.75,23380,35.85608253139344,6711.9625,0.0006723944714233099,36.8351965137701,24818.95,0.0003233662425852213,-18050.75
6697.0,6698.25,6694.5,6697.0,0,24750.25,24754.25,24739.25,24747.0,0,35.85608253139344,6711.075,0.0,37.39745115039464,24815.325,0.00010101928458139398,-18053.25
6698.5,6698.75,6694.5,6697.0,3434,24755.75,24757.25,24739.75,24749.75,7103,37.69320075833921,6710.125,0.00022398088696440333,38.6904361514535,24811.35,0.00022221997757587708,-18057.25
6702.5,6703.0,6697.25,6698.25,7116,24776.0,24779.0,24752.5,24756.25,13722,42.42845121397876,6709.35,0.0005971486153617533,43.33123002163574,24808.3625,0.0008179917796875547,-18073.5
6703.25,6705.25,6701.25,6702.25,4660,24783.5,24792.5,24772.5,24775.0,9007,43.298587630826304,6708.475,0.00011189854531901133,44.99200497746782,24804.975,0.00030271230222789214,-18080.25
6704.5,6705.0,6702.0,6703.5,2839,24789.5,24791.0,24776.5,24784.0,5287,44.79614098151939,6707.575,0.00018647670905913571,46.346689579706286,24801.4,0.0002420965561764632,-18085.0
6704.5,6704.75,6703.0,6704.5,2124,24785.25,24789.75,24780.5,24789.25,3721,44.79614098151939,6706.55,0.0,45.49207463164134,24796.575,-0.0001714435547308657,-18080.75
6700.0,6704.0,6698.75,6704.0,3694,24760.5,24782.5,24754.5,24781.75,8246,40.34704267890142,6705.225,-0.0006711909911253366,40.77651902171828,24789.675,-0.0009985777831573728,-18060.5
6698.25,6700.5,6695.75,6699.75,4410,24753.0,24763.25,24737.75,24760.75,11703,38.73582425684238,6703.925,-0.0002611940298506976,39.442291158316905,24782.5375,-0.0003029017992366434,-18054.75
6691.5,6699.5,6690.0,6698.25,7452,24727.75,24758.75,24719.25,24752.75,15173,33.22454779270002,6702.2125,-0.0010077258985555781,35.25937405268668,24773.65,-0.0010200783743384845,-18036.25
6693.0,6696.0,6683.75,6691.75,12910,24737.0,24748.5,24694.5,24728.25,26288,35.423354467840014,6700.575,0.0002241649854293204,37.85928460003336,24765.275,0.00037407366218111804,-18044.0
6690.0,6697.25,6687.5,6693.25,7920,24729.0,24762.25,24718.25,24737.25,18114,33.07741677427805,6698.7875,-0.00044822949350065144,36.494264444445776,24757.275,-0.0003234021910498708,-18039.0
6687.75,6692.5,6684.5,6690.0,8240,24706.25,24737.5,24688.5,24729.25,18496,31.39794041083279,6696.85,-0.00033632286995510796,32.865317712796255,24748.4875,-0.0009199725019207738,-18018.5
6682.75,6689.75,6679.25,6688.0,12638,24688.75,24714.5,24670.0,24706.25,22548,27.996113406369645,6695.3625,-0.000747635602407426,30.364066865096703,24741.9,-0.0007083227928156299,-18006.0
6664.5,6683.0,6662.5,6682.75,30851,24594.75,24691.5,24586.75,24688.75,56438,19.634251905940104,6693.025,-0.0027309116755827034,21.082578446752578,24731.9375,-0.003807402156852824,-17930.25
6658.75,6673.0,6653.25,6664.25,51270,24569.0,24630.75,24545.75,24594.25,72762,17.82754982778428,6691.6875,-0.0008627804036311915,19.338689623104244,24726.4,-0.0010469714064993418,-17910.25
6636.75,6662.75,6631.25,6658.5,228445,24453.0,24587.0,24422.0,24567.75,277528,12.926471053238998,6689.175,-0.0033039234090482816,13.800613674907979,24714.8,-0.00472139688225004,-17816.25
6668.75,6672.5,6635.75,6636.75,214497,24634.5,24656.75,24444.5,24452.5,298634,39.13656021489057,6688.2375,0.0048216370964704325,41.857038819873814,24711.0375,0.007422402159244168,-17965.75
6670.25,6675.0,6652.25,6669.0,154737,24677.25,24697.0,24583.75,24634.75,221573,40.047553604894745,6687.1,0.00022492970946585977,46.291259480504095,24707.925,0.0017353711258600857,-18007.0
6659.25,6673.0,6656.5,6670.0,100715,24625.0,24691.75,24613.0,24677.25,148557,35.81406444070517,6685.4375,-0.001649113601439267,42.068361309302105,24702.1875,-0.002117334792166914,-17965.75
6636.5,6664.25,6635.5,6659.0,126438,24517.25,24645.75,24511.5,24624.75,167045,28.98871584171451,6682.4125,-0.00341630063445586,34.98134023738443,24690.6625,-0.004375634517766458,-17880.75
6659.75,6662.5,6624.25,6636.5,164981,24628.25,24640.25,24453.5,24517.5,218186,41.30075485054581,6680.55,0.003503352670835458,45.219551676285,24684.5625,0.00452742456841615,-17968.5
6660.0,6663.75,6651.5,6659.75,102824,24631.75,24646.25,24592.75,24627.75,136268,41.41837068594478,6678.625,3.753894665714519e-05,45.510908635592195,24678.3625,0.00014211322363544276,-17971.75
6662.0,6666.5,6657.75,6660.75,24519,24635.25,24648.75,24610.5,24632.0,32514,42.41248491626016,6676.6,0.00030030030030037125,45.82123139417105,24671.325,0.00014209303033685394,-17973.25
6662.25,6668.5,6660.25,6663.75,0,24636.75,24665.75,24626.25,24640.0,0,42.54373721388466,6674.55,3.7526268387821915e-05,45.963268244622206,24663.9875,6.088836118967045e-05,-17974.5
6658.75,6663.75,6658.75,6662.75,8819,24616.75,24641.5,24615.5,24637.25,12629,41.130373466150566,6672.2625,-0.0005253480430785773,44.29579888521297,24655.35,-0.0008117953869727357,-17958.0
6661.75,6662.75,6657.0,6658.75,7480,24626.25,24633.0,24605.5,24616.75,17751,42.88195179214739,6670.125,0.0004505350103247707,45.31070892146024,24647.4,0.00038591609371674274,-17964.5
6658.0,6662.0,6656.0,6662.0,7957,24597.75,24625.5,24593.25,24625.0,15724,41.230552358526346,6668.025,-0.0005629151499230156,42.79183491586934,24639.2625,-0.0011573016598142027,-17939.75
6659.75,6664.0,6657.5,6658.25,5203,24604.5,24623.25,24594.5,24597.75,9915,42.3463762622662,6666.1,0.00026284169420254244,43.591655428755416,24631.8375,0.0002744153428666518,-17944.75
6657.75,6660.25,6654.0,6659.75,5872,24593.75,24606.5,24579.5,24604.25,11834,41.37942380531297,6664.4125,-0.00030031157325727253,42.570865504622006,24625.1375,-0.00043691194700157254,-17936.0
6653.75,6661.25,6653.25,6658.0,7182,24581.0,24614.25,24579.0,24593.75,14133,39.43971168414262,6662.45,-0.0006008035747813167,41.33454083808875,24617.3375,-0.0005184243964422297,-17927.25
6661.0,6661.5,6653.0,6653.75,5869,24615.75,24618.0,24577.75,24581.0,11229,44.516396474349925,6661.0,0.0010896111215479287,45.942467710280276,24611.675,0.0014136935031121567,-17954.75
6668.75,6673.5,6660.0,6661.0,12407,24649.25,24671.5,24611.25,24615.75,24264,49.399495085648084,6660.05,0.0011634889656206848,50.01823495020253,24608.825,0.0013609172988837681,-17980.5
6670.5,6674.5,6664.5,6668.75,12323,24646.5,24671.25,24629.5,24649.5,24520,50.45974943666712,6659.4375,0.00026241799437665136,49.68705125181165,24606.7125,-0.00011156526060629446,-17976.0
6660.0,6673.0,6660.0,6670.25,9754,24585.5,24659.25,24584.75,24647.5,22654,44.44260234793288,6659.2125,-0.0015740948954351408,42.90136838571923,24606.25,-0.002474996449800204,-17925.5
6664.5,6665.75,6656.75,6660.25,11686,24616.25,24619.75,24568.25,24585.25,24108,47.340798058625516,6659.5,0.0006756756756756133,46.842448574410405,24608.6125,0.0012507372231600478,-17951.75
6659.5,6666.75,6657.25,6664.75,8684,24599.0,24628.0,24584.0,24616.5,18175,44.55937482893364,6660.6375,-0.0007502438292444902,44.967385541724404,24615.9125,-0.0007007566140252441,-17939.5
6666.0,6669.0,6657.0,6659.25,12931,24639.0,24654.0,24590.0,24599.0,28281,48.77302296455571,6660.5,0.00097604925294692,49.96858990699374,24616.1375,0.0016260823610716457,-17973.0
6681.5,6690.5,6664.25,6666.0,43897,24694.0,24747.25,24628.0,24639.0,79033,57.13865837998747,6661.0625,0.0023252325232523408,55.90267877345259,24616.975,0.002232233451032961,-18012.5
6696.75,6698.25,6667.5,6681.5,158534,24706.5,24716.0,24596.75,24694.25,225931,63.46102150406928,6662.9375,0.002282421611913499,57.14669941529783,24621.05,0.0005061958370453645,-18009.75
6663.0,6703.0,6657.25,6696.5,271479,24565.5,24733.25,24520.0,24706.25,386924,46.95382647544059,6664.2625,-0.0050397580916116125,42.56115694215518,24623.4625,-0.005707000182138322,-17902.5
6665.25,6679.5,6658.75,6662.75,142251,24580.75,24637.0,24545.5,24565.5,182694,47.926300656044965,6664.5375,0.00033768572714998335,44.2194068304137,24621.0875,0.0006207893183529656,-17915.5
6692.25,6694.0,6663.25,6665.5,111848,24691.0,24699.75,24568.25,24581.25,146799,57.90029281661692,6666.15,0.004050860807921719,54.45625900388251,24624.05,0.004485217090609561,-17998.75
6692.25,6696.75,6686.25,6692.25,64427,24692.0,24716.75,24665.0,24691.0,87886,57.90029281661691,6667.6625,0.0,54.53775574823177,24626.8875,4.050058725857397e-05,-17999.75
6698.0,6700.5,6687.25,6692.25,65562,24725.75,24737.0,24671.5,24692.0,91927,59.80193660553161,6669.45,0.0008592028092195836,57.31398683736798,24631.3375,0.0013668394621739743,-18027.75
6696.25,6699.0,6689.75,6698.0,73121,24725.75,24737.5,24699.5,24725.5,84677,58.92949236212721,6671.325,-0.00026127202149894835,57.31398683736798,24636.7875,0.0,-18029.5
6696.5,6703.0,6695.25,6696.25,21870,24726.75,24746.5,24722.5,24725.5,24547,59.02146644994551,6673.0625,3.733432891550592e-05,57.40337407821132,24641.8125,4.0443667027378893e-05,-18030.25
6702.75,6705.75,6699.75,6701.25,8227,24756.0,24769.75,24740.25,24743.5,12590,61.351654736121844,6675.3,0.0009333233778838768,60.03930215232841,24649.725,0.001182929418544587,-18053.25
6705.5,6707.75,6702.25,6702.75,7962,24772.25,24778.0,24754.5,24755.75,14663,62.36569650622109,6677.5875,0.0004102793629481294,61.46594494722703,24658.1125,0.0006564065277103737,-18066.75
6711.0,6713.5,6704.0,6705.75,9299,24792.75,24807.0,24764.5,24772.25,17100,64.37872130350553,6680.25,0.0008202222056521435,63.24849796609844,24668.0625,0.0008275388791894045,-18081.75
6711.25,6713.25,6707.0,6711.0,8932,24793.25,24805.0,24774.5,24792.75,18193,64.47174660838509,6683.125,3.7252272388599295e-05,63.293099139850284,24678.675,2.0167185971642354e-05,-18082.0
6714.5,6714.75,6709.75,6711.25,4629,24813.25,24814.25,24786.0,24792.75,10836,65.72488365734235,6685.8,0.0004842615012106144,65.11671454065441,24688.55,0.0008066711705807528,-18098.75
6715.75,6716.75,6713.5,6714.25,3790,24815.0,24818.0,24804.75,24813.0,7699,66.21841649152286,6688.15,0.0001861642713529843,65.2792571685487,24696.8375,7.052683546082683e-05,-18099.25
6717.25,6719.0,6715.25,6716.0,3543,24827.75,24834.75,24812.75,24814.75,8884,66.83554541632353,6690.4875,0.00022335554480146236,66.50387691555662,24705.9,0.000513802135804875,-18110.5
6717.0,6720.0,6716.25,6717.5,3584,24825.75,24837.75,24821.25,24828.25,8265,66.61711397773638,6693.3375,-3.7217611373652204e-05,66.1099789270298,24717.9125,-8.05550241161912e-05,-18108.75
6722.0,6724.75,6715.0,6717.0,8178,24844.5,24855.25,24812.5,24826.0,17896,68.81246220404496,6696.2125,0.0007443799315169919,68.02221346599431,24729.325,0.00075526419141414,-18122.5
6724.0,6726.75,6717.0,6722.5,9784,24853.5,24864.0,24823.25,24844.5,22352,69.6716209438994,6699.4375,0.0002975304968759751,68.92848364221595,24742.05,0.00036225321499738783,-18129.5
6731.0,6731.5,6723.25,6723.75,8855,24893.5,24894.75,24851.5,24853.0,20321,72.52454341056519,6702.6875,0.0010410469958357371,72.63982066671961,24754.775,0.0016094312672259026,-18162.5
6729.0,6733.75,6728.75,6731.25,8468,24871.5,24899.0,24871.5,24894.25,15457,70.48444693756342,6705.0625,-0.00029713266973707686,67.84024620148918,24763.65,-0.0008837648382107322,-18142.5
6733.0,6736.25,6727.75,6729.0,8755,24888.75,24901.75,24865.5,24872.0,16198,72.17055324662249,6706.875,0.0005944419676029433,69.53971440583027,24772.7625,0.0006935649237078678,-18155.75
6728.25,6734.0,6723.5,6733.25,15754,24877.0,24893.25,24854.0,24889.5,26835,67.25706163088657,6710.1375,-0.0007054804693301664,66.94464129442338,24788.3375,-0.00047210084877702396,-18148.75
6733.25,6734.5,6725.5,6728.25,17196,24900.0,24909.5,24863.25,24876.75,27134,69.60302701892343,6713.5375,0.0007431352877791397,69.35535657235513,24804.3,0.0009245487799975916,-18166.75
6723.75,6735.75,6715.75,6733.25,136943,24941.25,24954.75,24845.75,24899.5,184377,60.7036958706954,6715.1125,-0.0014109085508483554,73.13897572711737,24816.8125,0.0016566265060240504,-18217.5
6723.25,6731.0,6718.25,6724.0,145282,24929.25,24975.0,24917.25,24941.75,188968,60.2669392889029,6716.6625,-7.43632645473502e-05,70.41526103682826,24828.675,-0.0004811306570440266,-18206.0
6711.0,6725.25,6706.25,6723.25,145558,24849.0,24943.25,24830.75,24929.0,207336,50.65153212124747,6717.3125,-0.001822035473915129,55.52371647345437,24834.8375,-0.0032191100815307516,-18138.0
6708.5,6716.0,6706.25,6711.0,82496,24834.5,24867.75,24821.25,24849.0,122394,48.93559251750359,6717.925,-0.00037252272388610397,53.329166900319166,24840.275,-0.0005835244879069945,-18126.0
6707.25,6709.0,6699.25,6708.5,83762,24845.25,24849.25,24800.0,24834.75,94543,48.05891858512696,6718.4625,-0.00018633077439067502,54.75689152192474,24846.2,0.000432865570073826,-18138.0
6711.75,6714.0,6707.0,6707.5,56693,24842.5,24869.25,24834.0,24845.0,69824,51.43217301139693,6718.9125,0.0006709158000670623,54.29927484980929,24850.525,-0.00011068514102297033,-18130.75
6714.5,6716.0,6696.5,6711.5,138039,24838.0,24848.5,24780.5,24842.75,132011,53.42291633301254,6719.3625,0.00040972920624282594,53.51119145498743,24853.8125,-0.00018114118949386082,-18123.5
6708.5,6716.0,6706.75,6714.5,23631,24811.5,24846.5,24805.0,24838.5,24505,48.729769010762325,6719.2375,-0.0008935885024945467,49.00094145810564,24854.75,-0.0010669136001287827,-18103.0
6713.5,6714.0,6707.25,6708.25,0,24834.75,24837.5,24807.75,24812.0,0,52.47646751720003,6719.35,0.0007453230975627001,52.762795561564424,24856.825,0.0009370654736715611,-18121.25
6711.25,6715.0,6711.0,6713.5,4116,24824.0,24842.0,24821.75,24834.25,8839,50.681605630890814,6719.1875,-0.0003351456021449817,50.89352356640262,24857.3625,-0.00043286121261543187,-18112.75
6714.25,6715.5,6707.0,6711.25,8330,24837.0,24840.75,24805.5,24823.5,14933,52.99035522630803,6719.1125,0.0004470106165022081,53.059301005828125,24858.4625,0.0005236867547535606,-18122.75
6709.75,6714.5,6707.5,6714.5,6223,24819.75,24837.5,24810.5,24837.0,11189,49.26488322838836,6718.7375,-0.0006702163309378895,49.913552739338854,24858.0625,-0.0006945283246768685,-18110.0
6714.75,6715.75,6709.0,6709.75,4471,24849.25,24853.25,24817.0,24820.0,9253,53.2017963369749,6718.625,0.0007451842468049197,54.84409404443476,24859.2375,0.0011885695867202006,-18134.5
6713.5,6717.25,6712.5,6715.0,4889,24842.5,24856.75,24839.0,24849.0,9943,52.113070523457836,6718.2,-0.00018615734018390118,53.545236108470526,24859.1375,-0.00027163797700135994,-18129.0
6708.75,6713.75,6708.75,6713.5,4317,24823.0,24844.25,24822.75,24843.25,7281,48.08608623910746,6717.4375,-0.0007075296045281343,49.870776816497646,24857.6125,-0.0007849451544731378,-18114.25
6711.75,6713.0,6707.5,6708.75,4336,24836.0,24840.75,24815.25,24823.0,9234,50.67837273393163,6716.475,0.00044717719396314415,52.224582037828846,24854.7375,0.0005237078515891724,-18124.25
6705.75,6715.75,6705.25,6712.0,6529,24811.75,24856.0,24809.75,24836.5,13712,45.757151536220746,6715.3125,-0.0008939546318024183,47.7230455710622,24851.75,-0.000976405218231613,-18106.0
6702.75,6707.25,6694.25,6706.0,16653,24790.5,24818.25,24754.25,24812.25,39821,43.48347263191798,6713.8,-0.00044737725086674285,44.133143994698415,24846.8375,-0.0008564490614325626,-18087.75
6702.75,6705.25,6695.75,6702.25,12059,24801.25,24811.75,24762.75,24790.25,26491,43.48347263191798,6712.525,0.0,46.33252157581577,24843.05,0.00043363385167705104,-18098.5
6701.25,6705.5,6699.5,6702.75,8156,24795.0,24820.75,24786.75,24800.75,21468,42.26561447386054,6710.925,-0.00022378874342621202,45.21793821595639,24837.8,-0.0002520034272466276,-18093.75
6703.25,6704.5,6695.75,6701.0,9831,24808.0,24815.5,24774.25,24794.5,21039,44.49768052767707,6709.9,0.0002984517813839904,48.01897906056184,24831.1375,0.0005242992538818658,-18104.75
6701.5,6704.75,6698.75,6703.25,9136,24803.5,24817.25,24789.5,24807.75,18880,42.933588089579565,6708.8125,-0.00026106739268261236,47.1208311672071,24824.85,-0.00018139309900033762,-18102.0
6708.25,6710.5,6698.25,6701.5,17566,24833.5,24845.0,24788.5,24803.75,30368,50.20415910579275,6708.675,0.0010072371857046125,53.38106690991404,24824.075,0.0012095067228414802,-18125.25
6707.75,6710.0,6696.75,6708.25,108196,24786.75,24837.0,24722.5,24833.0,212974,49.699047975530966,6708.6375,-7.453508739241332e-05,44.533260620162665,24821.6875,-0.0018825377010892597,-18079.0
6709.5,6713.0,6693.75,6707.75,174986,24842.5,24854.5,24746.25,24787.75,254862,51.53690252255625,6708.75,0.0002608922515001666,54.26785514346075,24821.55,0.0022491855527650984,-18133.0
6707.25,6713.75,6692.75,6709.5,135812,24810.75,24864.0,24755.5,24842.5,206018,49.05520318938145,6708.525,-0.0003353454057679617,48.99418119796163,24819.9625,-0.0012780517258730306,-18103.5
6705.0,6718.0,6703.0,6707.25,91172,24783.5,24843.75,24771.75,24810.5,108855,46.63671756504548,6708.05,-0.00033545790003353115,44.956171157144134,24817.2375,-0.00109831423878759,-18078.5
6702.0,6707.75,6694.25,6705.0,97176,24769.0,24797.75,24731.25,24783.0,120486,43.55349508796903,6707.725,-0.0004474272930649059,42.92869054093297,24815.1125,-0.0005850666774265267,-18067.0
6721.0,6723.25,6700.75,6701.75,97242,24837.75,24851.75,24762.0,24768.5,109798,61.09590442341895,6708.1,0.0028349746344373816,53.61113263512076,24815.2625,0.0027756469780775284,-18116.75
6737.0,6743.75,6720.25,6721.25,162326,24896.75,24913.75,24821.5,24838.0,157254,69.64981325452176,6709.3875,0.00238059812527891,60.45240365276749,24818.9,0.0023754164527785004,-18159.75
6724.5,6738.75,6722.0,6738.5,41599,24838.5,24901.25,24834.5,24899.5,40211,58.77679941021402,6709.9,-0.0018554252634703783,52.25821107135118,24818.975,-0.0023396628073945047,-18114.0
6724.0,6733.25,6720.75,6725.0,0,24835.5,24877.0,24818.5,24844.5,0,58.38418172594259,6710.6125,-7.435497062979746e-05,51.86826520209728,24819.7625,-0.00012078024035266921,-18111.5
6723.5,6726.75,6720.25,6724.0,7364,24830.25,24848.25,24820.75,24835.0,14863,57.967186742166504,6711.05,-7.436049970255265e-05,51.14896633043912,24818.8125,-0.0002113909524672497,-18106.75
6714.75,6724.75,6713.5,6723.5,12733,24794.25,24837.0,24786.25,24830.75,25073,51.090230973906394,6711.1125,-0.0013014055179594308,46.39747557276239,24816.4,-0.0014498444437732738,-18079.5
6714.5,6717.0,6711.75,6714.75,8157,24804.0,24810.75,24783.5,24794.25,15752,50.90441369926517,6711.4,-3.723146803680244e-05,47.811492798576275,24815.45,0.00039323633503740574,-18089.5
6710.75,6715.25,6710.0,6714.5,8645,24787.0,24805.5,24782.0,24804.0,13505,48.0796295034276,6711.35,-0.000558492814059175,45.55499730231611,24813.0,-0.0006853733268827877,-18076.25
6708.25,6711.25,6706.0,6711.0,6102,24771.0,24788.5,24762.75,24787.25,12867,46.23751042050288,6711.475,-0.00037253660172109626,43.47529830431783,24810.9625,-0.0006454996570782745,-18062.75
6708.5,6710.75,6707.5,6709.25,4801,24773.75,24782.5,24769.5,24777.75,8414,46.45842907114567,6711.7625,3.726754369615115e-05,43.94893540888933,24810.125,0.00011101691494075361,-18065.25
6704.5,6709.75,6704.0,6708.75,5304,24761.0,24779.75,24758.0,24774.25,10270,43.38649267061794,6711.85,-0.0005962584780502267,42.18404464350599,24808.1125,-0.0005146576517482959,-18056.5
6683.5,6707.0,6680.0,6704.5,21615,24653.0,24769.75,24633.75,24762.0,41382,31.58033816668876,6710.9625,-0.003132224625251645,30.874070408519827,24801.0125,-0.004361697831266942,-17969.5
6687.5,6691.0,6680.5,6683.25,18501,24672.0,24689.25,24636.75,24652.25,40244,35.197524611233106,6710.175,0.0005984888157402057,34.21564051406348,24794.2125,0.0007706972782217658,-17984.5
6696.25,6698.75,6684.0,6687.5,14265,24720.25,24732.25,24653.0,24671.5,34041,42.37444072035395,6709.9125,0.0013084112149532867,41.89697592068004,24790.05,0.001955658236057145,-18024.0
6702.0,6705.75,6695.25,6696.0,12164,24746.0,24766.75,24713.5,24719.75,26036,46.562715169672096,6709.6,0.0008586895650550819,45.55097777083222,24785.675,0.0010416561321184847,-18044.0
6699.25,6705.5,6697.75,6702.0,10658,24732.25,24764.0,24721.0,24746.0,21396,44.882568431316145,6709.175,-0.00041032527603701574,43.96115303708063,24782.95,-0.0005556453568253961,-18033.0
6714.5,6715.5,6699.25,6699.5,16915,24798.75,24803.5,24731.0,24732.5,31657,54.654213582296094,6709.425,0.0022763742209948035,52.58113455693412,24780.7625,0.002688797016041855,-18084.25
6710.5,6715.5,6702.0,6714.25,31254,24776.75,24805.5,24746.0,24798.5,57387,52.04772802087441,6709.5875,-0.0005957256683297718,49.849255079211396,24779.0625,-0.0008871414889863871,-18066.25
6714.0,6729.0,6705.25,6710.5,152408,24782.75,24841.5,24726.0,24777.25,218132,54.10998421787764,6710.0375,0.0005215706728260994,50.60303591901258,24779.025,0.00024216251122521903,-18068.75
6733.0,6735.75,6706.0,6713.25,145170,24897.5,24912.0,24755.0,24777.75,206514,63.32971014750985,6711.5875,0.0028299076556448366,62.279909102384835,24785.45,0.004630236757422024,-18164.5
6744.75,6747.0,6732.25,6733.0,94148,24931.25,24938.5,24876.0,24897.0,136024,67.6572906118708,6712.775,0.0017451358978166631,64.90743601034603,24790.125,0.0013555577869264201,-18186.5
6744.0,6746.75,6739.0,6745.0,62121,24955.0,24958.0,24929.0,24931.25,81129,67.11285738966035,6713.125,-0.00011119759813182917,66.66707042222461,24793.0375,0.0009526197041864748,-18211.0
6754.75,6756.5,6743.0,6744.0,69974,24983.25,24990.0,24952.0,24955.0,93335,70.74648158210351,6714.6375,0.0015940094899169477,68.67886815904512,24800.275,0.0011320376678021216,-18228.5
6766.75,6769.0,6754.25,6754.75,73823,25024.0,25037.0,24977.5,24983.0,98720,74.17643017151559,6716.775,0.0017765276287056153,71.363725370068,24809.7,0.0016310928321976448,-18257.25
6760.75,6769.25,6760.5,6766.75,90864,25011.5,25035.25,25002.5,25024.0,100848,69.77146925760069,6718.6375,-0.0008866885875790098,69.39855038150802,24818.7625,-0.0004995204603580605,-18250.75
6756.75,6761.25,6755.0,6760.75,32345,25009.0,25014.0,24992.75,25011.5,34847,66.91838242504255,6720.7375,-0.0005916503346522495,68.98936459568316,24829.5,-9.995402115026142e-05,-18252.25
6758.25,6760.75,6755.0,6757.25,0,25012.25,25020.75,25001.0,25009.5,0,67.45581802596391,6722.925,0.00022200022200014047,69.2432505125354,24839.9125,0.00012995321684194927,-18254.0
6759.5,6761.5,6756.0,6758.25,7293,25022.5,25028.0,25003.75,25012.0,11695,67.9234782157749,6725.3625,0.00018495912403349024,70.07536297259037,24851.6875,0.00040979919839267964,-18263.0
6767.75,6769.0,6758.75,6759.75,10716,25060.25,25063.75,25019.25,25021.75,19571,70.8960825752539,6728.3375,0.0012205044751831817,72.97524981728354,24866.15,0.0015086422220000895,-18292.5
6771.25,6771.75,6765.0,6767.75,9667,25073.25,25076.75,25046.5,25060.5,16242,72.07828203379131,6731.475,0.0005171585829855108,73.91279205033003,24881.125,0.0005187498129508583,-18302.0
6766.5,6771.5,6765.25,6771.25,5817,25057.5,25075.5,25051.5,25073.25,10427,68.03897103320017,6734.575,-0.0007014952925973317,70.71209375750087,24895.95,-0.0006281594926864642,-18291.0
6767.5,6768.0,6763.5,6766.75,5221,25063.0,25067.75,25043.25,25058.25,10489,68.43995914391738,6738.775,0.0001477868913026814,71.18140903066092,24916.45,0.0002194951611294016,-18295.5
6769.0,6771.0,6764.5,6770.0,5155,25067.5,25074.75,25051.5,25070.25,8362,69.066876737453,6742.85,0.0002216475803471507,71.58264013850538,24936.225,0.0001795475401986657,-18298.5
6768.5,6771.5,6767.5,6768.75,3897,25069.0,25076.5,25061.25,25066.75,6923,68.57786387447072,6746.4625,-7.386615452797951e-05,71.7239602159097,24953.6625,5.983843622225926e-05,-18300.5
6765.75,6770.25,6764.25,6768.5,6606,25062.75,25076.5,25055.25,25069.0,11664,65.81766539690477,6749.65,-0.0004062938612691136,70.15838772544018,24969.5,-0.0002493118991583332,-18297.0
6767.75,6770.5,6763.75,6765.75,10692,25076.75,25087.75,25053.75,25062.25,22513,66.8622913683255,6753.075,0.0002956065476851233,71.65110564923862,24986.725,0.0005585979192228585,-18309.0
6774.0,6774.25,6767.75,6768.0,11069,25113.75,25114.25,25073.5,25076.75,22629,69.95259255789333,6756.05,0.0009234974696168408,75.18410657588463,25002.475,0.0014754703061601315,-18339.75
6770.5,6774.5,6765.5,6773.75,8547,25095.75,25116.25,25075.75,25113.5,19911,66.22788702803953,6759.05,-0.0005166814289931931,70.57602374608355,25018.425,-0.0007167388382858242,-18325.25
6772.25,6775.25,6770.0,6770.25,8377,25111.0,25124.0,25093.25,25095.0,17159,67.16917943229691,6761.9625,0.00025847426334824064,72.13430598092432,25034.8375,0.0006076726138888322,-18338.75
6777.5,6778.25,6771.75,6772.25,11665,25148.75,25151.25,25107.5,25111.25,22034,69.88129707429006,6764.1875,0.0007752224150023856,75.58170733893813,25047.4,0.001503325235952424,-18371.25
6779.25,6781.0,6776.0,6777.5,13751,25162.0,25164.0,25143.25,25149.25,22306,70.74872813485548,6765.9125,0.00025820730357795085,76.672575778979,25058.9375,0.0005268651523435697,-18382.75
6768.5,6782.25,6761.5,6779.25,145700,25063.5,25180.0,25014.25,25162.0,239352,59.42645501004148,6767.1375,-0.0015857211343437427,56.47434531060321,25064.3625,-0.003914633177012905,-18295.0
6749.75,6769.5,6749.5,6768.5,164079,25022.0,25091.75,25018.75,25063.5,257133,45.69148405129085,6766.8875,-0.0027701854177439866,50.44477940291545,25066.3,-0.0016557942825223826,-18272.25
6757.75,6758.5,6741.5,6750.0,146568,25077.75,25082.25,24993.75,25021.0,192125,50.90530254214609,6766.4375,0.001185229082558692,57.07498182572349,25068.9875,0.002228039325393727,-18320.0
6758.5,6760.25,6749.25,6757.5,78443,25077.25,25080.25,25033.25,25077.5,101309,51.37659372213814,6766.325,0.00011098368539830261,57.00132175757471,25072.275,-1.9937992842278263e-05,-18318.75
6763.0,6764.75,6753.25,6758.25,56583,25085.75,25107.5,25059.25,25077.5,83136,54.21647315557742,6766.6375,0.0006658282163201079,57.993827550250465,25076.1125,0.00033895263635375095,-18322.75
6767.75,6771.5,6762.5,6762.75,57153,25111.75,25117.0,25076.25,25085.75,63338,57.066916313729955,6767.1125,0.000702351027650483,60.9620983236496,25081.0875,0.0010364449936717257,-18344.0
6766.25,6770.5,6762.5,6767.75,82636,25108.25,25126.75,25091.5,25111.75,87527,55.883682720022556,6767.45,-0.00022163939270802846,60.34393475021883,25085.375,-0.00013937698487764827,-18342.0
6765.0,6769.25,6763.75,6766.75,19708,25105.5,25125.5,25099.5,25109.25,24394,54.86281929449711,6767.3125,-0.0001847404396821961,59.83058180079126,25087.6375,-0.00010952575348743832,-18340.5
6765.25,6766.25,6758.5,6764.0,0,25104.0,25107.5,25073.0,25105.0,0,55.039718680433324,6767.0125,3.695491500366188e-05,59.53308379116323,25089.175,-5.974786401385934e-05,-18338.75
6769.5,6769.5,6763.75,6765.5,4956,25124.25,25125.0,25096.75,25103.75,9194,58.04967912195601,6767.1625,0.0006282103396031413,62.26122642664392,25092.5125,0.0008066443594645367,-18354.75
6773.25,6775.25,6767.0,6769.25,7726,25146.25,25157.0,25115.75,25124.25,15609,60.55873114996238,6767.45,0.0005539552404165704,65.02031235571887,25096.675,0.0008756480292944069,-18373.0
6777.75,6777.75,6771.5,6773.0,5754,25160.75,25161.75,25137.5,25146.75,12037,63.38854155415456,6767.8875,0.0006643782526851716,66.7459590202796,25101.3375,0.0005766267336084763,-18383.0
6776.5,6777.75,6773.5,6777.75,4658,25157.75,25164.25,25146.0,25161.0,9156,62.056625662647015,6768.2875,-0.0001844269853564784,66.020268960361,25105.775,-0.00011923332969010492,-18381.25
6780.25,6780.75,6776.25,6776.5,3896,25171.5,25174.75,25155.25,25158.0,6516,64.46866041339479,6769.0125,0.0005533830148307661,67.7509205512956,25111.2125,0.000546551261539685,-18391.25
6781.5,6781.5,6779.25,6781.0,2976,25174.25,25175.75,25166.5,25175.0,5416,65.26138715935693,6769.7,0.00018435898381330418,68.10085239598324,25116.0875,0.00010925054128674283,-18392.75
6780.25,6784.5,6780.25,6781.0,5429,25171.0,25192.25,25171.0,25173.5,10515,63.73015311930587,6770.0125,-0.00018432500184328848,67.17317416562501,25118.95,-0.00012910017180256528,-18390.75
6783.0,6785.0,6777.0,6780.25,6833,25183.5,25191.75,25155.75,25171.0,14667,65.64019682960438,6770.6375,0.0004055897643893136,68.92643768706778,25123.3375,0.0004966032338802329,-18400.5
6784.25,6786.25,6782.0,6783.25,6593,25181.75,25194.0,25172.25,25183.5,13174,66.50368543839869,6771.2375,0.00018428424001171173,68.37584085897244,25126.875,-6.948994381239526e-05,-18397.5
6784.5,6785.25,6782.5,6784.0,4725,25182.5,25186.0,25173.0,25181.5,10110,66.68401762473432,6771.5875,3.6850057117510104e-05,68.49200618650025,25128.5625,2.978347414295257e-05,-18398.0
6787.25,6787.5,6782.5,6784.5,5911,25192.5,25193.0,25171.5,25183.0,8835,68.68137715927995,6771.9875,0.0004053356916500217,70.07062958496843,25130.0875,0.00039710116152091857,-18405.25
6780.25,6787.5,6779.75,6787.25,7834,25162.5,25197.0,25157.5,25192.5,14409,58.9871907512426,6772.575,-0.0010313455375888791,60.30854486997139,25135.0375,-0.0011908306043465489,-18382.25
6773.75,6782.25,6772.0,6780.0,15790,25137.0,25171.0,25128.75,25162.25,32873,51.69113064268784,6773.775,-0.0009586667158291151,53.48733904611597,25140.7875,-0.001013412816691539,-18363.25
6770.5,6776.75,6766.25,6774.0,21455,25119.75,25148.0,25103.25,25137.25,35795,48.46338626275422,6774.4125,-0.0004797933198007476,49.415599629047676,25142.8875,-0.0006862394080439094,-18349.25
6780.75,6788.5,6768.0,6770.5,110021,25106.75,25171.0,25100.0,25120.0,171691,57.48099491112657,6775.525,0.0015139206853260756,46.54021276537637,25144.3625,-0.0005175210740552272,-18326.0
6793.75,6795.75,6772.0,6780.25,151476,25116.5,25128.5,25051.0,25106.5,235726,65.68252679740581,6777.0625,0.001917192051026806,48.93992734382444,25145.9,0.00038834178059676816,-18322.75
6798.0,6799.0,6786.0,6794.0,92519,25145.25,25152.0,25099.75,25116.5,127339,67.86486602821313,6778.575,0.0006255749770009977,55.31020860884573,25147.575,0.001144665857105931,-18347.25
6795.5,6800.0,6793.25,6798.0,51067,25118.0,25156.0,25108.25,25144.75,75162,65.23680525806513,6780.0375,-0.00036775522212417755,49.062252069051574,25148.0625,-0.0010837036816098156,-18322.5
6764.5,6795.25,6754.0,6795.25,224441,24973.75,25118.0,24923.0,25118.0,274945,43.000241685228886,6780.0125,-0.0045618423957030085,29.84373491148341,25141.475,-0.005742893542479477,-18209.25
6771.5,6779.75,6755.0,6764.5,142723,25009.0,25044.75,24926.0,24973.75,165471,47.36324112069636,6780.325,0.001034814103037851,36.40001354665182,25136.725,0.0014114820561590413,-18237.5
6765.0,6775.5,6760.75,6771.5,104138,24996.25,25030.0,24979.5,25008.75,100298,43.99563181094847,6780.1,-0.0009599054862290402,35.12151587649035,25130.325,-0.0005098164660721771,-18231.25
6764.0,6766.75,6760.0,6765.0,23352,24992.0,25006.75,24973.25,24996.5,26193,43.48339001787329,6779.6375,-0.00014781966001475855,34.684201728576866,25122.6125,-0.00017002550382561044,-18228.0
6776.5,6777.5,6764.0,6770.75,17491,25053.25,25059.0,24992.0,25022.25,20523,51.141174955677485,6779.575,0.001848018923713779,45.262321834191596,25117.2375,0.0024507842509602362,-18276.75
6778.25,6783.5,6776.25,6776.5,13643,25066.75,25087.25,25052.5,25053.0,18419,52.11931300615733,6779.6625,0.00025824540692087616,47.28863639307078,25112.6875,0.0005388522447187238,-18288.5
6777.75,6779.5,6774.75,6778.5,9475,25064.0,25075.0,25050.75,25067.5,18180,51.80022869514297,6779.5375,-7.376535241399029e-05,46.90770367574091,25107.3125,-0.00010970708209079305,-18286.25
6779.75,6780.0,6775.75,6777.75,6200,25076.5,25078.0,25055.75,25064.0,9883,53.03871557396019,6779.45,0.00029508317657045424,48.921839413694386,25102.425,0.0004987232684328102,-18296.75
6781.75,6782.0,6778.75,6779.75,4315,25081.25,25083.0,25073.0,25076.0,6286,54.303209688631895,6779.525,0.0002949961281757396,49.702694114292086,25097.9375,0.00018942037365654585,-18299.5
6783.75,6785.5,6781.5,6781.5,5408,25091.25,25098.75,25081.25,25081.5,8818,55.59096360348941,6779.5625,0.0002949091311239549,51.387590509577265,25093.325,0.00039870421131316114,-18307.5
6786.0,6787.5,6779.25,6783.25,6824,25101.0,25109.25,25068.0,25089.0,13108,57.05710451267418,6779.65,0.0003316749585406953,53.039368612007394,25089.2875,0.00038858167687938483,-18315.0
6782.5,6786.25,6781.25,6785.75,4395,25088.25,25102.75,25080.25,25101.25,8700,54.06686640886452,6779.55,-0.0005157677571470121,50.61726091667033,25084.575,-0.0005079478905223311,-18305.75
6784.5,6785.75,6780.5,6782.75,7682,25101.25,25107.5,25081.25,25088.75,11228,55.501970674168355,6779.4125,0.0002948765204571213,52.975237902232955,25080.0125,0.0005181708568753329,-18316.75
6778.25,6785.0,6771.75,6784.5,18373,25080.75,25105.25,25045.0,25101.0,28650,50.22139954197263,6779.3125,-0.0009212174810229179,49.001756142176525,25075.925,-0.0008166923957970695,-18302.5
6782.5,6784.75,6778.0,6778.25,10900,25106.75,25115.5,25078.25,25081.25,20811,53.4637326812149,6779.75,0.000627005495518862,53.740897677463,25074.4125,0.0010366516152826577,-18324.25
6788.75,6789.0,6782.0,6782.75,7803,25134.25,25139.75,25104.0,25107.25,14493,57.815299838294216,6780.6625,0.0009214891264281988,58.16871498029285,25075.1375,0.001095322970914303,-18345.5
6789.5,6793.75,6786.75,6788.5,12028,25170.75,25184.75,25124.5,25134.5,23661,58.31898408719657,6781.1,0.00011047689191667764,63.20312194692263,25078.3375,0.0014522016769944468,-18381.25
6788.0,6790.0,6781.5,6789.75,16371,25184.5,25185.75,25128.5,25170.75,32563,56.85680511286991,6780.8125,-0.00022092937624274,64.91609133764233,25081.7375,0.0005462689828472644,-18396.5
6782.5,6794.25,6782.25,6788.25,22083,25190.75,25241.5,25178.75,25184.75,48549,51.734913051309206,6780.0375,-0.0008102533883324048,65.6977607244412,25084.0125,0.0002481685163493452,-18408.25
6772.25,6790.25,6771.0,6782.5,132339,25155.5,25221.75,25117.0,25191.0,200199,43.813513637316355,6778.875,-0.0015112421673424414,57.866905769945234,25085.8875,-0.0013993231642567272,-18383.25
6780.0,6781.0,6766.25,6772.25,145304,25152.75,25184.5,25110.25,25156.0,192021,50.04204124756565,6779.65,0.0011443759459559555,57.29315980584633,25094.8375,-0.0001093200294169927,-18372.75
6790.5,6791.75,6778.75,6779.75,87959,25207.75,25216.5,25143.0,25152.0,106313,56.9974134908901,6780.6,0.0015486725663715895,64.80840298126734,25104.775,0.0021866396318495074,-18417.25
6789.5,6791.25,6785.25,6790.5,58513,25202.5,25211.5,25182.25,25208.0,65721,56.194980816683035,6781.825,-0.0001472645607834,63.65688095224185,25115.0875,-0.0002082692822643617,-18413.0
6795.0,6796.0,6785.75,6789.75,68086,25227.5,25232.0,25183.25,25202.25,76729,59.56661845378682,6783.375,0.0008100743795567134,66.6918664288421,25126.8625,0.0009919650828291715,-18432.5
6793.5,6797.5,6792.25,6795.25,47581,25238.5,25253.0,25218.5,25227.75,68851,58.2498035411346,6784.225,-0.00022075055187642523,67.95971714913323,25136.125,0.0004360321078189511,-18445.0
6788.5,6793.75,6788.0,6793.5,87760,25184.25,25239.25,25180.25,25238.5,101344,53.96713392027534,6784.7375,-0.0007359976448075845,56.531027398441445,25142.0,-0.0021494938288725285,-18395.75
6790.25,6791.25,6787.0,6788.5,22856,25184.0,25190.0,25174.25,25184.25,29011,55.20841258206002,6785.3625,0.0002577889077115536,56.483886874549086,25148.0,-9.926839195095738e-06,-18393.75
6783.0,6783.75,6774.0,6778.25,7318,25172.25,25173.75,25128.0,25148.5,14225,49.2797783031158,6785.525,-0.0010677073745444243,54.19639041665701,25152.7875,-0.00046656607369754965,-18389.25
6786.25,6786.75,6782.25,6783.0,6371,25189.25,25192.25,25168.5,25173.0,15755,51.77960664371248,6785.75,0.00047913902403062814,56.91506387463397,25158.1875,0.0006753468601337076,-18403.0
6785.5,6789.5,6784.25,6786.25,8038,25174.0,25195.75,25172.0,25189.5,17595,51.15304597482455,6785.8375,-0.00011051759071656342,53.82850028448906,25162.325,-0.0006054169933602527,-18388.5
6791.5,6791.5,6784.75,6785.5,8052,25211.25,25211.75,25170.0,25174.25,19772,55.76461645113136,6786.1125,0.0008842384496352551,59.59281534822542,25167.8375,0.0014797012790974673,-18419.75
6798.75,6799.5,6788.5,6791.5,18219,25253.75,25257.5,25196.0,25211.25,35124,60.604445480817475,6786.925,0.001067510859162235,64.9668477631889,25176.1125,0.0016857553671476566,-18455.0
6794.25,6802.75,6792.5,6798.75,112449,25241.75,25274.75,25217.0,25253.75,174448,56.47425639503847,6787.4125,-0.0006618863761720384,62.44166305776614,25183.1375,-0.00047517695391774417,-18447.5
6780.25,6795.25,6777.0,6794.0,162436,25186.25,25257.25,25174.5,25242.0,219965,45.97640013557842,6787.5125,-0.002060565919711488,52.31387379598667,25188.4125,-0.0021987382015906665,-18406.0
6753.25,6782.25,6747.25,6780.5,303465,25029.5,25191.5,24985.25,25186.5,368787,33.17023578285824,6786.05,-0.003982154050366837,35.031639000876226,25184.55,-0.006223633927242012,-18276.25
6754.25,6766.25,6747.25,6753.25,152773,25024.75,25092.0,24998.0,25029.75,179649,33.904541059612455,6784.325,0.00014807685188622521,34.65799569346707,25179.075,-0.0001897760642441959,-18270.5
6753.75,6764.75,6752.5,6754.5,88473,25015.75,25064.75,25013.25,25024.5,103419,33.705126269210055,6782.5375,-7.402746418916362e-05,33.91977985460079,25171.325,-0.00035964395248699876,-18262.0
